{"type":"FeatureCollection", "features": [
{"type":"Feature","geometry":{"type":"Polygon","coordinates":[[[80.8528527,19.3638999],[80.8470331,19.3560111],[80.8369688,19.3505712],[80.830357,19.3481838],[80.8093512,19.3353],[80.8049937,19.3268732],[80.7988311,19.3266167],[80.7956724,19.3234044],[80.7909933,19.3237115],[80.7742124,19.3135782],[80.7730014,19.3098897],[80.7630401,19.2971941],[80.7594903,19.2912495],[80.7509574,19.2877586],[80.7451547,19.2884091],[80.7383164,19.285456],[80.7265632,19.2871761],[80.7172025,19.2849439],[80.7094469,19.2818263],[80.6896992,19.2869752],[80.6886489,19.2951722],[80.6896385,19.3025363],[80.6932728,19.3144088],[80.6919703,19.3186746],[80.6826687,19.3293332],[80.67313,19.3300127],[80.6638925,19.3254657],[80.6530725,19.3221042],[80.6487812,19.3167014],[80.6364936,19.3133303],[80.6324254,19.3077431],[80.6232909,19.3057242],[80.6125435,19.309518],[80.6078944,19.3182308],[80.6076557,19.3261264],[80.5979518,19.3390888],[80.5900311,19.351771],[80.5907102,19.3586549],[80.588385,19.370841],[80.5917965,19.3759141],[80.5886256,19.380864],[80.584244,19.3918121],[80.5783962,19.4010116],[80.5730737,19.40246],[80.5624785,19.3991007],[80.5493177,19.3862858],[80.5441734,19.3838761],[80.5384268,19.3777893],[80.5288876,19.3631001],[80.5203309,19.3477696],[80.5068105,19.3424178],[80.4957445,19.3432316],[80.4855737,19.3407809],[80.4770492,19.3299227],[80.4703485,19.3117548],[80.4630302,19.3009178],[80.4573626,19.2883408],[80.4556734,19.2778126],[80.4536924,19.2731068],[80.4460256,19.2641709],[80.4376998,19.2578683],[80.4298699,19.2540766],[80.4191585,19.2509809],[80.4045575,19.2488115],[80.39359,19.2450096],[80.3863128,19.2330041],[80.3861697,19.2265313],[80.3839341,19.2150222],[80.3868579,19.2087299],[80.3917974,19.202627],[80.3946017,19.1954042],[80.3943442,19.1889584],[80.3892138,19.1816459],[80.383081,19.1779062],[80.3687152,19.1713296],[80.3585716,19.1650052],[80.3478866,19.1601165],[80.3477833,19.1523608],[80.3398517,19.1457647],[80.3335969,19.146066],[80.3273783,19.1355037],[80.3312346,19.1279477],[80.3306806,19.12049],[80.3359003,19.1125367],[80.339619,19.100111],[80.3280739,19.0952979],[80.3311439,19.0813496],[80.328925,19.0759109],[80.3294587,19.0699079],[80.3199586,19.0658806],[80.3072642,19.0558531],[80.3002827,19.0523949],[80.2965085,19.0477227],[80.3003037,19.0372537],[80.3029647,19.0347117],[80.3051621,19.0273497],[80.3031268,19.0221633],[80.2909039,19.0086702],[80.2738209,18.9944353],[80.2729116,18.9824375],[80.2743096,18.9711861],[80.2722904,18.9577512],[80.2693944,18.9501744],[80.2702506,18.9398759],[80.2741146,18.9320996],[80.2856216,18.9218697],[80.2917654,18.9181956],[80.3000559,18.9108407],[80.3023219,18.9061212],[80.3178813,18.8869242],[80.3224853,18.8843102],[80.3355819,18.8680788],[80.3431763,18.8550979],[80.3489137,18.848287],[80.3522359,18.8399352],[80.3543107,18.8264562],[80.3503512,18.814842],[80.3431176,18.8131335],[80.3229954,18.7989677],[80.314486,18.799995],[80.307002,18.7982398],[80.2965041,18.7912386],[80.2883252,18.7769201],[80.2886158,18.7743499],[80.2747162,18.765557],[80.2614162,18.7702022],[80.2567073,18.7699825],[80.2476967,18.7641968],[80.2444275,18.7579006],[80.2463398,18.7546988],[80.2548355,18.7477884],[80.2597374,18.7423211],[80.2700415,18.725609],[80.2762216,18.7211719],[80.280797,18.7202798],[80.2864859,18.7114334],[80.3007162,18.6921419],[80.3060195,18.6824951],[80.3077811,18.6744867],[80.3142373,18.6585068],[80.3140398,18.6543826],[80.3188825,18.641799],[80.3272479,18.6357211],[80.331017,18.6282098],[80.3342046,18.6133848],[80.3446499,18.5972014],[80.3481229,18.5941392],[80.3556315,18.594637],[80.3621452,18.5991458],[80.3634666,18.6041419],[80.3675598,18.6081986],[80.3751592,18.6106562],[80.3782719,18.6089079],[80.3884524,18.5966566],[80.3939483,18.6004146],[80.3958533,18.6049316],[80.4091435,18.6097947],[80.4200027,18.6103977],[80.4230126,18.6151311],[80.4279158,18.6129976],[80.431622,18.61666],[80.442124,18.6232382],[80.4525882,18.6281896],[80.4581608,18.6289099],[80.4649056,18.6239785],[80.4778184,18.6260679],[80.4789667,18.6286014],[80.4874358,18.6310946],[80.4907707,18.6298593],[80.5016037,18.6215722],[80.5146607,18.6193325],[80.518832,18.6143079],[80.5197752,18.6080325],[80.5281347,18.6026629],[80.535326,18.5904765],[80.538562,18.58812],[80.5555683,18.5802731],[80.5669852,18.5715768],[80.5714142,18.5646773],[80.5909633,18.5579031],[80.599912,18.5530371],[80.6078078,18.5461726],[80.6126757,18.5394902],[80.618499,18.5276707],[80.6227648,18.5285629],[80.6291875,18.5227958],[80.6375692,18.5225293],[80.6408941,18.5112514],[80.6368495,18.5070169],[80.6386316,18.5019612],[80.6457182,18.4915845],[80.651298,18.4858983],[80.6564631,18.4748091],[80.6695196,18.4675575],[80.6739575,18.4660715],[80.6787321,18.460769],[80.6861747,18.4581331],[80.6880623,18.4473594],[80.6931263,18.4451711],[80.7017186,18.4445897],[80.7049762,18.4395336],[80.6982434,18.4375563],[80.6964438,18.4239174],[80.6989528,18.4214304],[80.7182724,18.4097289],[80.7228632,18.4151795],[80.7348736,18.4128405],[80.7325591,18.4019349],[80.7295179,18.3983499],[80.7196676,18.3911252],[80.7227636,18.3845585],[80.7280763,18.380618],[80.7300428,18.3752245],[80.7268992,18.3691255],[80.732161,18.3535124],[80.7440261,18.3379698],[80.7476536,18.3299623],[80.7477752,18.3164571],[80.7493686,18.307654],[80.7577238,18.3019079],[80.7568319,18.2950611],[80.7618628,18.2882324],[80.7691433,18.2876317],[80.775479,18.2782047],[80.780953,18.2657351],[80.7881989,18.2646485],[80.7941518,18.2596287],[80.7940442,18.2517206],[80.7845515,18.2452268],[80.7767755,18.2428469],[80.7656551,18.2363719],[80.7372023,18.2220929],[80.7375188,18.1825465],[80.7369031,18.1771646],[80.7449779,18.1703255],[80.7600316,18.1676309],[80.7754429,18.166736],[80.7906258,18.168374],[80.7991133,18.1681698],[80.8149872,18.1822111],[80.8174709,18.1891055],[80.8240683,18.1910363],[80.8238495,18.2121058],[80.8226779,18.2256984],[80.8235919,18.2360753],[80.8320396,18.2386613],[80.8371407,18.2388024],[80.8434296,18.2324385],[80.8605196,18.2319933],[80.8659373,18.2301279],[80.86954,18.217696],[80.872608,18.2105765],[80.871946,18.2053342],[80.8639062,18.2026526],[80.853616,18.2036366],[80.8529643,18.1992998],[80.8585428,18.1864525],[80.8573581,18.1707046],[80.8604024,18.1613942],[80.8601625,18.1478643],[80.864869,18.1422043],[80.8666696,18.1369234],[80.8818081,18.1355546],[80.9001315,18.1371206],[80.9141702,18.1411705],[80.9210459,18.1442859],[80.941638,18.1566171],[80.9423577,18.1603844],[80.9516213,18.1636562],[80.9576558,18.1735469],[80.9790275,18.1754113],[80.9787953,18.16511],[81.0050524,18.1698041],[81.0094062,18.1677197],[81.0075051,18.1628487],[81.0104743,18.1605692],[81.0189515,18.1612019],[81.0244449,18.1572657],[81.0336789,18.1563351],[81.0347535,18.1619282],[81.0517291,18.1701753],[81.0578821,18.1702408],[81.0644201,18.1775974],[81.0656286,18.1819165],[81.073888,18.1880988],[81.0761176,18.1923306],[81.0685536,18.1980131],[81.0681741,18.216905],[81.0738736,18.2217539],[81.0737419,18.2311268],[81.0660316,18.2351051],[81.0664754,18.2405129],[81.0606426,18.2495943],[81.054144,18.2526699],[81.0445118,18.2551733],[81.0520529,18.2671114],[81.0531234,18.2739241],[81.0574286,18.2809005],[81.0580527,18.2935359],[81.0646539,18.2954129],[81.0624329,18.303688],[81.0580386,18.3055252],[81.0593552,18.3135485],[81.0540036,18.3191979],[81.047981,18.3224888],[81.0476798,18.3296894],[81.0447847,18.3304426],[81.0404464,18.3417117],[81.0291833,18.3414217],[81.0255572,18.3377653],[81.0155754,18.3388395],[81.003622,18.345378],[80.993706,18.3482663],[80.9904504,18.3468408],[80.9804599,18.3476913],[80.9676126,18.3585172],[80.9661854,18.3615807],[80.9577536,18.368975],[80.9513937,18.3663711],[80.9451325,18.3617433],[80.9331966,18.362949],[80.9317944,18.3715008],[80.9269644,18.3736343],[80.9228212,18.3790066],[80.9175972,18.3774584],[80.9114891,18.3781463],[80.9172729,18.3861997],[80.923833,18.393209],[80.9306703,18.392394],[80.9354179,18.3966208],[80.9372698,18.4016435],[80.9437423,18.3989715],[80.9545146,18.4039273],[80.9610508,18.4154618],[80.9668483,18.4159741],[80.9712133,18.4189353],[80.977025,18.419113],[80.9822391,18.424829],[80.9999438,18.4411439],[81.0049212,18.4505386],[81.008886,18.453405],[81.0193251,18.4660145],[81.0208362,18.4722402],[81.0208876,18.4813743],[81.0227961,18.4882687],[81.0331932,18.4968389],[81.0253247,18.5205035],[81.030163,18.5311849],[81.0358014,18.5346886],[81.0491287,18.5325395],[81.0546498,18.5345293],[81.0591849,18.5387365],[81.066567,18.5413534],[81.0760892,18.5486345],[81.0904254,18.5486241],[81.1111465,18.5425238],[81.1184824,18.5419822],[81.1439657,18.5340398],[81.1574336,18.5314405],[81.1708099,18.5421031],[81.1678712,18.5514546],[81.1827726,18.5410743],[81.1954495,18.5496845],[81.1947154,18.5613123],[81.1993592,18.5878947],[81.196297,18.5944414],[81.1928299,18.5962406],[81.1762909,18.5940641],[81.1668717,18.5890612],[81.1571724,18.5775306],[81.1464373,18.5685969],[81.146831,18.5728973],[81.1523143,18.5893033],[81.1493216,18.5984603],[81.153354,18.6030357],[81.1621248,18.6099546],[81.1639415,18.6187313],[81.1620109,18.6303411],[81.1640637,18.6349437],[81.1682287,18.6345724],[81.1787679,18.6520469],[81.1721916,18.6571442],[81.1696007,18.6623036],[81.1635636,18.6655347],[81.1606377,18.680126],[81.161636,18.6935691],[81.1746896,18.7069009],[81.1885215,18.7297268],[81.1914353,18.7368403],[81.1958696,18.7395581],[81.1979928,18.7481354],[81.1983729,18.7718233],[81.1957633,18.7800049],[81.1949335,18.7917499],[81.1896057,18.80005],[81.187966,18.8164839],[81.1915445,18.8213522],[81.197087,18.825542],[81.2020331,18.8321487],[81.205534,18.8416332],[81.2044375,18.8504828],[81.2104918,18.8603726],[81.2139315,18.8688813],[81.2146874,18.880341],[81.2144598,18.8983509],[81.2176564,18.9032504],[81.2210837,18.9043282],[81.2250975,18.9101667],[81.2237588,18.9176659],[81.221032,18.9218592],[81.2122774,18.9179562],[81.2031942,18.9211359],[81.1955267,18.9165676],[81.1871769,18.9140546],[81.1698023,18.9207223],[81.1704738,18.9289523],[81.172948,18.9328591],[81.1864114,18.9364191],[81.1903177,18.9354555],[81.2006342,18.9384329],[81.2114984,18.9352074],[81.2190012,18.9316849],[81.2161547,18.9432547],[81.2168956,18.9523472],[81.224268,18.9599051],[81.2329304,18.9641508],[81.2364936,18.9678526],[81.2170208,18.9814689],[81.2144658,18.980621],[81.2047771,18.9855264],[81.2033473,18.9946019],[81.204266,18.9991411],[81.2114425,19.0095315],[81.2199831,19.0129107],[81.2207325,19.0195548],[81.2124206,19.0182084],[81.2118826,19.0247494],[81.2144108,19.0275623],[81.2144282,19.0334389],[81.2256896,19.0489312],[81.225782,19.0524635],[81.2194979,19.0615867],[81.2176807,19.0742128],[81.2117508,19.0815378],[81.2090855,19.0910926],[81.2117537,19.0961189],[81.2114402,19.114711],[81.2091334,19.1243746],[81.2755735,19.1341279],[81.2951514,19.1725644],[81.283479,19.1847049],[81.287158,19.2165985],[81.2919645,19.2175486],[81.3122196,19.1949898],[81.3114855,19.1875862],[81.3051478,19.1886093],[81.299655,19.1926995],[81.296625,19.1858415],[81.3020811,19.1677802],[81.3145898,19.1615874],[81.3156048,19.1548078],[81.3181108,19.1512807],[81.3280881,19.1493231],[81.3416067,19.1434268],[81.3487867,19.1532886],[81.3583018,19.1604853],[81.3635013,19.1699443],[81.3708454,19.178292],[81.3845882,19.1690138],[81.3885339,19.1721213],[81.402477,19.1754488],[81.4173796,19.17377],[81.4276346,19.1630801],[81.4403369,19.1542453],[81.4452924,19.1493877],[81.4565394,19.1425713],[81.4631474,19.1367504],[81.4691877,19.1443405],[81.4787148,19.1406313],[81.490652,19.1381399],[81.5006104,19.1401826],[81.4952102,19.1450705],[81.4907264,19.1561175],[81.4976105,19.1645101],[81.497603,19.1800034],[81.5004112,19.1840877],[81.4988993,19.1905324],[81.5021176,19.2038822],[81.4946508,19.206231],[81.4777098,19.213491],[81.4686601,19.2112238],[81.4634132,19.2068676],[81.4539681,19.1919613],[81.4504675,19.1889906],[81.4414389,19.1876752],[81.4190157,19.1945343],[81.4019091,19.1911634],[81.3986341,19.1955092],[81.400294,19.1993348],[81.3950882,19.2021496],[81.3930729,19.2076967],[81.3838156,19.2089396],[81.3775394,19.2130863],[81.3694418,19.2161533],[81.3505297,19.229373],[81.354514,19.2342248],[81.3539418,19.2471071],[81.3631869,19.2501478],[81.3666554,19.2564146],[81.3602177,19.2625605],[81.3608042,19.2720193],[81.3572683,19.2784345],[81.3567493,19.2920686],[81.3690232,19.2996083],[81.3746524,19.2990017],[81.3776174,19.3057854],[81.3725409,19.3124772],[81.3646525,19.3153633],[81.361712,19.3215068],[81.3581255,19.3233197],[81.3539315,19.3208631],[81.3485103,19.3212681],[81.3433004,19.3189338],[81.3367624,19.3261238],[81.3304709,19.3257321],[81.3270946,19.3285388],[81.3170931,19.3307321],[81.3095326,19.3348815],[81.3031958,19.3342311],[81.2977784,19.3362649],[81.2857451,19.3350381],[81.2820244,19.3316236],[81.2741414,19.3293203],[81.2713711,19.3234693],[81.2640043,19.3253396],[81.259557,19.3232184],[81.2565142,19.3266042],[81.2479618,19.3221499],[81.2313301,19.3206968],[81.231458,19.3141176],[81.2233911,19.2888286],[81.194505,19.2883902],[81.190355,19.2771243],[81.1850815,19.274149],[81.1676925,19.2713441],[81.1652499,19.2732788],[81.1612344,19.2825256],[81.161057,19.2953477],[81.1538933,19.2987742],[81.1411596,19.29891],[81.1414676,19.2778073],[81.1456016,19.2597067],[81.1380676,19.2562218],[81.1292822,19.2567787],[81.1279629,19.2590748],[81.1190784,19.2617316],[81.1157532,19.2642794],[81.1128167,19.2727892],[81.1095494,19.275281],[81.104733,19.2747784],[81.097054,19.2773444],[81.0896021,19.2751711],[81.0845513,19.2694107],[81.0804138,19.2707477],[81.0772792,19.275158],[81.070409,19.2701354],[81.0719399,19.2499131],[81.0764154,19.2330616],[81.0662013,19.2316673],[81.0643096,19.2290198],[81.0502678,19.2278267],[81.0454927,19.2293424],[81.0355403,19.2285519],[81.0327311,19.2351137],[81.023793,19.2393729],[81.0172155,19.2327247],[81.0027191,19.2353536],[80.9984977,19.2335168],[80.9643796,19.2340322],[80.9552241,19.2362707],[80.950747,19.2515543],[80.9567681,19.2918332],[80.9523125,19.3103869],[80.9409188,19.3213569],[80.9272214,19.3312509],[80.9066379,19.341186],[80.8757393,19.353359],[80.8528527,19.3638999]]]},"properties":{"OBJECTID":63,"dtname":"Bijapur","stname":"CHHATTISGARH","stcode11":"22","dtcode11":"417","year_stat":"2011_c","dist_lgd":636,"state_lgd":22,"remarks":" ","Dist":"Bijapur","InPoly_FID":831,"SimPgnFlag":0,"MaxSimpTol":100,"MinSimpTol":100,"SHAPE_Length":744282.405601991,"SHAPE_Area":10412738146.329906}},
{"type":"Feature","geometry":{"type":"Polygon","coordinates":[[[81.4631474,19.1367504],[81.4565394,19.1425713],[81.4452924,19.1493877],[81.4403369,19.1542453],[81.4276346,19.1630801],[81.4173796,19.17377],[81.402477,19.1754488],[81.3885339,19.1721213],[81.3845882,19.1690138],[81.3708454,19.178292],[81.3635013,19.1699443],[81.3583018,19.1604853],[81.3487867,19.1532886],[81.3416067,19.1434268],[81.3280881,19.1493231],[81.3181108,19.1512807],[81.3156048,19.1548078],[81.3145898,19.1615874],[81.3020811,19.1677802],[81.296625,19.1858415],[81.299655,19.1926995],[81.3051478,19.1886093],[81.3114855,19.1875862],[81.3122196,19.1949898],[81.2919645,19.2175486],[81.287158,19.2165985],[81.283479,19.1847049],[81.2951514,19.1725644],[81.2755735,19.1341279],[81.2091334,19.1243746],[81.2114402,19.114711],[81.2117537,19.0961189],[81.2090855,19.0910926],[81.2117508,19.0815378],[81.2176807,19.0742128],[81.2194979,19.0615867],[81.225782,19.0524635],[81.2256896,19.0489312],[81.2144282,19.0334389],[81.2144108,19.0275623],[81.2118826,19.0247494],[81.2124206,19.0182084],[81.2207325,19.0195548],[81.2199831,19.0129107],[81.2114425,19.0095315],[81.204266,18.9991411],[81.2033473,18.9946019],[81.2047771,18.9855264],[81.2144658,18.980621],[81.2170208,18.9814689],[81.2364936,18.9678526],[81.2329304,18.9641508],[81.224268,18.9599051],[81.2168956,18.9523472],[81.2161547,18.9432547],[81.2190012,18.9316849],[81.2114984,18.9352074],[81.2006342,18.9384329],[81.1903177,18.9354555],[81.1864114,18.9364191],[81.172948,18.9328591],[81.1704738,18.9289523],[81.1698023,18.9207223],[81.1871769,18.9140546],[81.1955267,18.9165676],[81.2031942,18.9211359],[81.2122774,18.9179562],[81.221032,18.9218592],[81.2237588,18.9176659],[81.2250975,18.9101667],[81.2210837,18.9043282],[81.2176564,18.9032504],[81.2144598,18.8983509],[81.2146874,18.880341],[81.2139315,18.8688813],[81.2104918,18.8603726],[81.2044375,18.8504828],[81.205534,18.8416332],[81.2020331,18.8321487],[81.197087,18.825542],[81.1915445,18.8213522],[81.187966,18.8164839],[81.1896057,18.80005],[81.1949335,18.7917499],[81.1957633,18.7800049],[81.1983729,18.7718233],[81.1979928,18.7481354],[81.1958696,18.7395581],[81.1914353,18.7368403],[81.1885215,18.7297268],[81.1746896,18.7069009],[81.161636,18.6935691],[81.1606377,18.680126],[81.1635636,18.6655347],[81.1696007,18.6623036],[81.1721916,18.6571442],[81.1787679,18.6520469],[81.1682287,18.6345724],[81.1640637,18.6349437],[81.1620109,18.6303411],[81.1639415,18.6187313],[81.1621248,18.6099546],[81.153354,18.6030357],[81.1493216,18.5984603],[81.1523143,18.5893033],[81.146831,18.5728973],[81.1464373,18.5685969],[81.1571724,18.5775306],[81.1668717,18.5890612],[81.1762909,18.5940641],[81.1928299,18.5962406],[81.196297,18.5944414],[81.1993592,18.5878947],[81.1947154,18.5613123],[81.1954495,18.5496845],[81.1827726,18.5410743],[81.2096628,18.521328],[81.2198688,18.5150711],[81.2225089,18.5278087],[81.2318692,18.5248944],[81.2416099,18.5246448],[81.2464436,18.5230064],[81.2555323,18.5237732],[81.2516486,18.5179208],[81.2511261,18.5136742],[81.2574861,18.5055832],[81.2587162,18.4974912],[81.2584679,18.4790657],[81.2686485,18.4781729],[81.2752665,18.4751925],[81.2687872,18.4690014],[81.2811808,18.4671553],[81.2877432,18.4571681],[81.2911292,18.4626296],[81.3007342,18.4556183],[81.3011615,18.4457052],[81.3066033,18.4373908],[81.3085163,18.4388507],[81.3197769,18.4368605],[81.3275697,18.4389966],[81.3297579,18.4313045],[81.3287459,18.4259671],[81.3335334,18.4177508],[81.3551823,18.4138408],[81.358966,18.4183298],[81.3702971,18.417216],[81.3846303,18.4092716],[81.4061253,18.3984072],[81.4097929,18.3926298],[81.4189305,18.3995071],[81.428057,18.40198],[81.4337793,18.4124923],[81.4294377,18.4211409],[81.4222082,18.4254117],[81.3935085,18.42081],[81.3858187,18.4225442],[81.3801118,18.4266872],[81.3735126,18.4278884],[81.3698495,18.4326822],[81.3733927,18.4389405],[81.379006,18.4531889],[81.3800025,18.4607305],[81.383101,18.4663372],[81.3813627,18.478968],[81.3757418,18.4830579],[81.3772072,18.4885823],[81.3835224,18.4904302],[81.3862802,18.4934995],[81.3941597,18.4936211],[81.3997346,18.4886729],[81.4006748,18.4850891],[81.4098118,18.4843232],[81.4176323,18.4797372],[81.4234248,18.4798153],[81.4297552,18.4846582],[81.4321708,18.4921292],[81.4372939,18.4962322],[81.4426185,18.4975069],[81.440861,18.5058427],[81.4366271,18.5032377],[81.4279688,18.5089818],[81.4261284,18.5142224],[81.4184476,18.5126568],[81.4140491,18.5147403],[81.4316756,18.5352761],[81.4414806,18.5404994],[81.4403894,18.5478313],[81.4376968,18.5537363],[81.4237583,18.5552764],[81.42062,18.5622067],[81.4191633,18.5703111],[81.4161324,18.572855],[81.418322,18.5773582],[81.4267426,18.5879265],[81.4343191,18.5927442],[81.4410067,18.5885409],[81.4399723,18.5842318],[81.4458686,18.5807514],[81.4466545,18.5909872],[81.4433128,18.5980399],[81.4466943,18.6066079],[81.4585663,18.6150503],[81.4806879,18.6226552],[81.4870285,18.6240157],[81.4977177,18.6219976],[81.4994649,18.6141546],[81.5217317,18.6044142],[81.5276725,18.6035071],[81.5435228,18.6064968],[81.5435396,18.6036261],[81.5486576,18.59522],[81.5524565,18.5834058],[81.5411593,18.5695371],[81.5483952,18.569474],[81.5537434,18.5603457],[81.5565773,18.5596854],[81.5709259,18.5759307],[81.5780621,18.5896992],[81.5798574,18.5994196],[81.5768699,18.6038095],[81.5669733,18.604752],[81.5483101,18.6125336],[81.5451152,18.6209596],[81.5456356,18.6306858],[81.5422499,18.632271],[81.5449222,18.64195],[81.5538376,18.646065],[81.5535783,18.6542203],[81.5563225,18.657692],[81.545418,18.6694221],[81.5422971,18.6769401],[81.5464267,18.6960786],[81.5540573,18.6936564],[81.5613089,18.7085833],[81.5692681,18.7123258],[81.5721648,18.7247444],[81.570415,18.7339603],[81.570691,18.7394537],[81.5824896,18.7394135],[81.5913868,18.7354235],[81.5978234,18.7342065],[81.6014439,18.7360289],[81.6108362,18.7486663],[81.6139923,18.7506908],[81.6207091,18.745584],[81.6294058,18.7336005],[81.6293905,18.726075],[81.6236538,18.7090908],[81.6572959,18.6995614],[81.6637837,18.6968376],[81.6609447,18.6854015],[81.6570052,18.6596779],[81.673702,18.659759],[81.681072,18.6657846],[81.6970247,18.6748008],[81.7055551,18.6774298],[81.7185002,18.6873168],[81.7280136,18.6763682],[81.7393206,18.6690566],[81.7602222,18.6608491],[81.7723022,18.6692491],[81.768091,18.6811362],[81.7581937,18.6888232],[81.7483101,18.6943268],[81.7362422,18.6958845],[81.7295161,18.6989717],[81.7483099,18.7127197],[81.7521613,18.7195133],[81.756291,18.7301822],[81.7568891,18.7385208],[81.7689209,18.7414732],[81.7728204,18.7459745],[81.7724578,18.7563118],[81.7766831,18.7640204],[81.7773277,18.7729783],[81.772023,18.7696238],[81.7599566,18.772711],[81.7667164,18.7845275],[81.761317,18.7949725],[81.7548453,18.7982254],[81.7576708,18.8069182],[81.7538487,18.8122686],[81.7460063,18.8166301],[81.7396654,18.8185223],[81.7273229,18.8270127],[81.720374,18.8285252],[81.7199639,18.8330561],[81.712319,18.8379836],[81.7091606,18.8309879],[81.7036783,18.8245082],[81.6919028,18.8212108],[81.6873213,18.8235161],[81.6809862,18.8169638],[81.6789583,18.809624],[81.6654618,18.8031678],[81.6556302,18.8085045],[81.6544924,18.81187],[81.6478194,18.8197127],[81.6418043,18.8183266],[81.6313301,18.8123421],[81.6270705,18.8135934],[81.6231714,18.8235041],[81.6112591,18.8311963],[81.6137116,18.8335319],[81.6203153,18.8339793],[81.6199213,18.8398742],[81.6107504,18.8449285],[81.6057585,18.8524039],[81.6021001,18.8544589],[81.5906583,18.8431597],[81.582194,18.8448384],[81.5796631,18.8531584],[81.5746076,18.8616629],[81.5733435,18.8677922],[81.5648642,18.867984],[81.5628925,18.8745783],[81.5568707,18.8750867],[81.556798,18.8790799],[81.5497213,18.8819726],[81.5450194,18.8905713],[81.5479454,18.8949361],[81.5516518,18.9061897],[81.5558829,18.9119416],[81.538319,18.917382],[81.5258278,18.9230718],[81.5154137,18.9159922],[81.5089276,18.9198052],[81.5071027,18.9297282],[81.5006734,18.9327369],[81.4922298,18.9390167],[81.4736981,18.9446528],[81.465672,18.9455557],[81.4632093,18.9495828],[81.4628528,18.9602678],[81.4577769,18.9658517],[81.4626048,18.9685066],[81.4670637,18.9683016],[81.4801423,18.9713244],[81.4839674,18.9734281],[81.476284,18.9781876],[81.4694928,18.9915029],[81.4681945,19.0008751],[81.4741195,19.0064416],[81.4800067,19.0039766],[81.4850304,19.0102162],[81.4892462,19.00833],[81.4930621,19.0118012],[81.503232,19.0122573],[81.5088045,19.0095597],[81.5237778,19.0181644],[81.5214996,19.0235429],[81.5230199,19.030622],[81.5293235,19.0372926],[81.5189664,19.0412846],[81.5026718,19.0445539],[81.4970156,19.0537938],[81.501581,19.0616367],[81.5161626,19.0654672],[81.5112337,19.0691457],[81.5061167,19.0696574],[81.5001465,19.0740982],[81.4903966,19.0854038],[81.4937118,19.0903975],[81.4918661,19.0941027],[81.493654,19.1026116],[81.4881604,19.1086363],[81.4888037,19.1111699],[81.484607,19.1172388],[81.479959,19.1164736],[81.4762123,19.1209386],[81.4729713,19.1288857],[81.4631474,19.1367504]],[[81.3740367,18.5250258],[81.3802308,18.5233834],[81.381059,18.5166596],[81.3885356,18.511767],[81.387167,18.5097614],[81.3770055,18.5058814],[81.3705661,18.5061479],[81.365646,18.5139175],[81.3740367,18.5250258]]]},"properties":{"OBJECTID":97,"dtname":"Dantewada","stname":"CHHATTISGARH","stcode11":"22","dtcode11":"416","year_stat":"2011_c","dist_lgd":376,"state_lgd":22,"remarks":" ","Dist":"Dantewada","InPoly_FID":865,"SimPgnFlag":0,"MaxSimpTol":100,"MinSimpTol":100,"SHAPE_Length":467570.68188181816,"SHAPE_Area":3134362402.20736}},
{"type":"Feature","geometry":{"type":"MultiPolygon","coordinates":[[[[81.3740367,18.5250258],[81.365646,18.5139175],[81.3705661,18.5061479],[81.3770055,18.5058814],[81.387167,18.5097614],[81.3885356,18.511767],[81.381059,18.5166596],[81.3802308,18.5233834],[81.3740367,18.5250258]]],[[[81.9680436,18.696371],[81.9640821,18.7002348],[81.9601988,18.7080063],[81.944796,18.7175124],[81.9427301,18.7202235],[81.9439892,18.7269176],[81.9420481,18.7338703],[81.9479446,18.7408561],[81.9564794,18.7529745],[81.9547718,18.7617702],[81.9449504,18.7714816],[81.9323082,18.7740472],[81.9204951,18.7746332],[81.9104665,18.7595525],[81.8976345,18.7579012],[81.892489,18.7539989],[81.8786762,18.7580697],[81.8724594,18.7637615],[81.86997,18.7596643],[81.866652,18.7464265],[81.8570359,18.7470267],[81.8492102,18.7551002],[81.8525002,18.7612034],[81.84589,18.7605837],[81.837306,18.7649593],[81.8292119,18.7622969],[81.8238582,18.750906],[81.8274059,18.7452779],[81.8100104,18.7418081],[81.8160246,18.7495932],[81.8149435,18.7608609],[81.820346,18.7718349],[81.8177183,18.7730853],[81.8124334,18.7652463],[81.8100979,18.7714703],[81.8024698,18.7773307],[81.7915753,18.769778],[81.7901041,18.7622563],[81.7849257,18.7625248],[81.7843376,18.7536708],[81.7830143,18.7543161],[81.7724578,18.7563118],[81.7728204,18.7459745],[81.7689209,18.7414732],[81.7568891,18.7385208],[81.756291,18.7301822],[81.7521613,18.7195133],[81.7483099,18.7127197],[81.7295161,18.6989717],[81.7362422,18.6958845],[81.7483101,18.6943268],[81.7581937,18.6888232],[81.768091,18.6811362],[81.7723022,18.6692491],[81.7602222,18.6608491],[81.7393206,18.6690566],[81.7280136,18.6763682],[81.7185002,18.6873168],[81.7055551,18.6774298],[81.6970247,18.6748008],[81.681072,18.6657846],[81.673702,18.659759],[81.6570052,18.6596779],[81.6609447,18.6854015],[81.6637837,18.6968376],[81.6572959,18.6995614],[81.6236538,18.7090908],[81.6293905,18.726075],[81.6294058,18.7336005],[81.6207091,18.745584],[81.6139923,18.7506908],[81.6108362,18.7486663],[81.6014439,18.7360289],[81.5978234,18.7342065],[81.5913868,18.7354235],[81.5824896,18.7394135],[81.570691,18.7394537],[81.570415,18.7339603],[81.5721648,18.7247444],[81.5692681,18.7123258],[81.5613089,18.7085833],[81.5540573,18.6936564],[81.5464267,18.6960786],[81.5422971,18.6769401],[81.545418,18.6694221],[81.5563225,18.657692],[81.5535783,18.6542203],[81.5538376,18.646065],[81.5449222,18.64195],[81.5422499,18.632271],[81.5456356,18.6306858],[81.5451152,18.6209596],[81.5483101,18.6125336],[81.5669733,18.604752],[81.5768699,18.6038095],[81.5798574,18.5994196],[81.5780621,18.5896992],[81.5709259,18.5759307],[81.5565773,18.5596854],[81.5537434,18.5603457],[81.5483952,18.569474],[81.5411593,18.5695371],[81.5524565,18.5834058],[81.5486576,18.59522],[81.5435396,18.6036261],[81.5435228,18.6064968],[81.5276725,18.6035071],[81.5217317,18.6044142],[81.4994649,18.6141546],[81.4977177,18.6219976],[81.4870285,18.6240157],[81.4806879,18.6226552],[81.4585663,18.6150503],[81.4466943,18.6066079],[81.4433128,18.5980399],[81.4466545,18.5909872],[81.4458686,18.5807514],[81.4399723,18.5842318],[81.4410067,18.5885409],[81.4343191,18.5927442],[81.4267426,18.5879265],[81.418322,18.5773582],[81.4161324,18.572855],[81.4191633,18.5703111],[81.42062,18.5622067],[81.4237583,18.5552764],[81.4376968,18.5537363],[81.4403894,18.5478313],[81.4414806,18.5404994],[81.4316756,18.5352761],[81.4140491,18.5147403],[81.4184476,18.5126568],[81.4261284,18.5142224],[81.4279688,18.5089818],[81.4366271,18.5032377],[81.440861,18.5058427],[81.4426185,18.4975069],[81.4372939,18.4962322],[81.4321708,18.4921292],[81.4297552,18.4846582],[81.4234248,18.4798153],[81.4176323,18.4797372],[81.4098118,18.4843232],[81.4006748,18.4850891],[81.3997346,18.4886729],[81.3941597,18.4936211],[81.3862802,18.4934995],[81.3835224,18.4904302],[81.3772072,18.4885823],[81.3757418,18.4830579],[81.3813627,18.478968],[81.383101,18.4663372],[81.3800025,18.4607305],[81.379006,18.4531889],[81.3733927,18.4389405],[81.3698495,18.4326822],[81.3735126,18.4278884],[81.3801118,18.4266872],[81.3858187,18.4225442],[81.3935085,18.42081],[81.4222082,18.4254117],[81.4294377,18.4211409],[81.4337793,18.4124923],[81.428057,18.40198],[81.4189305,18.3995071],[81.4097929,18.3926298],[81.4061253,18.3984072],[81.3846303,18.4092716],[81.3702971,18.417216],[81.358966,18.4183298],[81.3551823,18.4138408],[81.3335334,18.4177508],[81.3287459,18.4259671],[81.3297579,18.4313045],[81.3275697,18.4389966],[81.3197769,18.4368605],[81.3085163,18.4388507],[81.3066033,18.4373908],[81.3011615,18.4457052],[81.3007342,18.4556183],[81.2911292,18.4626296],[81.2877432,18.4571681],[81.2811808,18.4671553],[81.2687872,18.4690014],[81.2752665,18.4751925],[81.2686485,18.4781729],[81.2584679,18.4790657],[81.2587162,18.4974912],[81.2574861,18.5055832],[81.2511261,18.5136742],[81.2516486,18.5179208],[81.2555323,18.5237732],[81.2464436,18.5230064],[81.2416099,18.5246448],[81.2318692,18.5248944],[81.2225089,18.5278087],[81.2198688,18.5150711],[81.2096628,18.521328],[81.1827726,18.5410743],[81.1678712,18.5514546],[81.1708099,18.5421031],[81.1574336,18.5314405],[81.1439657,18.5340398],[81.1184824,18.5419822],[81.1111465,18.5425238],[81.0904254,18.5486241],[81.0760892,18.5486345],[81.066567,18.5413534],[81.0591849,18.5387365],[81.0546498,18.5345293],[81.0491287,18.5325395],[81.0358014,18.5346886],[81.030163,18.5311849],[81.0253247,18.5205035],[81.0331932,18.4968389],[81.0227961,18.4882687],[81.0208876,18.4813743],[81.0208362,18.4722402],[81.0193251,18.4660145],[81.008886,18.453405],[81.0049212,18.4505386],[80.9999438,18.4411439],[80.9822391,18.424829],[80.977025,18.419113],[80.9712133,18.4189353],[80.9668483,18.4159741],[80.9610508,18.4154618],[80.9545146,18.4039273],[80.9437423,18.3989715],[80.9372698,18.4016435],[80.9354179,18.3966208],[80.9306703,18.392394],[80.923833,18.393209],[80.9172729,18.3861997],[80.9114891,18.3781463],[80.9175972,18.3774584],[80.9228212,18.3790066],[80.9269644,18.3736343],[80.9317944,18.3715008],[80.9331966,18.362949],[80.9451325,18.3617433],[80.9513937,18.3663711],[80.9577536,18.368975],[80.9661854,18.3615807],[80.9676126,18.3585172],[80.9804599,18.3476913],[80.9904504,18.3468408],[80.993706,18.3482663],[81.003622,18.345378],[81.0155754,18.3388395],[81.0255572,18.3377653],[81.0291833,18.3414217],[81.0404464,18.3417117],[81.0447847,18.3304426],[81.0476798,18.3296894],[81.047981,18.3224888],[81.0540036,18.3191979],[81.0593552,18.3135485],[81.0580386,18.3055252],[81.0624329,18.303688],[81.0646539,18.2954129],[81.0580527,18.2935359],[81.0574286,18.2809005],[81.0531234,18.2739241],[81.0520529,18.2671114],[81.0445118,18.2551733],[81.054144,18.2526699],[81.0606426,18.2495943],[81.0664754,18.2405129],[81.0660316,18.2351051],[81.0737419,18.2311268],[81.0738736,18.2217539],[81.0681741,18.216905],[81.0685536,18.1980131],[81.0761176,18.1923306],[81.073888,18.1880988],[81.0656286,18.1819165],[81.0644201,18.1775974],[81.0578821,18.1702408],[81.0517291,18.1701753],[81.0347535,18.1619282],[81.0336789,18.1563351],[81.0244449,18.1572657],[81.0189515,18.1612019],[81.0104743,18.1605692],[81.0075051,18.1628487],[81.0094062,18.1677197],[81.0050524,18.1698041],[80.9787953,18.16511],[80.9787388,18.1508002],[80.9637712,18.136424],[80.956218,18.1301932],[80.9539787,18.1203279],[80.9540472,18.1150696],[80.951778,18.0901203],[80.9494836,18.0819987],[80.9534356,18.078627],[80.9636668,18.0605751],[80.9697597,18.0438483],[80.9642599,18.0381407],[80.9695359,18.0317458],[80.9732572,18.0236395],[80.980267,17.9999918],[80.9858095,17.9545851],[80.9885694,17.94124],[80.9983402,17.9167865],[80.9993852,17.9040077],[80.9975942,17.8977754],[80.9960018,17.8851495],[80.9941957,17.8805842],[80.9965511,17.8717529],[80.9956669,17.8685877],[80.9964545,17.8490708],[81.0032341,17.8306149],[81.0034587,17.8195205],[81.0059618,17.8071203],[81.0094251,17.7972514],[81.0176673,17.7913786],[81.0317642,17.7884719],[81.0389812,17.7841518],[81.0466165,17.7823073],[81.0669018,17.7848938],[81.0732627,17.7864543],[81.0913251,17.8037517],[81.0939651,17.8092728],[81.1024394,17.8160277],[81.1134282,17.8216261],[81.1227433,17.82398],[81.1319975,17.8302549],[81.1386441,17.8381514],[81.1456354,17.8439695],[81.1572784,17.8504281],[81.1662335,17.8575281],[81.1849123,17.8503673],[81.2002891,17.8463277],[81.2156092,17.8345076],[81.2299648,17.8301228],[81.2395984,17.8258481],[81.2483752,17.8166584],[81.2673538,17.8093151],[81.2811207,17.8087303],[81.2888031,17.8093889],[81.3049707,17.8086589],[81.3137134,17.8117609],[81.326124,17.8139508],[81.3456015,17.810299],[81.3543328,17.8121905],[81.3608596,17.8088987],[81.3692459,17.8076766],[81.3801194,17.8028526],[81.3865564,17.7948697],[81.3925718,17.7941632],[81.39309,17.808083],[81.3919191,17.8151749],[81.3883784,17.8244294],[81.3890698,17.8299191],[81.3957915,17.8380785],[81.4033406,17.8496847],[81.402149,17.8570129],[81.3944951,17.868042],[81.3954773,17.8832114],[81.4007317,17.8942639],[81.4065043,17.8962538],[81.4188458,17.8913604],[81.4214537,17.8883766],[81.4339353,17.8813489],[81.4416804,17.8832024],[81.4477885,17.8891268],[81.4474959,17.8984869],[81.4518486,17.9042796],[81.4534073,17.9139924],[81.4499204,17.9240287],[81.4491142,17.9319347],[81.4530687,17.9367972],[81.4594071,17.9523465],[81.4712923,17.959734],[81.4760918,17.9693392],[81.4823891,17.9755059],[81.482802,17.9780086],[81.4780203,17.985789],[81.4776827,17.990223],[81.480432,17.9991371],[81.4799058,18.0043916],[81.4825294,18.0172788],[81.4831208,18.0270453],[81.4803287,18.0325718],[81.4804056,18.0507414],[81.4858751,18.0593848],[81.4895983,18.0617227],[81.4965993,18.0709522],[81.4976232,18.0762687],[81.5056966,18.088968],[81.5102755,18.0939676],[81.5140619,18.104112],[81.5132647,18.1094874],[81.5149309,18.1249293],[81.5128922,18.1357534],[81.5138231,18.1405367],[81.518739,18.148554],[81.5256477,18.1525888],[81.5259972,18.1604196],[81.5189747,18.1739416],[81.5099232,18.1794928],[81.5071513,18.1855149],[81.5094139,18.1945652],[81.5135812,18.2016581],[81.5161343,18.2144131],[81.519595,18.2173682],[81.5201111,18.2223875],[81.5242643,18.2275099],[81.5263036,18.2341699],[81.530446,18.2402819],[81.5276594,18.2509364],[81.5246379,18.255857],[81.5316676,18.2656212],[81.5352709,18.2683767],[81.5428728,18.2700907],[81.5508359,18.2693042],[81.562064,18.2738351],[81.5734615,18.2826411],[81.5855138,18.2964282],[81.5942012,18.3024071],[81.5964247,18.3079134],[81.6005375,18.3096854],[81.6129981,18.3071251],[81.6214618,18.3091937],[81.628107,18.3138445],[81.6370987,18.3170504],[81.6445171,18.3181822],[81.6621674,18.3249815],[81.6498431,18.335526],[81.6502045,18.3398177],[81.6591405,18.3465608],[81.7251101,18.3507859],[81.7500575,18.35275],[81.7642462,18.4026868],[81.7688743,18.4170907],[81.7950198,18.4407156],[81.8319171,18.4706361],[81.8562051,18.491401],[81.8578335,18.4947711],[81.8561094,18.5009214],[81.8569894,18.5074264],[81.8682478,18.524921],[81.8796795,18.5252388],[81.8892673,18.5381623],[81.8969688,18.5351889],[81.9031808,18.5354982],[81.9088077,18.5380331],[81.905875,18.5451596],[81.9014069,18.5486105],[81.9086169,18.5529997],[81.9056609,18.5611564],[81.910357,18.5657745],[81.9106907,18.5706348],[81.9208365,18.5726912],[81.9264018,18.5670609],[81.9381022,18.566601],[81.9450817,18.5701358],[81.9501931,18.56997],[81.9533119,18.5767108],[81.9527163,18.5823607],[81.9559467,18.5838536],[81.9630304,18.5947886],[81.9509762,18.6009497],[81.9451543,18.6004865],[81.9350648,18.6073554],[81.93521,18.6122482],[81.9307444,18.61814],[81.9206449,18.6234221],[81.908482,18.6285556],[81.8955608,18.6293225],[81.8988309,18.6355696],[81.8941472,18.6426951],[81.8982273,18.6541935],[81.894307,18.657809],[81.9016127,18.6606073],[81.913465,18.6527871],[81.9202136,18.6463062],[81.9217263,18.6429099],[81.93663,18.6448108],[81.9424374,18.6432274],[81.9489435,18.6437099],[81.9531629,18.6540405],[81.9528029,18.6591753],[81.9572179,18.6670738],[81.9691482,18.6733881],[81.9647885,18.6795873],[81.962048,18.6871337],[81.9680436,18.696371]]]]},"properties":{"OBJECTID":334,"dtname":"Sukma","stname":"CHHATTISGARH","stcode11":"22","dtcode11":"723","year_stat":"update2014","dist_lgd":642,"state_lgd":22,"remarks":" ","Dist":"Sukma","InPoly_FID":1102,"SimPgnFlag":0,"MaxSimpTol":100,"MinSimpTol":100,"SHAPE_Length":630672.7097745279,"SHAPE_Area":6303946477.780473}},
{"type":"Feature","geometry":{"type":"Polygon","coordinates":[[[81.8142121,20.1672987],[81.80018,20.1592472],[81.7881993,20.1586613],[81.7754447,20.1567848],[81.7671346,20.1568025],[81.7587365,20.1626325],[81.7470493,20.1635526],[81.7357529,20.1581674],[81.729171,20.1571282],[81.7246565,20.1503605],[81.7231351,20.1418569],[81.7173852,20.1390732],[81.7088772,20.1383277],[81.699516,20.1333774],[81.6788563,20.1299299],[81.6415251,20.1425339],[81.6238017,20.1520194],[81.6190141,20.156441],[81.6128155,20.1578724],[81.6100133,20.1679796],[81.6026344,20.1727038],[81.5949777,20.1798284],[81.5937831,20.1841645],[81.5892934,20.187965],[81.5847585,20.1955188],[81.5728078,20.1947669],[81.5578379,20.1925108],[81.5504021,20.189772],[81.5455979,20.1833141],[81.5277586,20.1744245],[81.5230611,20.170098],[81.5109711,20.1655478],[81.5020102,20.1650514],[81.4970991,20.1619341],[81.494474,20.1641244],[81.4862603,20.1635581],[81.4655097,20.156947],[81.4602469,20.1546495],[81.4552609,20.1486019],[81.447571,20.1464781],[81.4330378,20.1536453],[81.41942,20.1571324],[81.4190391,20.1489684],[81.4118647,20.1396995],[81.4082691,20.1282489],[81.4013015,20.1166636],[81.4031407,20.1064617],[81.400544,20.1012668],[81.4042235,20.0942136],[81.4056302,20.0836453],[81.4010812,20.0725084],[81.3954245,20.069931],[81.3875361,20.0547766],[81.3883453,20.0485407],[81.3746713,20.0482847],[81.3679367,20.0466718],[81.3590531,20.0476643],[81.3557475,20.0357472],[81.3480284,20.0388156],[81.3331901,20.0368244],[81.322433,20.0301436],[81.3116026,20.0253149],[81.3109151,20.0221335],[81.2916529,20.0213967],[81.2944798,20.0122871],[81.291894,20.0100888],[81.3020058,20.000798],[81.301905,19.9759828],[81.3091401,19.9750773],[81.3121714,19.9719868],[81.3202066,19.9695546],[81.3306274,19.9648751],[81.3294559,19.9593428],[81.3315509,19.9490263],[81.3264931,19.9389259],[81.3308831,19.93621],[81.3440477,19.9309804],[81.3490905,19.9218804],[81.3488652,19.913148],[81.3629712,19.9135233],[81.3762666,19.9070627],[81.385055,19.8963799],[81.3943111,19.8931475],[81.3997057,19.8888422],[81.4058181,19.8806798],[81.4024347,19.8676694],[81.3972453,19.8677414],[81.3882467,19.8649472],[81.3799878,19.8596582],[81.3773086,19.8536089],[81.3790835,19.8484583],[81.3956655,19.836532],[81.3909665,19.8280467],[81.3787684,19.8150792],[81.375299,19.8063359],[81.3715168,19.8009126],[81.3704665,19.7958061],[81.3779889,19.7856949],[81.3733061,19.7790815],[81.3789966,19.7715816],[81.3769648,19.7674974],[81.3806551,19.7614649],[81.3820924,19.7541328],[81.3707695,19.7427051],[81.3733115,19.7305818],[81.3829822,19.7242795],[81.3857199,19.7241226],[81.3987935,19.7279578],[81.406913,19.7244698],[81.41992,19.7224691],[81.4301767,19.718751],[81.4365925,19.7143643],[81.4374685,19.7100157],[81.451384,19.7029675],[81.4469065,19.6873379],[81.4461025,19.6803847],[81.451456,19.6761898],[81.4594919,19.6757931],[81.466141,19.6715728],[81.4762462,19.6717009],[81.4746133,19.6669905],[81.4811422,19.6640697],[81.4983325,19.6604549],[81.5167395,19.6630776],[81.5090857,19.6515145],[81.4916179,19.6472333],[81.4889739,19.6441644],[81.4736289,19.6465259],[81.4636461,19.6389976],[81.4548503,19.6370172],[81.4550975,19.6276035],[81.4605839,19.6249573],[81.4642295,19.6159618],[81.4585606,19.6053837],[81.4624937,19.5986619],[81.462492,19.5938749],[81.4566307,19.5816187],[81.4611315,19.569003],[81.4484465,19.5587584],[81.4438783,19.5523071],[81.4397344,19.5357344],[81.4429442,19.5280099],[81.4490309,19.5286779],[81.4491841,19.5164323],[81.4476333,19.5122101],[81.4334392,19.5036258],[81.4265081,19.5008477],[81.4215409,19.4937128],[81.4243968,19.4824787],[81.4431389,19.4744657],[81.4759862,19.4722369],[81.4679091,19.4513797],[81.4648265,19.4359974],[81.4676732,19.4305183],[81.4650611,19.4233371],[81.4675453,19.4089485],[81.47074,19.4017146],[81.4672131,19.394373],[81.4715246,19.3901745],[81.4715631,19.3771698],[81.4668276,19.3753738],[81.4485266,19.3765075],[81.4449222,19.3742859],[81.4330398,19.373541],[81.4281058,19.3659605],[81.4188647,19.3656245],[81.4162868,19.3637268],[81.4051777,19.3667652],[81.400725,19.3746726],[81.3962406,19.3758337],[81.3881571,19.3831174],[81.3875148,19.390674],[81.3898191,19.3964807],[81.389099,19.4008004],[81.3919611,19.408924],[81.3891935,19.4139145],[81.3810254,19.4146762],[81.3758538,19.4103457],[81.373038,19.4056527],[81.376589,19.4023874],[81.3756024,19.3961565],[81.3776016,19.3872358],[81.3700126,19.3825579],[81.3653828,19.3745119],[81.3714617,19.3701864],[81.3784398,19.3629931],[81.3822375,19.3622969],[81.390156,19.3641821],[81.3933629,19.3489499],[81.3989534,19.3355925],[81.3881072,19.3364981],[81.3752253,19.3294368],[81.3691305,19.3331176],[81.3590475,19.3309483],[81.3559819,19.3266815],[81.3581255,19.3233197],[81.361712,19.3215068],[81.3646525,19.3153633],[81.3725409,19.3124772],[81.3766184,19.3191306],[81.3835364,19.3205172],[81.3930655,19.3115142],[81.4047924,19.3075197],[81.409844,19.3033451],[81.420595,19.299955],[81.4296322,19.2949613],[81.432445,19.2849193],[81.445991,19.2813777],[81.4522514,19.2721199],[81.4633409,19.2670424],[81.4714282,19.2614282],[81.4790045,19.253271],[81.4750388,19.2468186],[81.4778287,19.2440076],[81.4855595,19.2409857],[81.4888749,19.2351748],[81.4999019,19.2354317],[81.506575,19.2270708],[81.5118067,19.2257144],[81.5213502,19.2260137],[81.5368825,19.2226702],[81.5382836,19.2349841],[81.5421727,19.2460254],[81.5422479,19.2576879],[81.5454758,19.260666],[81.5613721,19.2702978],[81.5688925,19.2830561],[81.5831158,19.2817861],[81.585985,19.2781597],[81.5926591,19.2758167],[81.6083101,19.2730507],[81.6092279,19.2606915],[81.615093,19.2497069],[81.6117167,19.245],[81.614409,19.2353925],[81.6201776,19.2279353],[81.6325178,19.23336],[81.6386051,19.2381341],[81.6401794,19.2414397],[81.6507804,19.2450031],[81.6570872,19.2483717],[81.6740517,19.2495649],[81.6738634,19.2560737],[81.6756687,19.2649083],[81.6637021,19.2662212],[81.6567813,19.2650482],[81.647821,19.2688889],[81.6403259,19.2800783],[81.6280346,19.2891263],[81.6311181,19.3133325],[81.6295435,19.3196156],[81.6354535,19.330623],[81.6337937,19.3428595],[81.6424694,19.3510389],[81.654266,19.3484989],[81.6636617,19.3529911],[81.6667003,19.3657827],[81.6771323,19.3649353],[81.6890211,19.365591],[81.7032858,19.3583041],[81.7106632,19.369069],[81.7243511,19.3769259],[81.7316091,19.3764385],[81.741595,19.3702849],[81.7505077,19.3578967],[81.7637982,19.3530856],[81.7772921,19.3568876],[81.7903707,19.3552093],[81.7945783,19.3537297],[81.7957413,19.3598234],[81.802654,19.3755451],[81.801452,19.3921126],[81.8029956,19.399828],[81.8101429,19.4064796],[81.8012685,19.4085946],[81.7976157,19.4119717],[81.7918219,19.4308723],[81.7925998,19.4464106],[81.7914868,19.453321],[81.796831,19.4600173],[81.8081038,19.4690193],[81.8109343,19.4768481],[81.8114824,19.4880952],[81.8169456,19.5007578],[81.8242921,19.5105847],[81.8356078,19.5008485],[81.8474706,19.485787],[81.8501147,19.4807195],[81.8504205,19.4734474],[81.8572116,19.4736559],[81.855167,19.4871928],[81.8572571,19.4942392],[81.8560663,19.5055889],[81.8573837,19.5127107],[81.8486182,19.5170005],[81.846068,19.5227755],[81.8455403,19.5381552],[81.846764,19.5424444],[81.8590457,19.5523659],[81.8982896,19.5499152],[81.8996676,19.5439207],[81.9007695,19.5298604],[81.9069887,19.5281211],[81.9256326,19.5281387],[81.9329721,19.5306368],[81.9475309,19.5404048],[81.9530572,19.5413024],[81.9711989,19.5401587],[81.9778135,19.5389706],[81.9890062,19.5351402],[81.9986725,19.5294873],[82.0002234,19.515235],[81.9961715,19.5052463],[81.9960521,19.49639],[81.9933102,19.4920285],[81.9996489,19.4903324],[82.0098861,19.4945985],[82.014412,19.4930656],[82.0173577,19.4970647],[82.0224579,19.4986575],[82.0291478,19.5076482],[82.0365559,19.5202864],[82.0372138,19.5279767],[82.043094,19.529777],[82.0462149,19.533645],[82.0505983,19.5486516],[82.0459529,19.5630108],[82.0497429,19.5742074],[82.0487546,19.5782676],[82.0446086,19.5819454],[82.0399377,19.5978574],[82.0462694,19.6072846],[82.050716,19.6083525],[82.0505286,19.6164848],[82.0590179,19.6281754],[82.0564608,19.6331157],[82.057042,19.6393491],[82.0518729,19.6474163],[82.0555099,19.6544639],[82.0518979,19.6606639],[82.0553049,19.6656535],[82.0518651,19.6804676],[82.0493311,19.6844684],[82.0445877,19.7005278],[82.0447506,19.7088771],[82.0505795,19.7171249],[82.0493369,19.7274044],[82.0509233,19.7369918],[82.0497437,19.7420615],[82.0520464,19.7481601],[82.0559847,19.7529671],[82.0632006,19.7577777],[82.0638291,19.761057],[82.0604659,19.7666341],[82.0662302,19.7831536],[82.0655475,19.7906579],[82.0602223,19.7963742],[82.0539277,19.7921848],[82.0486836,19.7969567],[82.0387247,19.7966451],[82.0310507,19.7978064],[82.0090474,19.8041793],[82.003684,19.8025725],[81.9953686,19.7968217],[81.9859495,19.8010893],[81.986558,19.8042797],[81.9825879,19.8088104],[81.9653736,19.8369043],[81.9681314,19.8598949],[81.9410621,19.8728763],[81.906258,19.8843061],[81.8866926,19.8938859],[81.87328,19.9014245],[81.8696511,19.9025356],[81.8531556,19.918478],[81.8518082,19.9231479],[81.8540087,19.9304584],[81.8567816,19.9475496],[81.8450937,19.9518124],[81.8452752,19.9595329],[81.8553575,19.9722801],[81.8563067,19.9829394],[81.8605735,20.0035106],[81.8667583,20.0123115],[81.8650275,20.0267036],[81.8688217,20.0319114],[81.8688525,20.039707],[81.8759661,20.0520435],[81.8692382,20.0551161],[81.8713841,20.058901],[81.8703394,20.0733765],[81.8666099,20.0905822],[81.8577244,20.0960241],[81.8543601,20.1025207],[81.8467971,20.1119118],[81.8468761,20.1383199],[81.8453633,20.1598341],[81.8461876,20.1642942],[81.840615,20.1663166],[81.8336436,20.1663942],[81.825698,20.1694272],[81.8142121,20.1672987]],[[81.4767815,19.728005],[81.4794727,19.7271006],[81.4788622,19.7190946],[81.4830541,19.7073811],[81.4869091,19.7034552],[81.4878642,19.6979822],[81.4849588,19.6941335],[81.4855798,19.6894844],[81.4776384,19.6901584],[81.4724802,19.6935285],[81.4547631,19.7010828],[81.4583082,19.7042072],[81.4604742,19.7155611],[81.4645813,19.7241905],[81.4714103,19.7250739],[81.4767815,19.728005]]]},"properties":{"OBJECTID":209,"dtname":"Kondagaon","stname":"CHHATTISGARH","stcode11":"22","dtcode11":"722","year_stat":"update2014","dist_lgd":643,"state_lgd":22,"remarks":" ","Dist":"Kondagaon","InPoly_FID":977,"SimPgnFlag":0,"MaxSimpTol":100,"MinSimpTol":100,"SHAPE_Length":517358.430291807,"SHAPE_Area":5762078157.602541}},
{"type":"Feature","geometry":{"type":"Polygon","coordinates":[[[81.7843376,18.7536708],[81.7849257,18.7625248],[81.7901041,18.7622563],[81.7915753,18.769778],[81.8024698,18.7773307],[81.8100979,18.7714703],[81.8124334,18.7652463],[81.8177183,18.7730853],[81.820346,18.7718349],[81.8149435,18.7608609],[81.8160246,18.7495932],[81.8100104,18.7418081],[81.8274059,18.7452779],[81.8238582,18.750906],[81.8292119,18.7622969],[81.837306,18.7649593],[81.84589,18.7605837],[81.8525002,18.7612034],[81.8492102,18.7551002],[81.8570359,18.7470267],[81.866652,18.7464265],[81.86997,18.7596643],[81.8724594,18.7637615],[81.8786762,18.7580697],[81.892489,18.7539989],[81.8976345,18.7579012],[81.9104665,18.7595525],[81.9204951,18.7746332],[81.9323082,18.7740472],[81.9449504,18.7714816],[81.9547718,18.7617702],[81.9564794,18.7529745],[81.9479446,18.7408561],[81.9420481,18.7338703],[81.9439892,18.7269176],[81.9427301,18.7202235],[81.944796,18.7175124],[81.9601988,18.7080063],[81.9640821,18.7002348],[81.9680436,18.696371],[81.9888988,18.7052803],[81.9947277,18.7046802],[81.9984256,18.7094139],[82.0058348,18.7146472],[82.0111775,18.7136109],[82.0167419,18.7194954],[82.0286089,18.7214414],[82.0303908,18.7235868],[82.0402091,18.7239075],[82.0474686,18.7214904],[82.0527411,18.7236522],[82.0582461,18.7197129],[82.0638949,18.7191387],[82.0671985,18.7264215],[82.0745612,18.7246219],[82.0762398,18.7223394],[82.0849746,18.7185931],[82.0870834,18.7235916],[82.0860634,18.7279488],[82.0913426,18.7384775],[82.093521,18.7468147],[82.0925818,18.752685],[82.0887407,18.7601852],[82.0915795,18.7657307],[82.0978237,18.7638371],[82.1044077,18.766821],[82.1110091,18.7658783],[82.116511,18.7694376],[82.12082,18.7697507],[82.1296395,18.7671221],[82.1336474,18.7770515],[82.1485357,18.7816687],[82.1516222,18.7849434],[82.1563247,18.7851447],[82.1608378,18.7902449],[82.1597548,18.7942051],[82.1654354,18.7986247],[82.1645283,18.8019242],[82.157062,18.8034796],[82.1605687,18.8111885],[82.1660065,18.8147329],[82.1602895,18.8195986],[82.1689626,18.8360222],[82.1657426,18.8438679],[82.1674716,18.8523512],[82.1624419,18.855202],[82.1612441,18.8632111],[82.1654747,18.8655523],[82.1669546,18.8743625],[82.1617163,18.8766363],[82.1615562,18.8809565],[82.1650558,18.8832208],[82.1693231,18.8818929],[82.1756738,18.8859552],[82.1754201,18.9012915],[82.1810898,18.9069439],[82.1925106,18.9075079],[82.2008472,18.9135852],[82.2124857,18.9185835],[82.2174729,18.9221923],[82.2398168,18.9147388],[82.246054,18.919111],[82.2393207,18.9607447],[82.2354438,18.99396],[82.2339266,19.0020755],[82.2327658,19.0179143],[82.2298762,19.0274123],[82.2060153,19.0597831],[82.202254,19.066639],[82.2047185,19.0756046],[82.2121391,19.0818767],[82.2190716,19.0953985],[82.2141377,19.0998543],[82.2097118,19.0996756],[82.2029764,19.1081096],[82.2058115,19.1169418],[82.2089983,19.1205217],[82.2058161,19.1241298],[82.1985103,19.1215074],[82.1954205,19.1228016],[82.1905778,19.1288962],[82.1824693,19.1316909],[82.17627,19.1181677],[82.1703253,19.1204148],[82.169205,19.1280484],[82.1660956,19.1326991],[82.1672857,19.1363241],[82.1748305,19.137767],[82.1698046,19.145692],[82.171543,19.150208],[82.1781408,19.1493842],[82.1774043,19.1554792],[82.1709771,19.1569028],[82.1701799,19.1611593],[82.1749226,19.1628821],[82.1786571,19.159831],[82.1828335,19.1601296],[82.1861395,19.1663475],[82.1788977,19.1689424],[82.1767095,19.1734699],[82.1820492,19.174163],[82.1796128,19.1798893],[82.1751421,19.18243],[82.1804625,19.191685],[82.1675819,19.1952597],[82.1617056,19.2022458],[82.1658173,19.2114454],[82.1687718,19.2129401],[82.1594207,19.2229617],[82.1578449,19.2274987],[82.157584,19.2500001],[82.1584256,19.2651673],[82.1620969,19.2787477],[82.1659361,19.2876855],[82.1733552,19.2933735],[82.1766787,19.2994802],[82.1791716,19.3189676],[82.1812245,19.3233874],[82.1901262,19.3267601],[82.1875538,19.3295815],[82.1860387,19.3374092],[82.1785805,19.339467],[82.1787424,19.3424561],[82.1681541,19.3463566],[82.1641862,19.3491821],[82.1541267,19.3498036],[82.148778,19.3529762],[82.1478367,19.3671945],[82.1496481,19.3734026],[82.1532656,19.3770164],[82.1600371,19.3770743],[82.1621933,19.3743581],[82.1719243,19.3726152],[82.1792351,19.3804012],[82.18221,19.3886002],[82.1807363,19.3924103],[82.1842533,19.4002092],[82.1821131,19.4056909],[82.1831743,19.4115966],[82.1892722,19.4153629],[82.1897965,19.4262687],[82.1861917,19.4266544],[82.1781854,19.4366088],[82.1714917,19.4371878],[82.1607379,19.4363002],[82.1439817,19.4329897],[82.1272952,19.4305126],[82.1225357,19.434174],[82.1135346,19.4482635],[82.1134222,19.4603615],[82.102821,19.4661064],[82.1065564,19.4723001],[82.1081063,19.4802834],[82.1079625,19.4942798],[82.0979728,19.4989277],[82.1002549,19.5165892],[82.0917349,19.518128],[82.0760273,19.5236259],[82.0687653,19.5155251],[82.0660803,19.510838],[82.05134,19.5081583],[82.0385143,19.5091316],[82.0291478,19.5076482],[82.0224579,19.4986575],[82.0173577,19.4970647],[82.014412,19.4930656],[82.0098861,19.4945985],[81.9996489,19.4903324],[81.9933102,19.4920285],[81.9960521,19.49639],[81.9961715,19.5052463],[82.0002234,19.515235],[81.9986725,19.5294873],[81.9890062,19.5351402],[81.9778135,19.5389706],[81.9711989,19.5401587],[81.9530572,19.5413024],[81.9475309,19.5404048],[81.9329721,19.5306368],[81.9256326,19.5281387],[81.9069887,19.5281211],[81.9007695,19.5298604],[81.8996676,19.5439207],[81.8982896,19.5499152],[81.8590457,19.5523659],[81.846764,19.5424444],[81.8455403,19.5381552],[81.846068,19.5227755],[81.8486182,19.5170005],[81.8573837,19.5127107],[81.8560663,19.5055889],[81.8572571,19.4942392],[81.855167,19.4871928],[81.8572116,19.4736559],[81.8504205,19.4734474],[81.8501147,19.4807195],[81.8474706,19.485787],[81.8356078,19.5008485],[81.8242921,19.5105847],[81.8169456,19.5007578],[81.8114824,19.4880952],[81.8109343,19.4768481],[81.8081038,19.4690193],[81.796831,19.4600173],[81.7914868,19.453321],[81.7925998,19.4464106],[81.7918219,19.4308723],[81.7976157,19.4119717],[81.8012685,19.4085946],[81.8101429,19.4064796],[81.8029956,19.399828],[81.801452,19.3921126],[81.802654,19.3755451],[81.7957413,19.3598234],[81.7945783,19.3537297],[81.7903707,19.3552093],[81.7772921,19.3568876],[81.7637982,19.3530856],[81.7505077,19.3578967],[81.741595,19.3702849],[81.7316091,19.3764385],[81.7243511,19.3769259],[81.7106632,19.369069],[81.7032858,19.3583041],[81.6890211,19.365591],[81.6771323,19.3649353],[81.6667003,19.3657827],[81.6636617,19.3529911],[81.654266,19.3484989],[81.6424694,19.3510389],[81.6337937,19.3428595],[81.6354535,19.330623],[81.6295435,19.3196156],[81.6311181,19.3133325],[81.6280346,19.2891263],[81.6403259,19.2800783],[81.647821,19.2688889],[81.6567813,19.2650482],[81.6637021,19.2662212],[81.6756687,19.2649083],[81.6738634,19.2560737],[81.6740517,19.2495649],[81.6570872,19.2483717],[81.6507804,19.2450031],[81.6401794,19.2414397],[81.6386051,19.2381341],[81.6325178,19.23336],[81.6201776,19.2279353],[81.614409,19.2353925],[81.6117167,19.245],[81.615093,19.2497069],[81.6092279,19.2606915],[81.6083101,19.2730507],[81.5926591,19.2758167],[81.585985,19.2781597],[81.5831158,19.2817861],[81.5688925,19.2830561],[81.5613721,19.2702978],[81.5454758,19.260666],[81.5422479,19.2576879],[81.5421727,19.2460254],[81.5382836,19.2349841],[81.5368825,19.2226702],[81.5213502,19.2260137],[81.5118067,19.2257144],[81.506575,19.2270708],[81.4999019,19.2354317],[81.4888749,19.2351748],[81.4855595,19.2409857],[81.4778287,19.2440076],[81.4750388,19.2468186],[81.4790045,19.253271],[81.4714282,19.2614282],[81.4633409,19.2670424],[81.4522514,19.2721199],[81.445991,19.2813777],[81.432445,19.2849193],[81.4296322,19.2949613],[81.420595,19.299955],[81.409844,19.3033451],[81.4047924,19.3075197],[81.3930655,19.3115142],[81.3835364,19.3205172],[81.3766184,19.3191306],[81.3725409,19.3124772],[81.3776174,19.3057854],[81.3746524,19.2990017],[81.3690232,19.2996083],[81.3567493,19.2920686],[81.3572683,19.2784345],[81.3608042,19.2720193],[81.3602177,19.2625605],[81.3666554,19.2564146],[81.3631869,19.2501478],[81.3539418,19.2471071],[81.354514,19.2342248],[81.3505297,19.229373],[81.3694418,19.2161533],[81.3775394,19.2130863],[81.3838156,19.2089396],[81.3930729,19.2076967],[81.3950882,19.2021496],[81.400294,19.1993348],[81.3986341,19.1955092],[81.4019091,19.1911634],[81.4190157,19.1945343],[81.4414389,19.1876752],[81.4504675,19.1889906],[81.4539681,19.1919613],[81.4634132,19.2068676],[81.4686601,19.2112238],[81.4777098,19.213491],[81.4946508,19.206231],[81.5021176,19.2038822],[81.4988993,19.1905324],[81.5004112,19.1840877],[81.497603,19.1800034],[81.4976105,19.1645101],[81.4907264,19.1561175],[81.4952102,19.1450705],[81.5006104,19.1401826],[81.490652,19.1381399],[81.4787148,19.1406313],[81.4691877,19.1443405],[81.4631474,19.1367504],[81.4729713,19.1288857],[81.4762123,19.1209386],[81.479959,19.1164736],[81.484607,19.1172388],[81.4888037,19.1111699],[81.4881604,19.1086363],[81.493654,19.1026116],[81.4918661,19.0941027],[81.4937118,19.0903975],[81.4903966,19.0854038],[81.5001465,19.0740982],[81.5061167,19.0696574],[81.5112337,19.0691457],[81.5161626,19.0654672],[81.501581,19.0616367],[81.4970156,19.0537938],[81.5026718,19.0445539],[81.5189664,19.0412846],[81.5293235,19.0372926],[81.5230199,19.030622],[81.5214996,19.0235429],[81.5237778,19.0181644],[81.5088045,19.0095597],[81.503232,19.0122573],[81.4930621,19.0118012],[81.4892462,19.00833],[81.4850304,19.0102162],[81.4800067,19.0039766],[81.4741195,19.0064416],[81.4681945,19.0008751],[81.4694928,18.9915029],[81.476284,18.9781876],[81.4839674,18.9734281],[81.4801423,18.9713244],[81.4670637,18.9683016],[81.4626048,18.9685066],[81.4577769,18.9658517],[81.4628528,18.9602678],[81.4632093,18.9495828],[81.465672,18.9455557],[81.4736981,18.9446528],[81.4922298,18.9390167],[81.5006734,18.9327369],[81.5071027,18.9297282],[81.5089276,18.9198052],[81.5154137,18.9159922],[81.5258278,18.9230718],[81.538319,18.917382],[81.5558829,18.9119416],[81.5516518,18.9061897],[81.5479454,18.8949361],[81.5450194,18.8905713],[81.5497213,18.8819726],[81.556798,18.8790799],[81.5568707,18.8750867],[81.5628925,18.8745783],[81.5648642,18.867984],[81.5733435,18.8677922],[81.5746076,18.8616629],[81.5796631,18.8531584],[81.582194,18.8448384],[81.5906583,18.8431597],[81.6021001,18.8544589],[81.6057585,18.8524039],[81.6107504,18.8449285],[81.6199213,18.8398742],[81.6203153,18.8339793],[81.6137116,18.8335319],[81.6112591,18.8311963],[81.6231714,18.8235041],[81.6270705,18.8135934],[81.6313301,18.8123421],[81.6418043,18.8183266],[81.6478194,18.8197127],[81.6544924,18.81187],[81.6556302,18.8085045],[81.6654618,18.8031678],[81.6789583,18.809624],[81.6809862,18.8169638],[81.6873213,18.8235161],[81.6919028,18.8212108],[81.7036783,18.8245082],[81.7091606,18.8309879],[81.712319,18.8379836],[81.7199639,18.8330561],[81.720374,18.8285252],[81.7273229,18.8270127],[81.7396654,18.8185223],[81.7460063,18.8166301],[81.7538487,18.8122686],[81.7576708,18.8069182],[81.7548453,18.7982254],[81.761317,18.7949725],[81.7667164,18.7845275],[81.7599566,18.772711],[81.772023,18.7696238],[81.7773277,18.7729783],[81.7766831,18.7640204],[81.7724578,18.7563118],[81.7830143,18.7543161],[81.7843376,18.7536708]]]},"properties":{"OBJECTID":765,"dtname":"Bastar","stname":"CHHATTISGARH","stcode11":"22","dtcode11":"414","year_stat":"2011_c","dist_lgd":374,"state_lgd":22,"remarks":" ","Dist":"Bastar","InPoly_FID":1533,"SimPgnFlag":0,"MaxSimpTol":100,"MinSimpTol":100,"SHAPE_Length":542043.5330629197,"SHAPE_Area":5883719579.488179}},
{"type":"Feature","geometry":{"type":"MultiPolygon","coordinates":[[[[81.4767815,19.728005],[81.4714103,19.7250739],[81.4645813,19.7241905],[81.4604742,19.7155611],[81.4583082,19.7042072],[81.4547631,19.7010828],[81.4724802,19.6935285],[81.4776384,19.6901584],[81.4855798,19.6894844],[81.4849588,19.6941335],[81.4878642,19.6979822],[81.4869091,19.7034552],[81.4830541,19.7073811],[81.4788622,19.7190946],[81.4794727,19.7271006],[81.4767815,19.728005]]],[[[81.3733061,19.7790815],[81.3598663,19.7782485],[81.3584943,19.774941],[81.3511108,19.7746724],[81.3103012,19.7785356],[81.2938785,19.7852761],[81.2884287,19.7883231],[81.27073,19.7672253],[81.2550246,19.7660186],[81.2483613,19.7686541],[81.2256557,19.7869897],[81.223449,19.7911643],[81.2166819,19.7980469],[81.2038284,19.8025156],[81.194587,19.8073793],[81.1863368,19.8101331],[81.1779945,19.8090427],[81.1735624,19.7979284],[81.1707279,19.781493],[81.1687383,19.7817509],[81.1589245,19.7645399],[81.1573822,19.7583478],[81.1597153,19.7495955],[81.1813587,19.7275876],[81.1918294,19.7294629],[81.2051168,19.7167609],[81.1866153,19.7033808],[81.0852512,19.7063004],[81.0588784,19.7467888],[81.0586158,19.7508094],[81.0515103,19.7556846],[81.045966,19.7573264],[81.0414363,19.7616016],[81.0317943,19.7616647],[81.0252278,19.7645563],[81.0184218,19.7757945],[81.0172383,19.7903194],[81.0140919,19.806826],[81.0054622,19.8151943],[80.9901126,19.8169972],[80.9817067,19.8148389],[80.976548,19.8153343],[80.9724039,19.8127982],[80.9666686,19.8146396],[80.9603291,19.8204467],[80.9591145,19.8249865],[80.9521333,19.8278035],[80.9462849,19.8348159],[80.9453033,19.8383799],[80.9437177,19.8583396],[80.9389719,19.8684903],[80.9376373,19.8739379],[80.9232424,19.8874381],[80.9191572,19.8942819],[80.918434,19.9035638],[80.9134225,19.9133028],[80.9064713,19.9221658],[80.900383,19.9262001],[80.8883825,19.9385499],[80.875802,19.9391963],[80.8646973,19.9409666],[80.8428639,19.9473279],[80.8364855,19.9349014],[80.8243458,19.9166423],[80.8172753,19.9108633],[80.8092495,19.907306],[80.7915731,19.8951218],[80.7798669,19.8923021],[80.7655196,19.8908802],[80.7592137,19.8756371],[80.7515946,19.8687035],[80.7505929,19.8552341],[80.747381,19.852612],[80.7335753,19.8554187],[80.7226558,19.8482885],[80.7214277,19.8461031],[80.7246153,19.83677],[80.7189983,19.8304858],[80.7232734,19.8282161],[80.7272534,19.8203356],[80.7474957,19.8162122],[80.7546237,19.8218572],[80.7597818,19.8233963],[80.7615647,19.8331354],[80.7664308,19.8366072],[80.7714718,19.843069],[80.7753229,19.8445797],[80.7792971,19.840002],[80.7813005,19.8341179],[80.7891834,19.8292844],[80.8028001,19.8299905],[80.8092926,19.8266326],[80.8118677,19.8201431],[80.8099884,19.8173466],[80.8115848,19.8114619],[80.7977077,19.809424],[80.7967498,19.8068491],[80.7866411,19.8002185],[80.7832292,19.7915854],[80.7749178,19.7899233],[80.7710946,19.7915788],[80.7592745,19.792136],[80.7578262,19.7955362],[80.7667976,19.8094306],[80.7576151,19.8102559],[80.7484202,19.8051642],[80.7446409,19.8077015],[80.7403907,19.8005821],[80.731207,19.7926999],[80.7226613,19.791233],[80.7144097,19.78658],[80.7109185,19.7798601],[80.7048484,19.7757852],[80.7032568,19.7611212],[80.7066085,19.7583817],[80.7068107,19.7516486],[80.7124012,19.7373394],[80.7161426,19.7178006],[80.7161292,19.7112645],[80.7126329,19.7113405],[80.7098289,19.7063654],[80.7026283,19.7102959],[80.6979924,19.7101194],[80.6907004,19.7028347],[80.681729,19.7062199],[80.6709131,19.7021534],[80.6728821,19.6989509],[80.6742501,19.6844131],[80.6703961,19.6724456],[80.667345,19.6577117],[80.667871,19.6495862],[80.6660992,19.6442603],[80.6663712,19.6379859],[80.6626174,19.6224818],[80.6653321,19.6118792],[80.6702714,19.6093192],[80.6879112,19.6130741],[80.7062994,19.6140942],[80.7146477,19.6167048],[80.7194475,19.6153756],[80.7330782,19.6063032],[80.7408459,19.6062309],[80.7458784,19.6015384],[80.757113,19.5969071],[80.7604483,19.5913543],[80.7659933,19.5899977],[80.7694283,19.5866697],[80.7670323,19.5762221],[80.7699382,19.5690394],[80.7751089,19.5625119],[80.7797376,19.563748],[80.7876929,19.5603582],[80.7969955,19.5624843],[80.8087775,19.5685861],[80.8161538,19.5711969],[80.8239595,19.5667214],[80.8313194,19.5673678],[80.8362109,19.5658687],[80.8394597,19.5594121],[80.8394006,19.5492105],[80.8441084,19.5377117],[80.8496749,19.5344977],[80.849898,19.5289057],[80.8565573,19.5227489],[80.8637287,19.520136],[80.8685106,19.5217724],[80.8726246,19.5187202],[80.8836868,19.5261709],[80.8951089,19.5193318],[80.8947126,19.5096214],[80.8932103,19.5072692],[80.8965047,19.4937442],[80.8976843,19.4804487],[80.894879,19.4696443],[80.8831238,19.4538071],[80.8753694,19.4459848],[80.8645588,19.4444623],[80.856738,19.4460429],[80.8529585,19.4448706],[80.8424112,19.4468885],[80.8297173,19.4428464],[80.8125271,19.4327561],[80.8053304,19.4333608],[80.7957465,19.4299347],[80.7993234,19.4227203],[80.8042898,19.4194606],[80.8044731,19.411953],[80.8122273,19.4063642],[80.8166481,19.3971513],[80.8173306,19.3839068],[80.8370617,19.3755963],[80.8418513,19.3719149],[80.8502818,19.3688706],[80.8528527,19.3638999],[80.8757393,19.353359],[80.9066379,19.341186],[80.9272214,19.3312509],[80.9409188,19.3213569],[80.9523125,19.3103869],[80.9567681,19.2918332],[80.950747,19.2515543],[80.9552241,19.2362707],[80.9643796,19.2340322],[80.9984977,19.2335168],[81.0027191,19.2353536],[81.0172155,19.2327247],[81.023793,19.2393729],[81.0327311,19.2351137],[81.0355403,19.2285519],[81.0454927,19.2293424],[81.0502678,19.2278267],[81.0643096,19.2290198],[81.0662013,19.2316673],[81.0764154,19.2330616],[81.0719399,19.2499131],[81.070409,19.2701354],[81.0772792,19.275158],[81.0804138,19.2707477],[81.0845513,19.2694107],[81.0896021,19.2751711],[81.097054,19.2773444],[81.104733,19.2747784],[81.1095494,19.275281],[81.1128167,19.2727892],[81.1157532,19.2642794],[81.1190784,19.2617316],[81.1279629,19.2590748],[81.1292822,19.2567787],[81.1380676,19.2562218],[81.1456016,19.2597067],[81.1414676,19.2778073],[81.1411596,19.29891],[81.1538933,19.2987742],[81.161057,19.2953477],[81.1612344,19.2825256],[81.1652499,19.2732788],[81.1676925,19.2713441],[81.1850815,19.274149],[81.190355,19.2771243],[81.194505,19.2883902],[81.2233911,19.2888286],[81.231458,19.3141176],[81.2313301,19.3206968],[81.2479618,19.3221499],[81.2565142,19.3266042],[81.259557,19.3232184],[81.2640043,19.3253396],[81.2713711,19.3234693],[81.2741414,19.3293203],[81.2820244,19.3316236],[81.2857451,19.3350381],[81.2977784,19.3362649],[81.3031958,19.3342311],[81.3095326,19.3348815],[81.3170931,19.3307321],[81.3270946,19.3285388],[81.3304709,19.3257321],[81.3367624,19.3261238],[81.3433004,19.3189338],[81.3485103,19.3212681],[81.3539315,19.3208631],[81.3581255,19.3233197],[81.3559819,19.3266815],[81.3590475,19.3309483],[81.3691305,19.3331176],[81.3752253,19.3294368],[81.3881072,19.3364981],[81.3989534,19.3355925],[81.3933629,19.3489499],[81.390156,19.3641821],[81.3822375,19.3622969],[81.3784398,19.3629931],[81.3714617,19.3701864],[81.3653828,19.3745119],[81.3700126,19.3825579],[81.3776016,19.3872358],[81.3756024,19.3961565],[81.376589,19.4023874],[81.373038,19.4056527],[81.3758538,19.4103457],[81.3810254,19.4146762],[81.3891935,19.4139145],[81.3919611,19.408924],[81.389099,19.4008004],[81.3898191,19.3964807],[81.3875148,19.390674],[81.3881571,19.3831174],[81.3962406,19.3758337],[81.400725,19.3746726],[81.4051777,19.3667652],[81.4162868,19.3637268],[81.4188647,19.3656245],[81.4281058,19.3659605],[81.4330398,19.373541],[81.4449222,19.3742859],[81.4485266,19.3765075],[81.4668276,19.3753738],[81.4715631,19.3771698],[81.4715246,19.3901745],[81.4672131,19.394373],[81.47074,19.4017146],[81.4675453,19.4089485],[81.4650611,19.4233371],[81.4676732,19.4305183],[81.4648265,19.4359974],[81.4679091,19.4513797],[81.4759862,19.4722369],[81.4431389,19.4744657],[81.4243968,19.4824787],[81.4215409,19.4937128],[81.4265081,19.5008477],[81.4334392,19.5036258],[81.4476333,19.5122101],[81.4491841,19.5164323],[81.4490309,19.5286779],[81.4429442,19.5280099],[81.4397344,19.5357344],[81.4438783,19.5523071],[81.4484465,19.5587584],[81.4611315,19.569003],[81.4566307,19.5816187],[81.462492,19.5938749],[81.4624937,19.5986619],[81.4585606,19.6053837],[81.4642295,19.6159618],[81.4605839,19.6249573],[81.4550975,19.6276035],[81.4548503,19.6370172],[81.4636461,19.6389976],[81.4736289,19.6465259],[81.4889739,19.6441644],[81.4916179,19.6472333],[81.5090857,19.6515145],[81.5167395,19.6630776],[81.4983325,19.6604549],[81.4811422,19.6640697],[81.4746133,19.6669905],[81.4762462,19.6717009],[81.466141,19.6715728],[81.4594919,19.6757931],[81.451456,19.6761898],[81.4461025,19.6803847],[81.4469065,19.6873379],[81.451384,19.7029675],[81.4374685,19.7100157],[81.4365925,19.7143643],[81.4301767,19.718751],[81.41992,19.7224691],[81.406913,19.7244698],[81.3987935,19.7279578],[81.3857199,19.7241226],[81.3829822,19.7242795],[81.3733115,19.7305818],[81.3707695,19.7427051],[81.3820924,19.7541328],[81.3806551,19.7614649],[81.3769648,19.7674974],[81.3789966,19.7715816],[81.3733061,19.7790815]]]]},"properties":{"OBJECTID":246,"dtname":"Narayanpur","stname":"CHHATTISGARH","stcode11":"22","dtcode11":"415","year_stat":"2011_c","dist_lgd":637,"state_lgd":22,"remarks":" ","Dist":"Narayanpur","InPoly_FID":1014,"SimPgnFlag":0,"MaxSimpTol":100,"MinSimpTol":100,"SHAPE_Length":472802.6320388114,"SHAPE_Area":4416547593.6130705}},
{"type":"Feature","geometry":{"type":"Polygon","coordinates":[[[81.4103624,20.5544328],[81.3943991,20.5463758],[81.3865921,20.5333931],[81.3756833,20.5370555],[81.3668446,20.5429221],[81.3649784,20.5480789],[81.3589603,20.5541303],[81.3495003,20.5562548],[81.3391175,20.5537253],[81.3357738,20.558518],[81.3245132,20.5627953],[81.3106684,20.5491632],[81.306798,20.5425793],[81.3050988,20.530282],[81.3027682,20.5293718],[81.291124,20.5164427],[81.2795516,20.5164595],[81.2635816,20.5084297],[81.2532304,20.4990172],[81.2576513,20.4970285],[81.2635903,20.4834157],[81.2635277,20.4772418],[81.259706,20.4733282],[81.2575118,20.4662],[81.2506879,20.4597188],[81.2543681,20.4475634],[81.2438143,20.4401782],[81.2368854,20.4451005],[81.2347048,20.4433927],[81.2358397,20.4346418],[81.2336638,20.4302894],[81.227115,20.4313615],[81.2266304,20.4246827],[81.2214437,20.4184728],[81.2175169,20.4171968],[81.2025427,20.415969],[81.1974866,20.4119222],[81.1886215,20.4116457],[81.1765953,20.4061984],[81.1731174,20.4061362],[81.1691481,20.3962283],[81.1608739,20.388907],[81.1580301,20.384276],[81.1539608,20.3824611],[81.1492038,20.3769835],[81.1308653,20.3898636],[81.11305,20.3987891],[81.1086207,20.3989116],[81.1044719,20.4043099],[81.0955914,20.4069694],[81.0900828,20.412811],[81.0771281,20.4185823],[81.068965,20.4198211],[81.0533843,20.4202821],[81.0414016,20.423855],[81.0332337,20.4277157],[81.0300174,20.4340898],[81.0235124,20.4419498],[81.013696,20.4470768],[80.9998276,20.451195],[80.9918785,20.4592906],[80.9903807,20.4540937],[80.9809816,20.4510376],[80.9801391,20.4451894],[80.9716507,20.4413599],[80.9663054,20.4368059],[80.9581783,20.4349628],[80.9460737,20.4414898],[80.9395042,20.440711],[80.9309933,20.43725],[80.9225052,20.4291998],[80.9159621,20.4171834],[80.9081514,20.4087983],[80.9036898,20.4002541],[80.8983774,20.4002368],[80.8931126,20.3971166],[80.8865451,20.3870715],[80.8752549,20.3867977],[80.8715811,20.3838168],[80.8665327,20.3842503],[80.8602003,20.3879127],[80.8587404,20.3754311],[80.855242,20.3725562],[80.8542316,20.3656184],[80.8510292,20.3577337],[80.8508848,20.3528471],[80.8472201,20.3480095],[80.8423046,20.3477142],[80.8345582,20.3497695],[80.8234369,20.3587585],[80.8179582,20.3586288],[80.8121454,20.3547879],[80.8211104,20.3471757],[80.8263836,20.3412282],[80.8223928,20.3309868],[80.8272181,20.3257399],[80.8297685,20.3193554],[80.8302583,20.3102306],[80.8250713,20.3004662],[80.8213939,20.2967495],[80.8107109,20.296318],[80.8060329,20.291998],[80.7904316,20.2826584],[80.784286,20.2827017],[80.7802761,20.2856371],[80.7805756,20.2909756],[80.7749192,20.2942362],[80.7687558,20.2932739],[80.7599757,20.2889142],[80.7589288,20.2917757],[80.7496672,20.2912257],[80.7458803,20.2792951],[80.7464755,20.2753202],[80.7402181,20.2732695],[80.7324754,20.2685096],[80.7270754,20.2667514],[80.7283504,20.2552247],[80.7363123,20.2394977],[80.7335558,20.2255842],[80.7281717,20.2165817],[80.7285224,20.2116359],[80.723664,20.2005598],[80.7157551,20.1910479],[80.7124773,20.1894913],[80.7044223,20.1912431],[80.6885495,20.1909786],[80.6869343,20.1953647],[80.6782304,20.203714],[80.6773993,20.2075668],[80.6662271,20.2223884],[80.6540746,20.2263563],[80.6487002,20.2205309],[80.6442981,20.2191494],[80.6456846,20.2112996],[80.6424066,20.2052976],[80.6371722,20.2006596],[80.6284507,20.1957912],[80.6261352,20.1909632],[80.6156923,20.1881808],[80.6112725,20.1838627],[80.6089617,20.1870693],[80.5958984,20.1820001],[80.5907802,20.1811953],[80.5842756,20.1774904],[80.5765973,20.1804739],[80.5738355,20.1857212],[80.5672567,20.1890885],[80.5654031,20.1827151],[80.5684339,20.1749162],[80.5672274,20.164573],[80.568752,20.154461],[80.5653871,20.1489678],[80.5665411,20.1451337],[80.5641442,20.1350972],[80.5590173,20.1248022],[80.5520725,20.1179615],[80.5523242,20.1112411],[80.5477178,20.1054219],[80.544003,20.0956374],[80.5520794,20.0822267],[80.5549057,20.0796851],[80.5566404,20.0699616],[80.5509085,20.0610347],[80.5493148,20.0552483],[80.5509129,20.0413109],[80.5478005,20.0336314],[80.5458712,20.0211558],[80.5469671,20.0179495],[80.5425649,20.0107707],[80.5498518,20.0008103],[80.5500901,19.9887887],[80.5488299,19.9838244],[80.54313,19.9769069],[80.5382374,19.9749916],[80.5358023,19.9655289],[80.5393221,19.9627597],[80.5372086,19.9593096],[80.5388588,19.9518566],[80.5310635,19.9472383],[80.5298944,19.9394673],[80.5236194,19.9337854],[80.5152012,19.9324428],[80.5000194,19.9286126],[80.4959264,19.9310577],[80.4891027,19.9305317],[80.480733,19.934371],[80.4784247,19.9384447],[80.4791239,19.9440014],[80.4731643,19.9509451],[80.4657532,19.9483168],[80.4588451,19.9536513],[80.4516723,19.9572951],[80.4304487,19.9408248],[80.419516,19.9403432],[80.4112528,19.9384939],[80.4124503,19.923733],[80.4079537,19.9127142],[80.4138831,19.9074511],[80.4237138,19.9025919],[80.4289794,19.9034494],[80.4504639,19.8964233],[80.4571679,19.8989656],[80.4620348,19.9043817],[80.4686237,19.9075644],[80.4741427,19.9038102],[80.4901666,19.9022951],[80.4937417,19.9001161],[80.499472,19.8910617],[80.5024142,19.878431],[80.5058245,19.8706498],[80.4995164,19.8696831],[80.4862872,19.8635936],[80.4825344,19.8588081],[80.4841692,19.8542277],[80.4810171,19.849271],[80.4786898,19.8393218],[80.4735836,19.8373927],[80.4694739,19.8275464],[80.4600749,19.8229944],[80.4407211,19.8103338],[80.4317084,19.8073044],[80.4281843,19.8079836],[80.4225046,19.8128538],[80.4130602,19.8163904],[80.4060836,19.815919],[80.4075837,19.8047694],[80.4016982,19.7962007],[80.4048777,19.7937183],[80.4147823,19.7958106],[80.4241623,19.7991611],[80.4404622,19.7955971],[80.4492968,19.7897712],[80.459823,19.7934389],[80.4663387,19.7935347],[80.4680305,19.7888249],[80.479432,19.7827232],[80.4822428,19.7783599],[80.482663,19.7727365],[80.4902664,19.7713999],[80.4914561,19.7785265],[80.4899931,19.7901463],[80.4859546,19.7964816],[80.4849679,19.8024772],[80.4756525,19.8036182],[80.4688777,19.8104467],[80.4805813,19.8275058],[80.5001263,19.8276871],[80.5040352,19.8308504],[80.5122991,19.830377],[80.5197536,19.8317489],[80.5448795,19.8186962],[80.546619,19.8110469],[80.5452022,19.8063893],[80.5476444,19.7972877],[80.5468474,19.7915521],[80.5424401,19.783448],[80.543741,19.775805],[80.552607,19.7655605],[80.5621525,19.7609664],[80.5714584,19.7592265],[80.5740472,19.754708],[80.5820633,19.7508178],[80.5857424,19.7415546],[80.5897895,19.7422404],[80.5937483,19.7394853],[80.5992166,19.7401725],[80.6057189,19.7367343],[80.6110578,19.7381713],[80.6139746,19.7350304],[80.6211041,19.7330312],[80.6267605,19.7257847],[80.6401314,19.7253056],[80.6490515,19.7124081],[80.6553191,19.7076575],[80.6634421,19.7059321],[80.6709131,19.7021534],[80.681729,19.7062199],[80.6907004,19.7028347],[80.6979924,19.7101194],[80.7026283,19.7102959],[80.7098289,19.7063654],[80.7126329,19.7113405],[80.7161292,19.7112645],[80.7161426,19.7178006],[80.7124012,19.7373394],[80.7068107,19.7516486],[80.7066085,19.7583817],[80.7032568,19.7611212],[80.7048484,19.7757852],[80.7109185,19.7798601],[80.7144097,19.78658],[80.7226613,19.791233],[80.731207,19.7926999],[80.7403907,19.8005821],[80.7446409,19.8077015],[80.7484202,19.8051642],[80.7576151,19.8102559],[80.7667976,19.8094306],[80.7578262,19.7955362],[80.7592745,19.792136],[80.7710946,19.7915788],[80.7749178,19.7899233],[80.7832292,19.7915854],[80.7866411,19.8002185],[80.7967498,19.8068491],[80.7977077,19.809424],[80.8115848,19.8114619],[80.8099884,19.8173466],[80.8118677,19.8201431],[80.8092926,19.8266326],[80.8028001,19.8299905],[80.7891834,19.8292844],[80.7813005,19.8341179],[80.7792971,19.840002],[80.7753229,19.8445797],[80.7714718,19.843069],[80.7664308,19.8366072],[80.7615647,19.8331354],[80.7597818,19.8233963],[80.7546237,19.8218572],[80.7474957,19.8162122],[80.7272534,19.8203356],[80.7232734,19.8282161],[80.7189983,19.8304858],[80.7246153,19.83677],[80.7214277,19.8461031],[80.7226558,19.8482885],[80.7335753,19.8554187],[80.747381,19.852612],[80.7505929,19.8552341],[80.7515946,19.8687035],[80.7592137,19.8756371],[80.7655196,19.8908802],[80.7798669,19.8923021],[80.7915731,19.8951218],[80.8092495,19.907306],[80.8172753,19.9108633],[80.8243458,19.9166423],[80.8364855,19.9349014],[80.8428639,19.9473279],[80.8646973,19.9409666],[80.875802,19.9391963],[80.8883825,19.9385499],[80.900383,19.9262001],[80.9064713,19.9221658],[80.9134225,19.9133028],[80.918434,19.9035638],[80.9191572,19.8942819],[80.9232424,19.8874381],[80.9376373,19.8739379],[80.9389719,19.8684903],[80.9437177,19.8583396],[80.9453033,19.8383799],[80.9462849,19.8348159],[80.9521333,19.8278035],[80.9591145,19.8249865],[80.9603291,19.8204467],[80.9666686,19.8146396],[80.9724039,19.8127982],[80.976548,19.8153343],[80.9817067,19.8148389],[80.9901126,19.8169972],[81.0054622,19.8151943],[81.0140919,19.806826],[81.0172383,19.7903194],[81.0184218,19.7757945],[81.0252278,19.7645563],[81.0317943,19.7616647],[81.0414363,19.7616016],[81.045966,19.7573264],[81.0515103,19.7556846],[81.0586158,19.7508094],[81.0588784,19.7467888],[81.0852512,19.7063004],[81.1866153,19.7033808],[81.2051168,19.7167609],[81.1918294,19.7294629],[81.1813587,19.7275876],[81.1597153,19.7495955],[81.1573822,19.7583478],[81.1589245,19.7645399],[81.1687383,19.7817509],[81.1707279,19.781493],[81.1735624,19.7979284],[81.1779945,19.8090427],[81.1863368,19.8101331],[81.194587,19.8073793],[81.2038284,19.8025156],[81.2166819,19.7980469],[81.223449,19.7911643],[81.2256557,19.7869897],[81.2483613,19.7686541],[81.2550246,19.7660186],[81.27073,19.7672253],[81.2884287,19.7883231],[81.2938785,19.7852761],[81.3103012,19.7785356],[81.3511108,19.7746724],[81.3584943,19.774941],[81.3598663,19.7782485],[81.3733061,19.7790815],[81.3779889,19.7856949],[81.3704665,19.7958061],[81.3715168,19.8009126],[81.375299,19.8063359],[81.3787684,19.8150792],[81.3909665,19.8280467],[81.3956655,19.836532],[81.3790835,19.8484583],[81.3773086,19.8536089],[81.3799878,19.8596582],[81.3882467,19.8649472],[81.3972453,19.8677414],[81.4024347,19.8676694],[81.4058181,19.8806798],[81.3997057,19.8888422],[81.3943111,19.8931475],[81.385055,19.8963799],[81.3762666,19.9070627],[81.3629712,19.9135233],[81.3488652,19.913148],[81.3490905,19.9218804],[81.3440477,19.9309804],[81.3308831,19.93621],[81.3264931,19.9389259],[81.3315509,19.9490263],[81.3294559,19.9593428],[81.3306274,19.9648751],[81.3202066,19.9695546],[81.3121714,19.9719868],[81.3091401,19.9750773],[81.301905,19.9759828],[81.3020058,20.000798],[81.291894,20.0100888],[81.2944798,20.0122871],[81.2916529,20.0213967],[81.3109151,20.0221335],[81.3116026,20.0253149],[81.322433,20.0301436],[81.3331901,20.0368244],[81.3480284,20.0388156],[81.3557475,20.0357472],[81.3590531,20.0476643],[81.3679367,20.0466718],[81.3746713,20.0482847],[81.3883453,20.0485407],[81.3875361,20.0547766],[81.3954245,20.069931],[81.4010812,20.0725084],[81.4056302,20.0836453],[81.4042235,20.0942136],[81.400544,20.1012668],[81.4031407,20.1064617],[81.4013015,20.1166636],[81.4082691,20.1282489],[81.4118647,20.1396995],[81.4190391,20.1489684],[81.41942,20.1571324],[81.4330378,20.1536453],[81.447571,20.1464781],[81.4552609,20.1486019],[81.4602469,20.1546495],[81.4655097,20.156947],[81.4862603,20.1635581],[81.494474,20.1641244],[81.4970991,20.1619341],[81.5020102,20.1650514],[81.5109711,20.1655478],[81.5230611,20.170098],[81.5277586,20.1744245],[81.5455979,20.1833141],[81.5504021,20.189772],[81.5578379,20.1925108],[81.5728078,20.1947669],[81.5847585,20.1955188],[81.5892934,20.187965],[81.5937831,20.1841645],[81.5949777,20.1798284],[81.6026344,20.1727038],[81.6100133,20.1679796],[81.6128155,20.1578724],[81.6190141,20.156441],[81.6238017,20.1520194],[81.6415251,20.1425339],[81.6788563,20.1299299],[81.699516,20.1333774],[81.7088772,20.1383277],[81.7173852,20.1390732],[81.7231351,20.1418569],[81.7246565,20.1503605],[81.729171,20.1571282],[81.7357529,20.1581674],[81.7470493,20.1635526],[81.7587365,20.1626325],[81.7671346,20.1568025],[81.7754447,20.1567848],[81.7881993,20.1586613],[81.80018,20.1592472],[81.8142121,20.1672987],[81.8089483,20.178798],[81.8107825,20.1911739],[81.8053734,20.1990238],[81.80215,20.2069172],[81.8010247,20.2141484],[81.7852216,20.2094024],[81.7835469,20.2139859],[81.7816275,20.2275501],[81.7749521,20.2320155],[81.7790658,20.2422792],[81.779912,20.247433],[81.7829329,20.2495257],[81.7855522,20.2564197],[81.7843555,20.2611165],[81.7976386,20.2559116],[81.800114,20.2648862],[81.7972557,20.2672032],[81.7916244,20.2762877],[81.7885573,20.2879647],[81.7801465,20.2819869],[81.7775779,20.2781566],[81.7606044,20.2829689],[81.7612445,20.2891987],[81.7585932,20.2930523],[81.7611378,20.3062204],[81.7661737,20.3096275],[81.7741928,20.3089776],[81.774917,20.3196371],[81.7889469,20.3195079],[81.7941619,20.3211536],[81.7950284,20.3262757],[81.7928237,20.3306014],[81.7843211,20.3412153],[81.7824388,20.3540792],[81.7747883,20.3528768],[81.7633336,20.3543692],[81.7622587,20.3575225],[81.7644707,20.3676352],[81.7669343,20.373033],[81.7651012,20.3788252],[81.7690047,20.3815865],[81.7674267,20.3856487],[81.7620344,20.39075],[81.7584542,20.3901171],[81.7531734,20.3936545],[81.7518274,20.399404],[81.740895,20.4114256],[81.7367362,20.4183541],[81.7329017,20.4316751],[81.7374559,20.4572676],[81.7405089,20.4628954],[81.7399766,20.4682348],[81.7331448,20.4704746],[81.7315238,20.4748276],[81.735103,20.4819325],[81.6923251,20.4813045],[81.6742697,20.4896341],[81.6592762,20.4977871],[81.6413225,20.4950336],[81.6407822,20.5044814],[81.6347543,20.5087945],[81.6191721,20.5142455],[81.6164505,20.5171025],[81.6073897,20.5122915],[81.6005082,20.5183285],[81.5942336,20.516928],[81.5863791,20.5190255],[81.5791424,20.517185],[81.5719698,20.5188741],[81.5604059,20.517121],[81.558519,20.5141193],[81.5410798,20.5151892],[81.538115,20.5079561],[81.5383824,20.5007325],[81.5247376,20.4927434],[81.5165909,20.4930895],[81.5098588,20.4963179],[81.5048973,20.5023693],[81.5044579,20.5101519],[81.5015471,20.5165651],[81.5028433,20.5199478],[81.4954784,20.5203694],[81.4879717,20.5119966],[81.4806576,20.5137407],[81.4547431,20.5138593],[81.4375102,20.5183378],[81.4243079,20.5156646],[81.4156086,20.5251581],[81.4108226,20.5257538],[81.4120506,20.5401989],[81.4101175,20.54429],[81.4103624,20.5544328]]]},"properties":{"OBJECTID":185,"dtname":"Kanker","stname":"CHHATTISGARH","stcode11":"22","dtcode11":"413","year_stat":"2011_c","dist_lgd":381,"state_lgd":22,"remarks":" ","Dist":"Kanker","InPoly_FID":953,"SimPgnFlag":0,"MaxSimpTol":100,"MinSimpTol":100,"SHAPE_Length":700076.314920471,"SHAPE_Area":8199675892.835626}},
{"type":"Feature","geometry":{"type":"Polygon","coordinates":[[[81.4720844,20.8706668],[81.460743,20.8692711],[81.4612033,20.8647279],[81.464865,20.8632764],[81.4641238,20.8535712],[81.4578097,20.8549038],[81.4514218,20.8490981],[81.4468772,20.8536091],[81.4421094,20.8515823],[81.435069,20.8513322],[81.4290602,20.8558018],[81.4205031,20.8499065],[81.4149021,20.8529044],[81.4077999,20.8540107],[81.4041631,20.8591013],[81.3976549,20.8587243],[81.3880308,20.8685759],[81.3934075,20.8793925],[81.3994131,20.8801755],[81.3999487,20.8854723],[81.4038068,20.885418],[81.4130227,20.8900212],[81.4142097,20.8990293],[81.4091033,20.8995609],[81.4081295,20.9131898],[81.4052566,20.9188821],[81.4063305,20.9268136],[81.4048496,20.9401026],[81.4170959,20.9486581],[81.4215769,20.9504043],[81.4264879,20.9612042],[81.4254671,20.9667519],[81.4207594,20.9693334],[81.4101667,20.9723077],[81.404129,20.9826453],[81.4208285,20.9875347],[81.4215815,20.9934425],[81.4200739,21.0063522],[81.4120999,21.0055612],[81.403264,21.0090929],[81.4002449,21.0157027],[81.3954415,21.0152629],[81.394222,21.0212398],[81.3892293,21.0277675],[81.3914839,21.0387308],[81.3891746,21.0431713],[81.3902218,21.0559879],[81.3882693,21.0571047],[81.3741346,21.0556361],[81.3716773,21.0543929],[81.3697377,21.0438245],[81.3655793,21.0380044],[81.3610778,21.0392799],[81.3570492,21.0365171],[81.3528733,21.0373294],[81.348248,21.0415413],[81.3398864,21.0374963],[81.3290404,21.0365607],[81.3202229,21.0376819],[81.3139072,21.0399854],[81.3043935,21.0405079],[81.3019824,21.0442636],[81.3011868,21.0621954],[81.2902348,21.0559157],[81.2837731,21.0489351],[81.2734782,21.0497317],[81.2726871,21.0394943],[81.2598603,21.0423188],[81.2483506,21.0414207],[81.2403873,21.0420985],[81.2351022,21.0467995],[81.2242633,21.0468981],[81.2193981,21.0284618],[81.2087007,21.0281582],[81.2067286,21.0367439],[81.1934219,21.0385208],[81.1929415,21.0443752],[81.1963224,21.0576333],[81.1924932,21.0588032],[81.1914044,21.0715798],[81.1795724,21.0710912],[81.1786197,21.069456],[81.165475,21.0692306],[81.1580401,21.0700685],[81.1592124,21.0769762],[81.1548474,21.076561],[81.1503786,21.0776715],[81.1441755,21.0709118],[81.1442137,21.0682429],[81.1511737,21.0569157],[81.1460106,21.0503727],[81.1395157,21.0469728],[81.1409583,21.0414676],[81.1337228,21.031718],[81.1378353,21.0292565],[81.1324234,21.0199267],[81.1237708,21.0124122],[81.120688,21.0046174],[81.1067125,21.0030359],[81.1020232,21.0051127],[81.093954,21.0016838],[81.0901232,20.9962167],[81.0748754,20.9992998],[81.0683838,20.993839],[81.0544888,20.9949627],[81.0479701,20.9945428],[81.0325686,20.9957299],[81.0245137,20.9926739],[81.0127456,21.0000253],[81.0038302,20.9998578],[80.9976705,21.003913],[80.990449,21.002853],[80.9877042,21.0055569],[80.9722989,21.0073748],[80.9732108,21.0039346],[80.9534981,21.0031842],[80.9526307,20.9981542],[80.9566209,20.9871782],[80.9558542,20.98306],[80.9481454,20.981817],[80.9399978,20.9773495],[80.9453181,20.9718874],[80.9513228,20.9705029],[80.9465933,20.9639747],[80.9442225,20.9526629],[80.941394,20.9486809],[80.9454936,20.9463308],[80.950186,20.9471191],[80.9561311,20.9512788],[80.9629993,20.9497143],[80.9606381,20.9401323],[80.9630443,20.9363556],[80.9628802,20.9268855],[80.9672861,20.9239566],[80.9646788,20.9204626],[80.9656421,20.9077899],[80.9704627,20.9003537],[80.9816164,20.8989381],[80.9820137,20.8900773],[80.9951757,20.8833214],[80.9946532,20.878905],[80.990707,20.8775529],[80.9848512,20.866718],[80.9781882,20.8616822],[80.9690853,20.8572978],[80.9644494,20.8580319],[80.9563235,20.8556244],[80.9505292,20.8457909],[80.9529419,20.8385278],[80.9576346,20.8371166],[80.9618971,20.839499],[80.9651811,20.8362728],[80.9657392,20.8297286],[80.9691754,20.8246054],[80.9752259,20.8288562],[80.9803923,20.818624],[80.9784993,20.8109567],[80.9690713,20.8116531],[80.9675622,20.8179946],[80.9608699,20.8242169],[80.956652,20.8233925],[80.9576082,20.8151907],[80.949384,20.812977],[80.946384,20.8070215],[80.9479291,20.8040221],[80.940074,20.7986104],[80.9369481,20.7885586],[80.9357249,20.7799422],[80.9321558,20.7768905],[80.926244,20.7766991],[80.9215594,20.7824802],[80.91184,20.7831103],[80.9094379,20.7787437],[80.904152,20.7851622],[80.9006226,20.7862286],[80.9001529,20.7922803],[80.9070109,20.7923424],[80.905308,20.8019712],[80.9005388,20.8020849],[80.9003285,20.8080869],[80.895093,20.8058927],[80.8903374,20.7993086],[80.8859957,20.7985368],[80.8834842,20.8036898],[80.8720919,20.7961481],[80.870709,20.7873596],[80.8612826,20.7801107],[80.8400455,20.7687088],[80.8232743,20.7646446],[80.8221186,20.7602455],[80.8170739,20.7560484],[80.8209297,20.7507554],[80.8193058,20.7446988],[80.8102702,20.7337259],[80.8094617,20.727019],[80.8032138,20.7222112],[80.8031918,20.7180112],[80.8072658,20.7100959],[80.8117065,20.7082595],[80.8171472,20.6886474],[80.827587,20.683895],[80.834617,20.686191],[80.8467684,20.6872683],[80.8517928,20.6890259],[80.8604267,20.6883538],[80.8538582,20.676489],[80.8540842,20.6730703],[80.8622139,20.6654521],[80.8723723,20.6671191],[80.8751699,20.66543],[80.8812923,20.6561625],[80.889406,20.6553356],[80.8970213,20.6596522],[80.9039163,20.6612914],[80.9095607,20.6657336],[80.9109703,20.6605034],[80.9117639,20.6484133],[80.9194887,20.6488089],[80.9255378,20.660003],[80.9274981,20.6675084],[80.9394164,20.6641803],[80.9491739,20.6686474],[80.9532461,20.6654165],[80.9617772,20.6641479],[80.9569787,20.655181],[80.953209,20.6398094],[80.9604429,20.629369],[80.9679513,20.6301328],[80.9711274,20.6229548],[80.9757205,20.6190184],[80.9788297,20.6131094],[80.9838935,20.6107488],[80.9876165,20.6116315],[80.9927571,20.6054086],[80.9992165,20.6024974],[81.0014471,20.5993044],[81.0065813,20.5982962],[81.003916,20.591863],[81.0035734,20.5844996],[81.0065455,20.5738097],[80.9944579,20.5640886],[80.989226,20.5637986],[80.9851941,20.558463],[80.9846664,20.5514811],[80.9897242,20.5438995],[80.9657919,20.5405536],[80.9541939,20.5408123],[80.9555297,20.5281253],[80.9578344,20.5255635],[80.9608204,20.5072077],[80.9675717,20.5105238],[80.9793236,20.5074143],[80.9797512,20.5018273],[80.9833273,20.5007415],[80.9846077,20.4868767],[80.9812776,20.4825144],[80.9846656,20.4719539],[80.9889626,20.4670928],[80.9918785,20.4592906],[80.9998276,20.451195],[81.013696,20.4470768],[81.0235124,20.4419498],[81.0300174,20.4340898],[81.0332337,20.4277157],[81.0414016,20.423855],[81.0533843,20.4202821],[81.068965,20.4198211],[81.0771281,20.4185823],[81.0900828,20.412811],[81.0955914,20.4069694],[81.1044719,20.4043099],[81.1086207,20.3989116],[81.11305,20.3987891],[81.1308653,20.3898636],[81.1492038,20.3769835],[81.1539608,20.3824611],[81.1580301,20.384276],[81.1608739,20.388907],[81.1691481,20.3962283],[81.1731174,20.4061362],[81.1765953,20.4061984],[81.1886215,20.4116457],[81.1974866,20.4119222],[81.2025427,20.415969],[81.2175169,20.4171968],[81.2214437,20.4184728],[81.2266304,20.4246827],[81.227115,20.4313615],[81.2336638,20.4302894],[81.2358397,20.4346418],[81.2347048,20.4433927],[81.2368854,20.4451005],[81.2438143,20.4401782],[81.2543681,20.4475634],[81.2506879,20.4597188],[81.2575118,20.4662],[81.259706,20.4733282],[81.2635277,20.4772418],[81.2635903,20.4834157],[81.2576513,20.4970285],[81.2532304,20.4990172],[81.2635816,20.5084297],[81.2795516,20.5164595],[81.291124,20.5164427],[81.3027682,20.5293718],[81.3050988,20.530282],[81.306798,20.5425793],[81.3106684,20.5491632],[81.3245132,20.5627953],[81.3357738,20.558518],[81.3391175,20.5537253],[81.3495003,20.5562548],[81.3589603,20.5541303],[81.3649784,20.5480789],[81.3668446,20.5429221],[81.3756833,20.5370555],[81.3865921,20.5333931],[81.3943991,20.5463758],[81.4103624,20.5544328],[81.4236778,20.5525707],[81.4281937,20.562401],[81.4453635,20.5674964],[81.4551075,20.5669183],[81.4529929,20.5756406],[81.4472728,20.5852782],[81.4568861,20.5881365],[81.464254,20.5844585],[81.4746713,20.5909843],[81.4807961,20.5888962],[81.4887663,20.5822143],[81.4934726,20.5868806],[81.4992225,20.588833],[81.5062764,20.5880217],[81.5157106,20.5894272],[81.5119007,20.5959551],[81.5084081,20.5921899],[81.4983277,20.5934832],[81.4928157,20.5971398],[81.4922438,20.5914688],[81.4714023,20.5950229],[81.4730108,20.5993749],[81.4864011,20.6028019],[81.493723,20.6025731],[81.5018849,20.6080428],[81.5128946,20.6135035],[81.5137856,20.6233589],[81.5091151,20.6205883],[81.5000204,20.6178416],[81.4973435,20.6106833],[81.4914096,20.6171164],[81.4885533,20.627046],[81.4910832,20.6332485],[81.4998405,20.6359502],[81.500969,20.6439027],[81.4969411,20.6519202],[81.4923881,20.6548722],[81.4944691,20.6620603],[81.5104469,20.6631949],[81.5111825,20.6726581],[81.5131869,20.674197],[81.5112373,20.6856867],[81.5082399,20.6886245],[81.5091322,20.693395],[81.5150959,20.7026257],[81.5142107,20.7054251],[81.5161039,20.7137548],[81.5089457,20.7172798],[81.4991961,20.7182781],[81.4947242,20.7135999],[81.4891983,20.7152861],[81.4840361,20.7256419],[81.4792774,20.7261449],[81.482881,20.7396517],[81.487693,20.7454606],[81.4845422,20.7492377],[81.4878882,20.7586676],[81.4815575,20.7680935],[81.4785621,20.7760636],[81.4942363,20.782073],[81.4941779,20.7892475],[81.5014612,20.7922016],[81.504716,20.7974236],[81.5105726,20.798007],[81.5147712,20.8115633],[81.5132548,20.81535],[81.5158679,20.8197477],[81.5170333,20.8277601],[81.5153792,20.8295253],[81.4993733,20.8302366],[81.4933012,20.8334024],[81.4929558,20.8386561],[81.4978024,20.8418523],[81.498271,20.8470211],[81.4890132,20.8513297],[81.4842779,20.851646],[81.4733458,20.8603466],[81.4737887,20.8680145],[81.4720844,20.8706668]],[[81.4570439,20.6241272],[81.4625038,20.6208086],[81.460093,20.6120994],[81.4492707,20.6043192],[81.4484814,20.5947001],[81.4430207,20.5948333],[81.4438569,20.602032],[81.4464921,20.6039328],[81.4478983,20.6120992],[81.4512572,20.6114464],[81.4570439,20.6241272]]]},"properties":{"OBJECTID":39,"dtname":"Balod","stname":"CHHATTISGARH","stcode11":"22","dtcode11":"719","year_stat":"update2014","dist_lgd":646,"state_lgd":22,"remarks":" ","Dist":"Balod","InPoly_FID":807,"SimPgnFlag":0,"MaxSimpTol":100,"MinSimpTol":100,"SHAPE_Length":450032.2801406558,"SHAPE_Area":3871725355.219477}},
{"type":"Feature","geometry":{"type":"MultiPolygon","coordinates":[[[[81.4570439,20.6241272],[81.4512572,20.6114464],[81.4478983,20.6120992],[81.4464921,20.6039328],[81.4438569,20.602032],[81.4430207,20.5948333],[81.4484814,20.5947001],[81.4492707,20.6043192],[81.460093,20.6120994],[81.4625038,20.6208086],[81.4570439,20.6241272]]],[[[81.8732196,20.9645892],[81.8712469,20.9627072],[81.8607562,20.9603673],[81.8569345,20.9561851],[81.8572959,20.9487426],[81.8547005,20.9433727],[81.8479612,20.9407886],[81.8354674,20.9403165],[81.8289544,20.9428523],[81.8233871,20.9488074],[81.8145213,20.9485344],[81.8149032,20.9581736],[81.8110319,20.9631263],[81.805064,20.9663713],[81.8005247,20.9647332],[81.7936642,20.9664685],[81.7876747,20.9648958],[81.7794252,20.9694423],[81.7786918,20.9745561],[81.7735181,20.9823534],[81.7640819,20.9841906],[81.7607541,20.9885054],[81.762528,20.9918532],[81.757661,20.9947574],[81.7564731,21.0011996],[81.751709,21.0017481],[81.7513753,21.0090972],[81.7482597,21.0114643],[81.7335075,21.0135246],[81.7243602,21.0112004],[81.7174435,21.0134643],[81.713603,21.0184522],[81.7077846,21.0180461],[81.7042939,21.0152288],[81.6985283,21.00381],[81.6903045,21.0037727],[81.6852347,21.0005019],[81.6827446,20.9959248],[81.6749437,21.0007394],[81.6659403,20.9990699],[81.6607609,21.0015867],[81.6569146,20.9994543],[81.6526829,21.0065539],[81.6476477,21.0097215],[81.6399587,21.0086888],[81.6348545,21.011389],[81.6321812,21.0153852],[81.6243878,21.0159253],[81.621766,21.0209345],[81.6164354,21.0217754],[81.6108398,21.0269085],[81.6073293,21.0175088],[81.612452,21.0123294],[81.6214289,20.9932085],[81.6188328,20.9853601],[81.6116159,20.9840421],[81.609049,20.9787984],[81.6130984,20.9657809],[81.6049736,20.9559248],[81.5967662,20.9554832],[81.5903665,20.9515977],[81.5908111,20.9437815],[81.5882405,20.9403605],[81.5687451,20.9380771],[81.5652303,20.9325822],[81.5488435,20.9335514],[81.541611,20.9305896],[81.5360621,20.9262201],[81.5297998,20.9191046],[81.5286564,20.9077323],[81.5242888,20.897407],[81.5190605,20.8931148],[81.4991044,20.8943955],[81.4955101,20.8894303],[81.4943422,20.8831492],[81.4873208,20.875603],[81.4844146,20.8703301],[81.4811202,20.8729154],[81.4720844,20.8706668],[81.4737887,20.8680145],[81.4733458,20.8603466],[81.4842779,20.851646],[81.4890132,20.8513297],[81.498271,20.8470211],[81.4978024,20.8418523],[81.4929558,20.8386561],[81.4933012,20.8334024],[81.4993733,20.8302366],[81.5153792,20.8295253],[81.5170333,20.8277601],[81.5158679,20.8197477],[81.5132548,20.81535],[81.5147712,20.8115633],[81.5105726,20.798007],[81.504716,20.7974236],[81.5014612,20.7922016],[81.4941779,20.7892475],[81.4942363,20.782073],[81.4785621,20.7760636],[81.4815575,20.7680935],[81.4878882,20.7586676],[81.4845422,20.7492377],[81.487693,20.7454606],[81.482881,20.7396517],[81.4792774,20.7261449],[81.4840361,20.7256419],[81.4891983,20.7152861],[81.4947242,20.7135999],[81.4991961,20.7182781],[81.5089457,20.7172798],[81.5161039,20.7137548],[81.5142107,20.7054251],[81.5150959,20.7026257],[81.5091322,20.693395],[81.5082399,20.6886245],[81.5112373,20.6856867],[81.5131869,20.674197],[81.5111825,20.6726581],[81.5104469,20.6631949],[81.4944691,20.6620603],[81.4923881,20.6548722],[81.4969411,20.6519202],[81.500969,20.6439027],[81.4998405,20.6359502],[81.4910832,20.6332485],[81.4885533,20.627046],[81.4914096,20.6171164],[81.4973435,20.6106833],[81.5000204,20.6178416],[81.5091151,20.6205883],[81.5137856,20.6233589],[81.5128946,20.6135035],[81.5018849,20.6080428],[81.493723,20.6025731],[81.4864011,20.6028019],[81.4730108,20.5993749],[81.4714023,20.5950229],[81.4922438,20.5914688],[81.4928157,20.5971398],[81.4983277,20.5934832],[81.5084081,20.5921899],[81.5119007,20.5959551],[81.5157106,20.5894272],[81.5062764,20.5880217],[81.4992225,20.588833],[81.4934726,20.5868806],[81.4887663,20.5822143],[81.4807961,20.5888962],[81.4746713,20.5909843],[81.464254,20.5844585],[81.4568861,20.5881365],[81.4472728,20.5852782],[81.4529929,20.5756406],[81.4551075,20.5669183],[81.4453635,20.5674964],[81.4281937,20.562401],[81.4236778,20.5525707],[81.4103624,20.5544328],[81.4101175,20.54429],[81.4120506,20.5401989],[81.4108226,20.5257538],[81.4156086,20.5251581],[81.4243079,20.5156646],[81.4375102,20.5183378],[81.4547431,20.5138593],[81.4806576,20.5137407],[81.4879717,20.5119966],[81.4954784,20.5203694],[81.5028433,20.5199478],[81.5015471,20.5165651],[81.5044579,20.5101519],[81.5048973,20.5023693],[81.5098588,20.4963179],[81.5165909,20.4930895],[81.5247376,20.4927434],[81.5383824,20.5007325],[81.538115,20.5079561],[81.5410798,20.5151892],[81.558519,20.5141193],[81.5604059,20.517121],[81.5719698,20.5188741],[81.5791424,20.517185],[81.5863791,20.5190255],[81.5942336,20.516928],[81.6005082,20.5183285],[81.6073897,20.5122915],[81.6164505,20.5171025],[81.6191721,20.5142455],[81.6347543,20.5087945],[81.6407822,20.5044814],[81.6413225,20.4950336],[81.6592762,20.4977871],[81.6742697,20.4896341],[81.6923251,20.4813045],[81.735103,20.4819325],[81.7315238,20.4748276],[81.7331448,20.4704746],[81.7399766,20.4682348],[81.7405089,20.4628954],[81.7374559,20.4572676],[81.7329017,20.4316751],[81.7367362,20.4183541],[81.740895,20.4114256],[81.7518274,20.399404],[81.7531734,20.3936545],[81.7584542,20.3901171],[81.7620344,20.39075],[81.7674267,20.3856487],[81.7690047,20.3815865],[81.7651012,20.3788252],[81.7669343,20.373033],[81.7644707,20.3676352],[81.7622587,20.3575225],[81.7633336,20.3543692],[81.7747883,20.3528768],[81.7824388,20.3540792],[81.7843211,20.3412153],[81.7928237,20.3306014],[81.7950284,20.3262757],[81.7941619,20.3211536],[81.7889469,20.3195079],[81.774917,20.3196371],[81.7741928,20.3089776],[81.7661737,20.3096275],[81.7611378,20.3062204],[81.7585932,20.2930523],[81.7612445,20.2891987],[81.7606044,20.2829689],[81.7775779,20.2781566],[81.7801465,20.2819869],[81.7885573,20.2879647],[81.7916244,20.2762877],[81.7972557,20.2672032],[81.800114,20.2648862],[81.7976386,20.2559116],[81.7843555,20.2611165],[81.7855522,20.2564197],[81.7829329,20.2495257],[81.779912,20.247433],[81.7790658,20.2422792],[81.7749521,20.2320155],[81.7816275,20.2275501],[81.7835469,20.2139859],[81.7852216,20.2094024],[81.8010247,20.2141484],[81.80215,20.2069172],[81.8053734,20.1990238],[81.8107825,20.1911739],[81.8089483,20.178798],[81.8142121,20.1672987],[81.825698,20.1694272],[81.8336436,20.1663942],[81.840615,20.1663166],[81.8461876,20.1642942],[81.8453633,20.1598341],[81.8468761,20.1383199],[81.8467971,20.1119118],[81.8543601,20.1025207],[81.8577244,20.0960241],[81.8666099,20.0905822],[81.8703394,20.0733765],[81.8713841,20.058901],[81.8692382,20.0551161],[81.8759661,20.0520435],[81.8819142,20.0443387],[81.8890571,20.0448035],[81.8968217,20.0495926],[81.901445,20.0579069],[81.9160627,20.0719823],[81.9213829,20.0799707],[81.9227618,20.0871607],[81.9373465,20.1024515],[81.9456429,20.1051695],[81.9581538,20.0978542],[81.9633323,20.0904492],[81.9736595,20.0839512],[81.983861,20.0732432],[81.9865879,20.0627406],[81.9953448,20.0535663],[82.003368,20.0533398],[82.0057488,20.055611],[82.0122743,20.0539148],[82.0176839,20.0489768],[82.0216129,20.0539069],[82.022487,20.0620915],[82.0277455,20.0723108],[82.0312534,20.0759553],[82.0363298,20.0959978],[82.0448039,20.0962661],[82.0533363,20.0996639],[82.0635919,20.105214],[82.0698979,20.1060877],[82.0779122,20.102732],[82.0925883,20.1007209],[82.1055301,20.105499],[82.1138798,20.1161858],[82.1144619,20.1347601],[82.129246,20.141456],[82.1373693,20.1488627],[82.1319272,20.1577243],[82.1340487,20.1629159],[82.1324179,20.1669177],[82.1354222,20.1751195],[82.1334685,20.1785566],[82.1341816,20.186124],[82.138995,20.1972117],[82.1452107,20.2072941],[82.1478198,20.217973],[82.1502967,20.2228797],[82.1548806,20.2235361],[82.1644693,20.2328472],[82.1637005,20.2391252],[82.1747202,20.2524342],[82.1802238,20.2570083],[82.1718354,20.2608877],[82.1665462,20.2604481],[82.1556146,20.269586],[82.1570031,20.2765516],[82.1526198,20.2820122],[82.1451477,20.2872198],[82.1317453,20.2886817],[82.1158853,20.2875216],[82.1086109,20.2907445],[82.1053821,20.3034444],[82.0942418,20.3244323],[82.0855095,20.3299279],[82.0877181,20.3348525],[82.0885704,20.3454985],[82.0855055,20.3569952],[82.0808623,20.3653282],[82.0807991,20.3687078],[82.0854283,20.3780229],[82.0852452,20.3824476],[82.0819154,20.3856238],[82.0803666,20.3913369],[82.0846259,20.3977247],[82.0852909,20.4104285],[82.0825948,20.4149304],[82.0758446,20.4213194],[82.0745101,20.4291704],[82.0716414,20.4320048],[82.0644137,20.434021],[82.0615445,20.4372848],[82.0635351,20.4444515],[82.0569293,20.4516159],[82.0518562,20.4630717],[82.0560303,20.4736928],[82.0555094,20.478169],[82.0514925,20.4823757],[82.0479439,20.4918461],[82.0472609,20.5012135],[82.040856,20.5030914],[82.0360464,20.5174521],[82.0322721,20.5209281],[82.0241787,20.5237564],[82.0201384,20.5316153],[82.0214398,20.5438103],[82.0185491,20.554981],[82.0173767,20.5645114],[82.0179139,20.5760124],[82.0086154,20.5935275],[82.0043886,20.6088147],[81.9945734,20.635242],[81.9980843,20.6483132],[82.0015599,20.6516869],[82.006398,20.6643877],[82.012121,20.6695497],[82.0115417,20.6748721],[82.0035139,20.6790485],[81.9982651,20.6838625],[81.9932142,20.6924573],[81.9829854,20.701763],[81.981878,20.7097621],[81.9844596,20.7173561],[81.9837595,20.7215488],[81.9749364,20.7280988],[81.9558416,20.7349739],[81.9412293,20.7372385],[81.9345504,20.7401093],[81.9258804,20.7471176],[81.9228357,20.7514107],[81.9242241,20.7634089],[81.9195573,20.7746457],[81.909611,20.7852805],[81.9110773,20.7945174],[81.9207168,20.8037641],[81.9247273,20.8104773],[81.9199123,20.8193767],[81.9142212,20.8226872],[81.9084383,20.8283909],[81.9023666,20.8396337],[81.9004148,20.8520366],[81.8967503,20.8599684],[81.8911517,20.8673926],[81.8880298,20.8815096],[81.8908587,20.8890625],[81.8924487,20.8982594],[81.8897021,20.9041866],[81.881579,20.9095726],[81.876475,20.9199006],[81.8764082,20.9316723],[81.8735526,20.9384636],[81.8732196,20.9645892]]]]},"properties":{"OBJECTID":105,"dtname":"Dhamtari","stname":"CHHATTISGARH","stcode11":"22","dtcode11":"412","year_stat":"2011_c","dist_lgd":377,"state_lgd":22,"remarks":" ","Dist":"Dhamtari","InPoly_FID":873,"SimPgnFlag":0,"MaxSimpTol":100,"MinSimpTol":100,"SHAPE_Length":468888.35281822464,"SHAPE_Area":4685071427.852989}},
{"type":"Feature","geometry":{"type":"Polygon","coordinates":[[[82.345965,20.8729062],[82.3382015,20.8706456],[82.3367319,20.8776588],[82.3258354,20.8799367],[82.3182338,20.8787285],[82.3121302,20.8810206],[82.3079572,20.8854855],[82.297769,20.9011183],[82.2883915,20.9028955],[82.2810751,20.9056622],[82.2749419,20.9102471],[82.2710497,20.9195096],[82.2701732,20.9254161],[82.2720591,20.9334627],[82.26559,20.9453089],[82.2589907,20.9406237],[82.2508876,20.9396072],[82.2464127,20.9409553],[82.2427863,20.9472995],[82.2366121,20.9472254],[82.2238348,20.952047],[82.2207405,20.9502423],[82.2244105,20.9454883],[82.2262063,20.9387518],[82.219711,20.9346703],[82.217639,20.9369121],[82.20921,20.9394643],[82.2069059,20.9425253],[82.1984654,20.9391613],[82.1917141,20.9468135],[82.1888403,20.9539782],[82.1863686,20.9669123],[82.1766909,20.968439],[82.1718443,20.9745662],[82.1738641,20.9843635],[82.1671328,21.0074146],[82.1614359,21.0163758],[82.1475649,21.0163647],[82.1397447,21.0187906],[82.130534,21.0161448],[82.1254551,21.0164385],[82.1190725,21.0213519],[82.1082259,21.0260027],[82.0929111,21.0257386],[82.0805953,21.0338106],[82.07879,21.0385384],[82.071251,21.0419955],[82.0663379,21.0461893],[82.0625318,21.0599935],[82.0580131,21.0625162],[82.0529049,21.0601026],[82.037727,21.0583704],[82.0320563,21.056019],[82.0251907,21.0567513],[82.0182266,21.0605496],[82.0124444,21.0660464],[82.0097793,21.0717935],[82.0027751,21.0761917],[81.9952561,21.076571],[81.9881833,21.0833353],[81.9780989,21.0717247],[81.9706473,21.0588587],[81.9535177,21.0363661],[81.9453668,21.0306766],[81.9233104,21.0176051],[81.9151579,21.0072816],[81.9022594,20.9970859],[81.8896783,20.9887102],[81.8860376,20.9835847],[81.8778917,20.976716],[81.8732196,20.9645892],[81.8735526,20.9384636],[81.8764082,20.9316723],[81.876475,20.9199006],[81.881579,20.9095726],[81.8897021,20.9041866],[81.8924487,20.8982594],[81.8908587,20.8890625],[81.8880298,20.8815096],[81.8911517,20.8673926],[81.8967503,20.8599684],[81.9004148,20.8520366],[81.9023666,20.8396337],[81.9084383,20.8283909],[81.9142212,20.8226872],[81.9199123,20.8193767],[81.9247273,20.8104773],[81.9207168,20.8037641],[81.9110773,20.7945174],[81.909611,20.7852805],[81.9195573,20.7746457],[81.9242241,20.7634089],[81.9228357,20.7514107],[81.9258804,20.7471176],[81.9345504,20.7401093],[81.9412293,20.7372385],[81.9558416,20.7349739],[81.9749364,20.7280988],[81.9837595,20.7215488],[81.9844596,20.7173561],[81.981878,20.7097621],[81.9829854,20.701763],[81.9932142,20.6924573],[81.9982651,20.6838625],[82.0035139,20.6790485],[82.0115417,20.6748721],[82.012121,20.6695497],[82.006398,20.6643877],[82.0015599,20.6516869],[81.9980843,20.6483132],[81.9945734,20.635242],[82.0043886,20.6088147],[82.0086154,20.5935275],[82.0179139,20.5760124],[82.0173767,20.5645114],[82.0185491,20.554981],[82.0214398,20.5438103],[82.0201384,20.5316153],[82.0241787,20.5237564],[82.0322721,20.5209281],[82.0360464,20.5174521],[82.040856,20.5030914],[82.0472609,20.5012135],[82.0479439,20.4918461],[82.0514925,20.4823757],[82.0555094,20.478169],[82.0560303,20.4736928],[82.0518562,20.4630717],[82.0569293,20.4516159],[82.0635351,20.4444515],[82.0615445,20.4372848],[82.0644137,20.434021],[82.0716414,20.4320048],[82.0745101,20.4291704],[82.0758446,20.4213194],[82.0825948,20.4149304],[82.0852909,20.4104285],[82.0846259,20.3977247],[82.0803666,20.3913369],[82.0819154,20.3856238],[82.0852452,20.3824476],[82.0854283,20.3780229],[82.0807991,20.3687078],[82.0808623,20.3653282],[82.0855055,20.3569952],[82.0885704,20.3454985],[82.0877181,20.3348525],[82.0855095,20.3299279],[82.0942418,20.3244323],[82.1053821,20.3034444],[82.1086109,20.2907445],[82.1158853,20.2875216],[82.1317453,20.2886817],[82.1451477,20.2872198],[82.1526198,20.2820122],[82.1570031,20.2765516],[82.1556146,20.269586],[82.1665462,20.2604481],[82.1718354,20.2608877],[82.1802238,20.2570083],[82.1747202,20.2524342],[82.1637005,20.2391252],[82.1644693,20.2328472],[82.1548806,20.2235361],[82.1502967,20.2228797],[82.1478198,20.217973],[82.1452107,20.2072941],[82.138995,20.1972117],[82.1341816,20.186124],[82.1334685,20.1785566],[82.1354222,20.1751195],[82.1324179,20.1669177],[82.1340487,20.1629159],[82.1319272,20.1577243],[82.1373693,20.1488627],[82.129246,20.141456],[82.1144619,20.1347601],[82.1138798,20.1161858],[82.1055301,20.105499],[82.0925883,20.1007209],[82.0779122,20.102732],[82.0698979,20.1060877],[82.0635919,20.105214],[82.0533363,20.0996639],[82.0448039,20.0962661],[82.0363298,20.0959978],[82.0312534,20.0759553],[82.0277455,20.0723108],[82.022487,20.0620915],[82.0216129,20.0539069],[82.0176839,20.0489768],[82.0227201,20.0321453],[82.0215466,20.0237092],[82.0325614,20.0157209],[82.0399027,20.0238817],[82.0373366,20.0279453],[82.0426175,20.034657],[82.0475797,20.0363801],[82.0590891,20.044982],[82.0635398,20.0545316],[82.0704694,20.0569479],[82.0854337,20.0507153],[82.0845939,20.0460464],[82.0889327,20.0394352],[82.1020156,20.0402345],[82.1031936,20.0310914],[82.1102127,20.0272918],[82.1176804,20.0204102],[82.1284919,20.0142001],[82.1363265,20.0189286],[82.1398077,20.0187273],[82.1478277,20.0130672],[82.1534676,20.0075607],[82.1605828,20.0091199],[82.1712349,20.0055109],[82.1704179,20.0024398],[82.1772372,19.9968654],[82.1803292,19.9911366],[82.1882179,19.9861914],[82.1949878,19.9871894],[82.2044946,19.9858047],[82.2101045,19.9862503],[82.216713,19.997059],[82.2220347,19.9991978],[82.2292925,19.9998172],[82.2371235,20.0033276],[82.2462041,19.9953459],[82.2500054,19.9890621],[82.2562464,19.9834472],[82.2691695,19.9752612],[82.2748747,19.9630409],[82.2758138,19.9485887],[82.3015885,19.9027115],[82.3035272,19.8888423],[82.3142416,19.877185],[82.3263414,19.8616125],[82.3307022,19.8448534],[82.3439528,19.835089],[82.3482863,19.8361316],[82.3600417,19.8472705],[82.3646283,19.854695],[82.3609051,19.8567788],[82.3606855,19.8625099],[82.3723045,19.8608105],[82.3764946,19.862383],[82.3841225,19.8714455],[82.382952,19.8738572],[82.3921667,19.8816901],[82.3948706,19.8880151],[82.4017761,19.8899418],[82.4052369,19.8942628],[82.411612,19.8982574],[82.4176211,19.8993556],[82.4180214,19.9040727],[82.438348,19.905593],[82.4430069,19.9091503],[82.4506751,19.9093963],[82.4642158,19.9008473],[82.4717912,19.9012791],[82.4732239,19.9070657],[82.4847791,19.9077457],[82.4893026,19.9044657],[82.5017979,19.9023149],[82.5051565,19.8984197],[82.5028747,19.8944729],[82.5046053,19.8906278],[82.5118019,19.888132],[82.5176957,19.8912619],[82.5213067,19.8888596],[82.5233001,19.8830831],[82.5314189,19.8782389],[82.5349115,19.8868908],[82.5407592,19.8842475],[82.548388,19.8757027],[82.5542846,19.8805658],[82.558906,19.8785469],[82.5617053,19.8742854],[82.5713943,19.8777913],[82.57399,19.8771178],[82.5828948,19.8694186],[82.5961609,19.8729816],[82.6037808,19.8663138],[82.5970549,19.8554746],[82.5900494,19.851928],[82.5845653,19.8438688],[82.5797352,19.8401127],[82.575788,19.8333945],[82.5785287,19.8180077],[82.5762946,19.8155566],[82.5799662,19.8064899],[82.5846887,19.8019174],[82.5827686,19.7935552],[82.5844868,19.7882549],[82.5816564,19.7838577],[82.5832279,19.7791821],[82.5948897,19.7752929],[82.5952935,19.7784694],[82.6021531,19.7811183],[82.6037837,19.7881231],[82.611249,19.7906806],[82.6238238,19.7921161],[82.6319558,19.799626],[82.6366256,19.8129266],[82.6417538,19.8145372],[82.6475995,19.8195424],[82.6521592,19.8321659],[82.6609979,19.8320206],[82.6642377,19.8305314],[82.6780156,19.8321188],[82.6932476,19.8303759],[82.7039234,19.8320133],[82.707945,19.8358141],[82.7129292,19.8448091],[82.7112522,19.850006],[82.7181649,19.8535937],[82.7197898,19.8568482],[82.7199519,19.8683465],[82.7239171,19.8756436],[82.7140524,19.8778074],[82.7135496,19.8834448],[82.7097422,19.8926099],[82.7074082,19.9020409],[82.7090891,19.9056021],[82.7079238,19.9140463],[82.712762,19.9185211],[82.7111842,19.9254515],[82.7130724,19.9384553],[82.7204916,19.9482935],[82.7155242,19.9536263],[82.7146149,19.9587706],[82.7175164,19.9655538],[82.7181398,19.9891389],[82.7154469,19.9959267],[82.7089969,19.9986223],[82.699582,19.9975656],[82.6926653,20.0000032],[82.6681968,20.0014638],[82.6519822,20.0058933],[82.6427078,20.0036624],[82.6415066,20.0067133],[82.6332972,20.0048741],[82.6227557,19.9932134],[82.6083832,19.9904264],[82.5957325,19.9915706],[82.5903359,19.9937331],[82.583282,20.0031782],[82.5699905,20.0101713],[82.5535548,20.0153935],[82.5501086,20.0177725],[82.534453,20.0178456],[82.533181,20.0152954],[82.5091125,20.0181629],[82.4937345,20.0243688],[82.4785696,20.0381742],[82.4700118,20.0359146],[82.4606749,20.0419003],[82.4575309,20.0399704],[82.449604,20.040284],[82.4405247,20.0431814],[82.4310236,20.0491581],[82.4168151,20.0521545],[82.4095408,20.051788],[82.4000423,20.0561143],[82.3958346,20.0689721],[82.4014923,20.0810201],[82.3997629,20.0897972],[82.4010164,20.0974079],[82.3981758,20.1016947],[82.3987174,20.1131326],[82.3976691,20.1237745],[82.3942323,20.1299226],[82.3931527,20.137606],[82.3860145,20.1455268],[82.3871984,20.14905],[82.3940384,20.1522529],[82.3937861,20.1567225],[82.3900067,20.1636954],[82.3949145,20.1701162],[82.4044134,20.1757684],[82.4075434,20.1812318],[82.4112613,20.1812878],[82.4140801,20.1898568],[82.4145626,20.2009111],[82.4203174,20.2044649],[82.4202873,20.2106311],[82.422471,20.2208177],[82.4150743,20.226813],[82.4134301,20.2360458],[82.4106867,20.240174],[82.4112268,20.2453825],[82.4212901,20.2467331],[82.4162559,20.2568696],[82.4113886,20.2601116],[82.4123415,20.2670423],[82.4159581,20.2720498],[82.425025,20.2752241],[82.4352804,20.2847528],[82.437558,20.2918847],[82.4366486,20.2960569],[82.4320466,20.298561],[82.4298794,20.3029151],[82.4315261,20.312776],[82.4221092,20.3234274],[82.4176774,20.3242223],[82.4089535,20.3327941],[82.4003886,20.3394489],[82.4013193,20.3438773],[82.4062676,20.3529892],[82.4050488,20.3580356],[82.4111996,20.3712889],[82.4180525,20.3821104],[82.417324,20.3862767],[82.4211737,20.3928493],[82.4166092,20.4076528],[82.4320051,20.4166378],[82.4296604,20.4278685],[82.4378744,20.4341427],[82.4339798,20.4456662],[82.4257339,20.4453275],[82.4270554,20.4690627],[82.4236458,20.4751209],[82.4176335,20.4817424],[82.4147889,20.4778493],[82.4090087,20.4647923],[82.4044804,20.4601673],[82.3974689,20.4644562],[82.3978429,20.4729454],[82.3937399,20.4825003],[82.3904315,20.487193],[82.3911182,20.4921112],[82.3880021,20.5107284],[82.389699,20.5176032],[82.3782458,20.5220266],[82.3709184,20.5230106],[82.357145,20.5297907],[82.3486138,20.5466656],[82.3356347,20.5552627],[82.3326637,20.560521],[82.3343152,20.5689959],[82.3433498,20.5715235],[82.3506397,20.5812687],[82.3437442,20.5957726],[82.3479906,20.6029534],[82.3523312,20.6028427],[82.3552815,20.6088001],[82.3622623,20.6099107],[82.3650571,20.6150337],[82.3645161,20.6221839],[82.3709459,20.625986],[82.3764975,20.6324102],[82.3748926,20.6385662],[82.3688159,20.6487193],[82.369968,20.6555578],[82.3687516,20.6595875],[82.3738177,20.6674023],[82.3670498,20.6801897],[82.3614499,20.681955],[82.3549978,20.6931899],[82.3523926,20.7036268],[82.3504267,20.7063231],[82.3507566,20.7172809],[82.3540136,20.719663],[82.3455587,20.731591],[82.3535531,20.7359234],[82.3420665,20.7657037],[82.3436353,20.7709538],[82.343862,20.7922316],[82.34583,20.798567],[82.3422536,20.8037128],[82.3431742,20.8089318],[82.340717,20.814656],[82.3393357,20.8257651],[82.3414016,20.8295613],[82.3414518,20.8379398],[82.3395269,20.8468353],[82.3444599,20.856368],[82.345965,20.8729062]]]},"properties":{"OBJECTID":132,"dtname":"Gariyaband","stname":"CHHATTISGARH","stcode11":"22","dtcode11":"720","year_stat":"update2014","dist_lgd":645,"state_lgd":22,"remarks":" ","Dist":"Gariyaband","InPoly_FID":900,"SimPgnFlag":0,"MaxSimpTol":100,"MinSimpTol":100,"SHAPE_Length":556636.8902016167,"SHAPE_Area":5546251227.180648}},
{"type":"Feature","geometry":{"type":"Polygon","coordinates":[[[83.2687284,21.3785899],[83.2605289,21.3808631],[83.2442612,21.3833723],[83.2363476,21.3814586],[83.2218265,21.383152],[83.2205061,21.3917465],[83.2169308,21.3956818],[83.2014882,21.3995958],[83.194191,21.3863314],[83.1907439,21.3872179],[83.1894266,21.3957534],[83.1792691,21.4021334],[83.1739124,21.3898926],[83.1657044,21.3849364],[83.1531279,21.3754332],[83.1506384,21.3660902],[83.1425054,21.3657345],[83.1405534,21.3706706],[83.1307574,21.3789126],[83.1326576,21.3917286],[83.1300445,21.3983083],[83.1178735,21.40277],[83.1142803,21.4116569],[83.1181284,21.4165162],[83.1236744,21.4157079],[83.1226231,21.4226036],[83.1074112,21.4288888],[83.1005676,21.4270771],[83.0926382,21.4292479],[83.0884363,21.4333701],[83.0706774,21.4333653],[83.0590473,21.4364093],[83.0568603,21.440843],[83.0514804,21.4445392],[83.0544773,21.4617096],[83.0493019,21.4787455],[83.0465886,21.4823027],[83.0400266,21.4826969],[83.0320965,21.4874479],[83.0158055,21.4901746],[83.0148541,21.4719212],[83.0087216,21.4666425],[83.0052727,21.4602232],[82.9986159,21.4596855],[82.9869929,21.4674421],[82.977043,21.4781419],[82.9687121,21.472502],[82.9653925,21.4719484],[82.9634469,21.4856234],[82.9594896,21.4924488],[82.9531085,21.4971573],[82.9459655,21.4938008],[82.9387336,21.4961114],[82.9321707,21.4948493],[82.9216598,21.4898175],[82.9164889,21.4949714],[82.9072474,21.5110501],[82.9036112,21.5227286],[82.8986509,21.5290695],[82.8969435,21.5357486],[82.881094,21.5548833],[82.8751034,21.5565226],[82.8600093,21.5502768],[82.8483581,21.5434971],[82.8356401,21.5411238],[82.8354722,21.5372222],[82.8317334,21.5310572],[82.8282592,21.5286584],[82.8207387,21.5314379],[82.8291949,21.5150255],[82.8284155,21.5073439],[82.8253136,21.5045026],[82.8148547,21.5093898],[82.8019887,21.5109698],[82.7943701,21.5087446],[82.7839487,21.5130924],[82.7734759,21.5213458],[82.767978,21.5227513],[82.7610567,21.5174542],[82.7588879,21.5137769],[82.752148,21.5116542],[82.7421628,21.5008047],[82.7388734,21.4959967],[82.7256345,21.4913224],[82.7115301,21.4900568],[82.7080597,21.488013],[82.7037068,21.4864798],[82.6908235,21.484968],[82.6908921,21.4764603],[82.6927095,21.4629301],[82.6982157,21.4474069],[82.69877,21.4371015],[82.697657,21.4201813],[82.7001001,21.3974609],[82.6977419,21.3872877],[82.7013932,21.3806117],[82.7029018,21.3704684],[82.7001982,21.3631133],[82.6993413,21.355965],[82.7005006,21.3512544],[82.6992756,21.3404395],[82.6964172,21.3304471],[82.6833472,21.3304365],[82.6690208,21.3284786],[82.6511738,21.3310745],[82.6552427,21.3357522],[82.6523668,21.3442923],[82.6445433,21.3420625],[82.6329025,21.3417159],[82.6321937,21.3370103],[82.6280773,21.3353712],[82.6176032,21.3423391],[82.6136317,21.3386404],[82.6009117,21.3373521],[82.5979373,21.3396457],[82.59305,21.3381907],[82.5862704,21.3301555],[82.5812237,21.3312607],[82.5781889,21.3257506],[82.56992,21.3213451],[82.5632087,21.3160772],[82.5583439,21.3206861],[82.5504744,21.3192919],[82.5473843,21.3209027],[82.5419152,21.3191028],[82.5407031,21.3234419],[82.5313198,21.3302153],[82.5274339,21.3247851],[82.5205483,21.3225049],[82.5171489,21.3180728],[82.4959774,21.3155323],[82.4906913,21.3164708],[82.4812683,21.3213542],[82.4794884,21.3261602],[82.4740804,21.3255539],[82.4644868,21.3215447],[82.464621,21.312278],[82.4608163,21.3082292],[82.4726463,21.2998819],[82.4752174,21.2966244],[82.4631702,21.2958861],[82.4555221,21.29421],[82.4562798,21.278851],[82.4485115,21.2760637],[82.4439849,21.2810965],[82.4401791,21.2824754],[82.4366311,21.2896163],[82.4438952,21.2951229],[82.4468282,21.3018549],[82.4374247,21.3086912],[82.4286835,21.3102612],[82.423806,21.3088403],[82.4178115,21.3101966],[82.4072273,21.3042245],[82.4008748,21.2985175],[82.3956751,21.2959125],[82.3954816,21.2908096],[82.3922234,21.283562],[82.3921686,21.2679594],[82.3899229,21.26236],[82.3787606,21.2650657],[82.3748824,21.2731086],[82.3608138,21.276644],[82.3585792,21.2664829],[82.3454558,21.2666889],[82.3442212,21.2728303],[82.3521222,21.2752792],[82.3471868,21.2848658],[82.343303,21.2860212],[82.3386351,21.2815405],[82.3289586,21.286343],[82.3248898,21.2925874],[82.3148336,21.292408],[82.3110868,21.2878411],[82.3102079,21.2810533],[82.2988756,21.2810396],[82.2974557,21.2689544],[82.2852698,21.2716715],[82.2768572,21.2725338],[82.2779908,21.2777729],[82.275759,21.2864422],[82.2773347,21.3010611],[82.2643426,21.3017079],[82.2616915,21.3089903],[82.2480732,21.3141151],[82.2521036,21.3180695],[82.2553864,21.3291719],[82.2550253,21.3404659],[82.2522646,21.3447766],[82.2561526,21.3533595],[82.2501559,21.3589233],[82.2446153,21.3607119],[82.2433438,21.3648429],[82.2508864,21.3730991],[82.2565916,21.3830426],[82.2751093,21.3855202],[82.2766669,21.3924394],[82.2749107,21.4012217],[82.2723232,21.4053702],[82.264389,21.4073747],[82.2617857,21.4127062],[82.2454124,21.4192514],[82.2465772,21.4274575],[82.2523511,21.4323255],[82.2449046,21.4346369],[82.2331258,21.4339585],[82.2301097,21.4250643],[82.2181821,21.4090266],[82.1977708,21.3836306],[82.193468,21.3792114],[82.1895314,21.3740062],[82.1772967,21.3514266],[82.1707527,21.3432503],[82.1656165,21.3337457],[82.150966,21.3180333],[82.1459336,21.3112151],[82.1342658,21.3018366],[82.1301166,21.299904],[82.1217032,21.2902445],[82.1123219,21.2863243],[82.0987683,21.284119],[82.0907512,21.2815932],[82.0814775,21.2769352],[82.0590554,21.263457],[82.0507485,21.2565035],[82.0454961,21.2501407],[82.0368822,21.2434258],[82.0283923,21.2322307],[82.0170268,21.2098925],[82.0161668,21.2005846],[82.0174337,21.1932921],[82.0163134,21.1843724],[82.017096,21.1741397],[82.0124692,21.1547361],[82.001237,21.1442106],[81.9973291,21.1363047],[81.9960946,21.1257799],[81.9921738,21.113142],[81.9881833,21.0833353],[81.9952561,21.076571],[82.0027751,21.0761917],[82.0097793,21.0717935],[82.0124444,21.0660464],[82.0182266,21.0605496],[82.0251907,21.0567513],[82.0320563,21.056019],[82.037727,21.0583704],[82.0529049,21.0601026],[82.0580131,21.0625162],[82.0625318,21.0599935],[82.0663379,21.0461893],[82.071251,21.0419955],[82.07879,21.0385384],[82.0805953,21.0338106],[82.0929111,21.0257386],[82.1082259,21.0260027],[82.1190725,21.0213519],[82.1254551,21.0164385],[82.130534,21.0161448],[82.1397447,21.0187906],[82.1475649,21.0163647],[82.1614359,21.0163758],[82.1671328,21.0074146],[82.1738641,20.9843635],[82.1718443,20.9745662],[82.1766909,20.968439],[82.1863686,20.9669123],[82.1888403,20.9539782],[82.1917141,20.9468135],[82.1984654,20.9391613],[82.2069059,20.9425253],[82.20921,20.9394643],[82.217639,20.9369121],[82.219711,20.9346703],[82.2262063,20.9387518],[82.2244105,20.9454883],[82.2207405,20.9502423],[82.2238348,20.952047],[82.2366121,20.9472254],[82.2427863,20.9472995],[82.2464127,20.9409553],[82.2508876,20.9396072],[82.2589907,20.9406237],[82.26559,20.9453089],[82.2720591,20.9334627],[82.2701732,20.9254161],[82.2710497,20.9195096],[82.2749419,20.9102471],[82.2810751,20.9056622],[82.2883915,20.9028955],[82.297769,20.9011183],[82.3079572,20.8854855],[82.3121302,20.8810206],[82.3182338,20.8787285],[82.3258354,20.8799367],[82.3367319,20.8776588],[82.3382015,20.8706456],[82.345965,20.8729062],[82.3511927,20.8897404],[82.3637551,20.8884889],[82.3594749,20.8738069],[82.3646083,20.8706719],[82.3759158,20.8679796],[82.3850548,20.8740895],[82.3887155,20.8744619],[82.3955662,20.8700292],[82.4052823,20.8701744],[82.407469,20.8652702],[82.4068509,20.8592769],[82.4128147,20.8510794],[82.4104927,20.8422584],[82.4185894,20.8366003],[82.4203141,20.8314637],[82.4269829,20.8314762],[82.4393411,20.8356366],[82.443564,20.8310753],[82.4490164,20.8310067],[82.4539876,20.8278525],[82.4644854,20.828996],[82.468784,20.8351791],[82.4653855,20.8429544],[82.470437,20.8480783],[82.4802755,20.8508119],[82.4827939,20.8533287],[82.4868101,20.8635017],[82.4859782,20.870284],[82.4901177,20.8768064],[82.4891158,20.8980167],[82.4871501,20.9043707],[82.4897608,20.9102785],[82.5065516,20.9204111],[82.515944,20.9217643],[82.5230047,20.9306942],[82.52995,20.9348055],[82.5371991,20.9347223],[82.543026,20.9366073],[82.5521388,20.9419627],[82.5591479,20.9479375],[82.5655753,20.9589577],[82.5671209,20.9646841],[82.5732184,20.9743702],[82.5800544,20.9791938],[82.5860447,20.9895126],[82.5909666,20.9956182],[82.5949875,20.997893],[82.6113623,21.012973],[82.6127554,21.0217532],[82.6220156,21.032026],[82.6287918,21.0380358],[82.6297855,21.0409439],[82.6246929,21.05045],[82.6178779,21.0546793],[82.6172458,21.0598567],[82.6118613,21.0691936],[82.6119833,21.0746936],[82.6145213,21.0780207],[82.6197118,21.0796333],[82.6282125,21.0780975],[82.633109,21.0831857],[82.6345059,21.0890301],[82.6402043,21.0961063],[82.6458203,21.1000038],[82.6499056,21.1064677],[82.6477542,21.1099662],[82.6432116,21.1104318],[82.6400465,21.1141555],[82.641128,21.1192755],[82.6497952,21.1252207],[82.6527557,21.1287101],[82.6519781,21.1332521],[82.6427879,21.1358164],[82.637273,21.14474],[82.6372185,21.1507339],[82.6405615,21.1548248],[82.655488,21.1571363],[82.6625925,21.1548221],[82.6841451,21.1610581],[82.6854557,21.1647251],[82.6930044,21.1657435],[82.6958133,21.1604358],[82.7002017,21.1576774],[82.7090805,21.1606997],[82.7156578,21.160326],[82.7211878,21.1576731],[82.7211524,21.1658477],[82.7368326,21.1653307],[82.7405663,21.1634677],[82.7516805,21.1644639],[82.7553673,21.1664128],[82.767816,21.1605567],[82.7743495,21.1541295],[82.7786548,21.153845],[82.7805702,21.1501623],[82.7889184,21.143002],[82.7936786,21.1425452],[82.8004895,21.1560211],[82.8057643,21.1562946],[82.8119653,21.161065],[82.8312575,21.1646733],[82.841408,21.1675211],[82.8514858,21.1660608],[82.8501886,21.1612383],[82.8600794,21.1598924],[82.8672147,21.1622298],[82.8767624,21.1630589],[82.8781817,21.1534514],[82.881581,21.1485589],[82.8934888,21.1559948],[82.8956735,21.1612134],[82.9013797,21.1665954],[82.9055316,21.166752],[82.9154356,21.1619569],[82.9209433,21.1634706],[82.9316541,21.163037],[82.9371589,21.1698561],[82.9395655,21.1624226],[82.9421418,21.1606318],[82.9473863,21.164839],[82.943107,21.1711382],[82.9461714,21.1742594],[82.9442275,21.1784092],[82.947037,21.1822831],[82.9591609,21.1888759],[82.9649344,21.1932749],[82.9674332,21.1830718],[82.9651097,21.1770298],[82.9778699,21.1825798],[82.9835824,21.1802188],[82.9857298,21.1759037],[82.9804948,21.1707133],[82.9863691,21.1682601],[82.9938683,21.1710258],[83.0013533,21.170567],[83.0037643,21.1669305],[82.995863,21.1639623],[82.9855813,21.149624],[82.9903222,21.1398595],[82.9993584,21.1389086],[83.0045836,21.1369593],[83.0101272,21.1425743],[83.0159971,21.1463066],[83.0202954,21.1434601],[83.0226664,21.1372951],[83.0293473,21.135183],[83.0333758,21.1373023],[83.0346818,21.1314297],[83.0386517,21.1317298],[83.0452504,21.1240097],[83.052332,21.1262721],[83.0565254,21.1221979],[83.0661114,21.1207581],[83.0685117,21.1168545],[83.0780315,21.112009],[83.0848963,21.112951],[83.0901065,21.1111347],[83.0938275,21.1132788],[83.1012568,21.1099916],[83.113544,21.1126637],[83.1215988,21.1099035],[83.1240988,21.1066978],[83.1314917,21.1058148],[83.1386713,21.1095128],[83.1564346,21.1299771],[83.1669147,21.1387882],[83.1710444,21.1361705],[83.178158,21.1352032],[83.1913577,21.1386947],[83.1981038,21.1454434],[83.1965898,21.1517843],[83.1985164,21.1642577],[83.2046174,21.1656954],[83.202633,21.1727695],[83.2093266,21.1894472],[83.2146203,21.1947872],[83.2105263,21.205036],[83.2127508,21.2101995],[83.2170557,21.2133095],[83.2185688,21.2215646],[83.2175848,21.2259663],[83.2219535,21.2321307],[83.2189158,21.2418513],[83.2176463,21.2548491],[83.2216741,21.2600653],[83.2229542,21.2657691],[83.2319077,21.2727169],[83.2379589,21.269607],[83.2393348,21.2736252],[83.2462654,21.2811589],[83.2558328,21.2821192],[83.2677675,21.2775566],[83.2707878,21.2725222],[83.2749082,21.2858086],[83.2785946,21.2893165],[83.2792694,21.2949557],[83.2762945,21.3023012],[83.2734935,21.3015715],[83.2620794,21.3078343],[83.2573442,21.3204994],[83.2630755,21.330378],[83.2576939,21.3335974],[83.2585616,21.3370715],[83.2683477,21.3451253],[83.2720997,21.3587189],[83.2741218,21.36201],[83.2742199,21.3770709],[83.2687284,21.3785899]]]},"properties":{"OBJECTID":224,"dtname":"Mahasamund","stname":"CHHATTISGARH","stcode11":"22","dtcode11":"411","year_stat":"2011_c","dist_lgd":385,"state_lgd":22,"remarks":" ","Dist":"Mahasamund","InPoly_FID":992,"SimPgnFlag":0,"MaxSimpTol":100,"MinSimpTol":100,"SHAPE_Length":571221.91445765,"SHAPE_Area":5494842442.00825}},
{"type":"Feature","geometry":{"type":"Polygon","coordinates":[[[82.6605921,21.7095856],[82.6545969,21.7112718],[82.6344277,21.727341],[82.6267579,21.7290663],[82.6188705,21.7275806],[82.5993962,21.7141311],[82.5939599,21.7135205],[82.5820182,21.7154732],[82.5701619,21.7213446],[82.5636882,21.727705],[82.5557789,21.733378],[82.5478174,21.7360388],[82.533752,21.7371922],[82.4995647,21.7336523],[82.4866212,21.7282497],[82.4712469,21.7271034],[82.4584422,21.7397633],[82.4520742,21.7440698],[82.4445104,21.7451208],[82.4377265,21.7396009],[82.4280605,21.7284325],[82.411365,21.7182272],[82.392116,21.7124096],[82.3790588,21.7115299],[82.3454055,21.7140923],[82.3332036,21.7139453],[82.3218325,21.7148677],[82.3130172,21.7168425],[82.3028166,21.7245286],[82.2973322,21.7320086],[82.2943186,21.7454143],[82.2901289,21.7521528],[82.2855071,21.7533967],[82.2482286,21.7537834],[82.2242549,21.7566309],[82.2051967,21.7597977],[82.1946225,21.7653207],[82.1905886,21.7708133],[82.1881271,21.7802114],[82.1824085,21.7943745],[82.181648,21.8028958],[82.1846925,21.8100836],[82.1868654,21.8252372],[82.1863987,21.8307555],[82.1815328,21.8416398],[82.1775386,21.8443144],[82.1672846,21.844507],[82.159406,21.8473402],[82.1511437,21.8420901],[82.145378,21.8409124],[82.1314382,21.8330022],[82.1228971,21.8317967],[82.1060738,21.8493297],[82.097448,21.8564903],[82.0791368,21.8636841],[82.070166,21.869493],[82.0652214,21.8705614],[82.0515104,21.8817908],[82.0453746,21.8837613],[82.0370001,21.8832919],[82.0331887,21.8815016],[82.0284772,21.8732264],[82.0283815,21.8641907],[82.0218409,21.8579372],[82.0055568,21.8542866],[81.9927239,21.8540735],[81.9750325,21.8524187],[81.9598961,21.8477626],[81.9521916,21.8436882],[81.9521745,21.8354786],[81.9489668,21.8250426],[81.9459255,21.8205541],[81.9371066,21.8139059],[81.9267984,21.8069744],[81.9172785,21.7986992],[81.9090235,21.7930437],[81.897897,21.7807639],[81.8921756,21.7778728],[81.878802,21.7742619],[81.870449,21.7700942],[81.8601277,21.7690078],[81.8523657,21.7617606],[81.8434046,21.757934],[81.8290471,21.7606727],[81.8198151,21.7594471],[81.8134333,21.7614353],[81.8047109,21.772448],[81.7956934,21.7699902],[81.781066,21.7633028],[81.7728533,21.7694248],[81.7683415,21.7674283],[81.76243,21.758317],[81.7555365,21.7535192],[81.7442353,21.7487697],[81.7403526,21.7496222],[81.7382202,21.7621925],[81.7355745,21.7648551],[81.7303446,21.7648271],[81.7231173,21.7616127],[81.7169791,21.7608217],[81.7094644,21.7626039],[81.7005727,21.7613328],[81.6971523,21.7553558],[81.6980877,21.7476657],[81.7133965,21.7313129],[81.7179503,21.7186826],[81.725271,21.710128],[81.7263399,21.7068784],[81.7223144,21.6953528],[81.7217071,21.6856248],[81.7095201,21.6787541],[81.6847293,21.6757048],[81.6730693,21.6688785],[81.6730272,21.6651114],[81.6688787,21.6613715],[81.6620612,21.6630173],[81.6588304,21.6608543],[81.6576706,21.6544776],[81.6619239,21.6471927],[81.6796668,21.6341799],[81.6875637,21.6298105],[81.6935138,21.6245352],[81.6977884,21.6148023],[81.697538,21.6074479],[81.694799,21.6015121],[81.6948305,21.5922947],[81.7023467,21.5892342],[81.7107442,21.5909099],[81.7207232,21.5892426],[81.7240677,21.5868157],[81.7401478,21.5834321],[81.7515051,21.5830075],[81.7535643,21.5879379],[81.7480699,21.5881543],[81.7479477,21.5919838],[81.7424187,21.5973796],[81.743131,21.6055896],[81.7481688,21.6072724],[81.7479273,21.6129789],[81.7560392,21.6133613],[81.7700555,21.6086008],[81.7772858,21.6186041],[81.785443,21.6261391],[81.7881722,21.6215696],[81.7869661,21.613042],[81.7843834,21.6093011],[81.7876591,21.6007901],[81.7937271,21.5965092],[81.8088538,21.5998556],[81.8164251,21.5984513],[81.8311905,21.5989954],[81.843737,21.5954982],[81.8450092,21.6013329],[81.8505365,21.6039342],[81.8515165,21.6075722],[81.8582093,21.6092461],[81.8637885,21.606783],[81.861777,21.5969425],[81.8644723,21.5933826],[81.8804638,21.5841096],[81.8808678,21.5801486],[81.886627,21.5756031],[81.8946555,21.5775705],[81.8954435,21.5838158],[81.9007105,21.5997536],[81.9104761,21.5961219],[81.9196846,21.5950777],[81.9222679,21.5924706],[81.9224698,21.584198],[81.9274677,21.5878418],[81.9317544,21.5763969],[81.9358546,21.572023],[81.927822,21.5596475],[81.9251277,21.5575951],[81.9240567,21.5509347],[81.9277109,21.5443992],[81.9291752,21.5362892],[81.933015,21.5341276],[81.932673,21.5294119],[81.9349398,21.5221548],[81.9297325,21.5136263],[81.926288,21.5044294],[81.9301236,21.4946075],[81.9343238,21.4883833],[81.9423131,21.486452],[81.9522004,21.488534],[81.9524017,21.4768515],[81.9537408,21.4729989],[81.9600712,21.4739938],[81.9693906,21.4716811],[81.9735641,21.47218],[81.9780582,21.4758441],[81.9901567,21.4738672],[81.9948977,21.4701474],[81.9942944,21.4599828],[82.0087373,21.4575173],[82.0208615,21.4484214],[82.0268474,21.4560793],[82.0339437,21.455573],[82.0378076,21.4474646],[82.0413497,21.4446169],[82.0520799,21.4394152],[82.0543144,21.4365486],[82.0694317,21.4336641],[82.0788302,21.4354994],[82.0913595,21.4262955],[82.0966904,21.4182944],[82.1060082,21.4146921],[82.1079424,21.4116441],[82.118031,21.4124983],[82.1209535,21.4060316],[82.1174577,21.4004996],[82.1159251,21.3864327],[82.1174489,21.3825085],[82.1245895,21.3805623],[82.1254043,21.3674301],[82.1284897,21.365696],[82.1371915,21.3662104],[82.1418431,21.3602806],[82.1457287,21.3612601],[82.1562062,21.3697077],[82.1610047,21.3761373],[82.1647992,21.3763938],[82.1693327,21.3813782],[82.1726645,21.3819146],[82.1831886,21.3787457],[82.1883489,21.3820404],[82.193468,21.3792114],[82.1977708,21.3836306],[82.2181821,21.4090266],[82.2301097,21.4250643],[82.2331258,21.4339585],[82.2449046,21.4346369],[82.2523511,21.4323255],[82.2465772,21.4274575],[82.2454124,21.4192514],[82.2617857,21.4127062],[82.264389,21.4073747],[82.2723232,21.4053702],[82.2749107,21.4012217],[82.2766669,21.3924394],[82.2751093,21.3855202],[82.2565916,21.3830426],[82.2508864,21.3730991],[82.2433438,21.3648429],[82.2446153,21.3607119],[82.2501559,21.3589233],[82.2561526,21.3533595],[82.2522646,21.3447766],[82.2550253,21.3404659],[82.2553864,21.3291719],[82.2521036,21.3180695],[82.2480732,21.3141151],[82.2616915,21.3089903],[82.2643426,21.3017079],[82.2773347,21.3010611],[82.275759,21.2864422],[82.2779908,21.2777729],[82.2768572,21.2725338],[82.2852698,21.2716715],[82.2974557,21.2689544],[82.2988756,21.2810396],[82.3102079,21.2810533],[82.3110868,21.2878411],[82.3148336,21.292408],[82.3248898,21.2925874],[82.3289586,21.286343],[82.3386351,21.2815405],[82.343303,21.2860212],[82.3471868,21.2848658],[82.3521222,21.2752792],[82.3442212,21.2728303],[82.3454558,21.2666889],[82.3585792,21.2664829],[82.3608138,21.276644],[82.3748824,21.2731086],[82.3787606,21.2650657],[82.3899229,21.26236],[82.3921686,21.2679594],[82.3922234,21.283562],[82.3954816,21.2908096],[82.3956751,21.2959125],[82.4008748,21.2985175],[82.4072273,21.3042245],[82.4178115,21.3101966],[82.423806,21.3088403],[82.4286835,21.3102612],[82.4374247,21.3086912],[82.4468282,21.3018549],[82.4438952,21.2951229],[82.4366311,21.2896163],[82.4401791,21.2824754],[82.4439849,21.2810965],[82.4485115,21.2760637],[82.4562798,21.278851],[82.4555221,21.29421],[82.4631702,21.2958861],[82.4752174,21.2966244],[82.4726463,21.2998819],[82.4608163,21.3082292],[82.464621,21.312278],[82.4644868,21.3215447],[82.4740804,21.3255539],[82.4794884,21.3261602],[82.4812683,21.3213542],[82.4906913,21.3164708],[82.4959774,21.3155323],[82.5171489,21.3180728],[82.5205483,21.3225049],[82.5274339,21.3247851],[82.5313198,21.3302153],[82.5407031,21.3234419],[82.5419152,21.3191028],[82.5473843,21.3209027],[82.5504744,21.3192919],[82.5583439,21.3206861],[82.5632087,21.3160772],[82.56992,21.3213451],[82.5781889,21.3257506],[82.5812237,21.3312607],[82.5862704,21.3301555],[82.59305,21.3381907],[82.5979373,21.3396457],[82.6009117,21.3373521],[82.6136317,21.3386404],[82.6176032,21.3423391],[82.6280773,21.3353712],[82.6321937,21.3370103],[82.6329025,21.3417159],[82.6445433,21.3420625],[82.6523668,21.3442923],[82.6552427,21.3357522],[82.6511738,21.3310745],[82.6690208,21.3284786],[82.6833472,21.3304365],[82.6964172,21.3304471],[82.6992756,21.3404395],[82.7005006,21.3512544],[82.6993413,21.355965],[82.7001982,21.3631133],[82.7029018,21.3704684],[82.7013932,21.3806117],[82.6977419,21.3872877],[82.7001001,21.3974609],[82.697657,21.4201813],[82.69877,21.4371015],[82.6982157,21.4474069],[82.6927095,21.4629301],[82.6908921,21.4764603],[82.6908235,21.484968],[82.6757796,21.4987014],[82.6775166,21.5075771],[82.6756462,21.5172527],[82.6710713,21.5326889],[82.6639685,21.5391258],[82.6600269,21.5467041],[82.6587219,21.559493],[82.6669539,21.5642869],[82.6680609,21.5693578],[82.6628388,21.574927],[82.6641723,21.5787515],[82.6707789,21.5848506],[82.6698921,21.5897504],[82.6614526,21.5914414],[82.6640858,21.5979164],[82.6639472,21.6031276],[82.6520484,21.5994948],[82.64681,21.6040204],[82.6388186,21.6071461],[82.6266547,21.6099284],[82.6211061,21.6131888],[82.6158036,21.6140059],[82.6183774,21.6186844],[82.6147244,21.6277205],[82.6141264,21.6350582],[82.6112234,21.6410122],[82.6127395,21.6454156],[82.6314683,21.6447191],[82.629549,21.670206],[82.6356364,21.6710935],[82.637236,21.6757988],[82.6421398,21.6776452],[82.6430924,21.6838091],[82.6490067,21.687886],[82.6539422,21.6995537],[82.6620461,21.7021712],[82.6605921,21.7095856]]]},"properties":{"OBJECTID":40,"dtname":"Baloda Bazar","stname":"CHHATTISGARH","stcode11":"22","dtcode11":"721","year_stat":"update2014","dist_lgd":644,"state_lgd":22,"remarks":" ","Dist":"Baloda Bazar","InPoly_FID":808,"SimPgnFlag":0,"MaxSimpTol":100,"MinSimpTol":100,"SHAPE_Length":455307.52220496134,"SHAPE_Area":4607350779.231303}},
{"type":"Feature","geometry":{"type":"Polygon","coordinates":[[[81.501317,22.0048722],[81.5028163,22.0129835],[81.4983139,22.0119373],[81.4852445,22.018876],[81.474714,22.0155142],[81.469753,22.0122118],[81.4766426,22.0037727],[81.47647,22.0005904],[81.480514,21.9940253],[81.4769094,21.9908983],[81.4676441,21.9788384],[81.4732748,21.9721069],[81.4790485,21.9697508],[81.4770403,21.9640941],[81.4654958,21.9580365],[81.4592944,21.9572812],[81.4511585,21.9505977],[81.4541418,21.9447125],[81.4513187,21.9424561],[81.4504881,21.9368526],[81.4598258,21.9311223],[81.4545934,21.9300096],[81.4519588,21.9267145],[81.4521338,21.9192805],[81.4547788,21.9154635],[81.4522609,21.9126787],[81.4388201,21.9070535],[81.4457672,21.9038627],[81.44458,21.9002484],[81.4373938,21.8983224],[81.4232394,21.9016874],[81.4199425,21.914173],[81.4159174,21.9155065],[81.4123062,21.9127293],[81.4081357,21.8949513],[81.4076534,21.8881986],[81.4011375,21.8896629],[81.3978312,21.8849432],[81.3932982,21.8843247],[81.3900005,21.8758964],[81.3907775,21.8710813],[81.3945768,21.8646989],[81.3937569,21.8586554],[81.4002784,21.8518299],[81.4013834,21.8464728],[81.4012424,21.8344626],[81.3954762,21.8298832],[81.3857961,21.832264],[81.3819815,21.8346851],[81.3745684,21.8349017],[81.3737261,21.8319296],[81.3637065,21.8316983],[81.3607768,21.835885],[81.3427346,21.8409672],[81.3322255,21.8490039],[81.3270468,21.8383741],[81.319944,21.8312484],[81.3225562,21.823169],[81.3227939,21.8168367],[81.3293555,21.8120695],[81.3314688,21.8046222],[81.3293562,21.8020335],[81.3312842,21.7934063],[81.3294216,21.7872357],[81.3346018,21.7863894],[81.3369456,21.7735308],[81.3405091,21.7697656],[81.3353955,21.7666296],[81.3305428,21.7675901],[81.3238973,21.765221],[81.317871,21.7604626],[81.3058198,21.763478],[81.2972411,21.7686637],[81.2930265,21.7685392],[81.2873985,21.7611151],[81.2799499,21.7631879],[81.2695964,21.7558954],[81.263038,21.7562472],[81.2618898,21.7506479],[81.2531128,21.7476725],[81.2462481,21.7482271],[81.2441902,21.7514601],[81.2339587,21.753023],[81.2261261,21.7568799],[81.2232148,21.7555384],[81.2254137,21.7395829],[81.2233272,21.7351262],[81.2234852,21.7277733],[81.2255334,21.7218287],[81.2329683,21.7208177],[81.2313446,21.7100063],[81.2149972,21.7053394],[81.2121651,21.7102228],[81.207036,21.7122435],[81.1967912,21.7082453],[81.1877581,21.7100316],[81.1837119,21.7054664],[81.1718085,21.7050041],[81.1722527,21.6952364],[81.1763556,21.6923385],[81.1744523,21.6890183],[81.1763845,21.6848014],[81.1727223,21.6828575],[81.1765713,21.6781102],[81.1765978,21.6717906],[81.1804514,21.6714128],[81.1825644,21.6672758],[81.1810601,21.6535827],[81.1778454,21.6458884],[81.1877827,21.6360289],[81.1920367,21.6335661],[81.1904915,21.629361],[81.1811294,21.6287534],[81.1804464,21.6246347],[81.1755299,21.6224831],[81.1788225,21.6113671],[81.1756846,21.5976549],[81.1674624,21.5938654],[81.1655672,21.5912804],[81.1576619,21.5900741],[81.1509545,21.5801701],[81.1503526,21.574923],[81.1471586,21.5727784],[81.1434009,21.5601967],[81.1398683,21.5585726],[81.1404411,21.5493783],[81.1468833,21.5505767],[81.1556472,21.5482894],[81.1575146,21.5462453],[81.1546267,21.5389317],[81.1560623,21.5342253],[81.1635216,21.5264263],[81.170539,21.523975],[81.1763805,21.5245726],[81.1868128,21.5201247],[81.1954167,21.5181841],[81.2008175,21.5175364],[81.2037941,21.5201687],[81.2065474,21.5116155],[81.2098926,21.5070438],[81.2216726,21.5060282],[81.2232422,21.5098006],[81.2222726,21.5179661],[81.2199275,21.5219286],[81.2195493,21.5333853],[81.2277091,21.5330578],[81.2312582,21.5307984],[81.2417574,21.5305513],[81.2448234,21.5283742],[81.2507642,21.5374179],[81.255072,21.5358665],[81.2713844,21.53395],[81.2724604,21.5264232],[81.2752986,21.5228964],[81.2743846,21.5136023],[81.2801119,21.5143542],[81.2987032,21.5133273],[81.3071229,21.5140043],[81.3072263,21.5207763],[81.30966,21.5284761],[81.3144625,21.5368541],[81.3283938,21.5327656],[81.330819,21.5411385],[81.3379782,21.5396603],[81.3407233,21.5370949],[81.3489074,21.5395955],[81.3538092,21.5384595],[81.355305,21.5445265],[81.3605589,21.543971],[81.3597904,21.5364697],[81.3665598,21.530755],[81.3750571,21.5288011],[81.3760354,21.5157686],[81.3843204,21.5235195],[81.3908048,21.5234201],[81.4072027,21.5191931],[81.4142829,21.5199493],[81.4265481,21.5176547],[81.4375239,21.5183227],[81.4446071,21.5161603],[81.4484159,21.5176753],[81.4554529,21.5152277],[81.4700282,21.5074855],[81.4672473,21.4991682],[81.4642835,21.4955714],[81.4543486,21.4984051],[81.4468131,21.4989417],[81.4431679,21.4841404],[81.4508687,21.4817929],[81.4669298,21.4729809],[81.4685436,21.4692244],[81.457851,21.457708],[81.4497771,21.4514683],[81.4519509,21.4438907],[81.4507597,21.4309807],[81.4464223,21.4207711],[81.4410407,21.4192855],[81.4385168,21.4078512],[81.4494261,21.4057155],[81.4559933,21.4090905],[81.4686622,21.4087319],[81.4706823,21.4153735],[81.4685083,21.4209927],[81.478885,21.4222698],[81.481805,21.4204048],[81.4903179,21.4197459],[81.4966497,21.4139485],[81.5019433,21.4112311],[81.5018291,21.4048328],[81.4948686,21.3971748],[81.4863619,21.3997396],[81.4832617,21.3977869],[81.4819739,21.3893592],[81.4786804,21.3840717],[81.4899003,21.3836786],[81.4915545,21.3752011],[81.4965828,21.3746791],[81.5002137,21.3697939],[81.498317,21.3538628],[81.5094755,21.3499871],[81.5327338,21.3483063],[81.53726,21.3427028],[81.546049,21.3364915],[81.5486348,21.3326988],[81.5540022,21.3332629],[81.5563912,21.335504],[81.5732931,21.33439],[81.5807202,21.331912],[81.5916036,21.3409948],[81.5968957,21.3436358],[81.5920719,21.3568761],[81.5948889,21.3587967],[81.6087191,21.3629587],[81.6123898,21.3691191],[81.6120479,21.3739992],[81.6078199,21.3822003],[81.6120033,21.3890009],[81.6210549,21.3866812],[81.6254099,21.3882013],[81.62948,21.3959087],[81.6381773,21.4027244],[81.6382633,21.4090446],[81.6323706,21.412485],[81.6306627,21.4175252],[81.6319864,21.4294081],[81.6284844,21.4341284],[81.6313036,21.4418084],[81.6311778,21.4478492],[81.6274191,21.4507294],[81.6237457,21.4590496],[81.622635,21.4656897],[81.6251532,21.4706135],[81.6308779,21.4744535],[81.627533,21.4848959],[81.6302399,21.4922543],[81.6300241,21.5007103],[81.6278187,21.5057779],[81.6288591,21.5099049],[81.6331401,21.5142706],[81.6443709,21.5211736],[81.644586,21.5280569],[81.6428502,21.5440024],[81.6459022,21.5477346],[81.6648369,21.5467339],[81.6690085,21.5509625],[81.6665965,21.5636163],[81.6668624,21.5686126],[81.6768418,21.571536],[81.6823786,21.5766873],[81.6885763,21.5917142],[81.694799,21.6015121],[81.697538,21.6074479],[81.6977884,21.6148023],[81.6935138,21.6245352],[81.6875637,21.6298105],[81.6796668,21.6341799],[81.6619239,21.6471927],[81.6576706,21.6544776],[81.6588304,21.6608543],[81.6620612,21.6630173],[81.6688787,21.6613715],[81.6730272,21.6651114],[81.6730693,21.6688785],[81.6847293,21.6757048],[81.7095201,21.6787541],[81.7217071,21.6856248],[81.7223144,21.6953528],[81.7263399,21.7068784],[81.725271,21.710128],[81.7179503,21.7186826],[81.7133965,21.7313129],[81.6980877,21.7476657],[81.6971523,21.7553558],[81.7005727,21.7613328],[81.7094644,21.7626039],[81.7169791,21.7608217],[81.7231173,21.7616127],[81.7303446,21.7648271],[81.7355745,21.7648551],[81.7382202,21.7621925],[81.7403526,21.7496222],[81.7442353,21.7487697],[81.7555365,21.7535192],[81.76243,21.758317],[81.7683415,21.7674283],[81.7647386,21.77411],[81.7556405,21.7794118],[81.754692,21.7958351],[81.7469226,21.7968262],[81.7441829,21.7935185],[81.7385875,21.7948852],[81.7317148,21.8015187],[81.7282729,21.8013821],[81.7174791,21.8081172],[81.7147996,21.8137935],[81.7042106,21.81545],[81.698199,21.8101496],[81.69485,21.8100577],[81.6891176,21.8149988],[81.6785233,21.8160871],[81.673915,21.8139913],[81.6670758,21.817708],[81.6542203,21.8155214],[81.649356,21.8165754],[81.6400947,21.8220374],[81.6347521,21.8231947],[81.6277194,21.831516],[81.621364,21.8328098],[81.615176,21.8302733],[81.6086076,21.8305601],[81.5973695,21.8347665],[81.5916363,21.834313],[81.5787188,21.8460083],[81.5809128,21.8528854],[81.5685732,21.8607226],[81.5629622,21.8675953],[81.5609745,21.8766764],[81.5551712,21.8775571],[81.5573877,21.8849022],[81.5485689,21.8880868],[81.5521196,21.8962314],[81.5401274,21.8948102],[81.5356476,21.8980267],[81.5355757,21.9037459],[81.5283829,21.9149225],[81.5284348,21.9214153],[81.5217936,21.926032],[81.5180932,21.9227053],[81.5107632,21.9247366],[81.5085497,21.9197128],[81.5038531,21.9268889],[81.5081846,21.9370839],[81.5144432,21.9396198],[81.5214315,21.9401333],[81.5252689,21.9451709],[81.5313533,21.9383041],[81.5441037,21.9444079],[81.5496255,21.9442874],[81.5492031,21.9498071],[81.5384532,21.9525111],[81.5384665,21.9565657],[81.5335166,21.9603067],[81.5333487,21.9722936],[81.547844,21.981165],[81.5521048,21.9885603],[81.5520497,21.9940363],[81.549482,21.9996818],[81.5530992,22.0020225],[81.5475574,22.0051077],[81.5396239,22.0070259],[81.5318732,22.0040829],[81.5230656,22.0063272],[81.5181843,22.0057003],[81.5117375,21.9985946],[81.5074851,22.0027356],[81.501317,22.0048722]]]},"properties":{"OBJECTID":53,"dtname":"Bemetara","stname":"CHHATTISGARH","stcode11":"22","dtcode11":"718","year_stat":"update2014","dist_lgd":650,"state_lgd":22,"remarks":" ","Dist":"Bemetara","InPoly_FID":821,"SimPgnFlag":0,"MaxSimpTol":100,"MinSimpTol":100,"SHAPE_Length":412776.6215069854,"SHAPE_Area":2603915933.7729645}},
{"type":"Feature","geometry":{"type":"Polygon","coordinates":[[[82.193468,21.3792114],[82.1883489,21.3820404],[82.1831886,21.3787457],[82.1726645,21.3819146],[82.1693327,21.3813782],[82.1647992,21.3763938],[82.1610047,21.3761373],[82.1562062,21.3697077],[82.1457287,21.3612601],[82.1418431,21.3602806],[82.1371915,21.3662104],[82.1284897,21.365696],[82.1254043,21.3674301],[82.1245895,21.3805623],[82.1174489,21.3825085],[82.1159251,21.3864327],[82.1174577,21.4004996],[82.1209535,21.4060316],[82.118031,21.4124983],[82.1079424,21.4116441],[82.1060082,21.4146921],[82.0966904,21.4182944],[82.0913595,21.4262955],[82.0788302,21.4354994],[82.0694317,21.4336641],[82.0543144,21.4365486],[82.0520799,21.4394152],[82.0413497,21.4446169],[82.0378076,21.4474646],[82.0339437,21.455573],[82.0268474,21.4560793],[82.0208615,21.4484214],[82.0087373,21.4575173],[81.9942944,21.4599828],[81.9948977,21.4701474],[81.9901567,21.4738672],[81.9780582,21.4758441],[81.9735641,21.47218],[81.9693906,21.4716811],[81.9600712,21.4739938],[81.9537408,21.4729989],[81.9524017,21.4768515],[81.9522004,21.488534],[81.9423131,21.486452],[81.9343238,21.4883833],[81.9301236,21.4946075],[81.926288,21.5044294],[81.9297325,21.5136263],[81.9349398,21.5221548],[81.932673,21.5294119],[81.933015,21.5341276],[81.9291752,21.5362892],[81.9277109,21.5443992],[81.9240567,21.5509347],[81.9251277,21.5575951],[81.927822,21.5596475],[81.9358546,21.572023],[81.9317544,21.5763969],[81.9274677,21.5878418],[81.9224698,21.584198],[81.9222679,21.5924706],[81.9196846,21.5950777],[81.9104761,21.5961219],[81.9007105,21.5997536],[81.8954435,21.5838158],[81.8946555,21.5775705],[81.886627,21.5756031],[81.8808678,21.5801486],[81.8804638,21.5841096],[81.8644723,21.5933826],[81.861777,21.5969425],[81.8637885,21.606783],[81.8582093,21.6092461],[81.8515165,21.6075722],[81.8505365,21.6039342],[81.8450092,21.6013329],[81.843737,21.5954982],[81.8311905,21.5989954],[81.8164251,21.5984513],[81.8088538,21.5998556],[81.7937271,21.5965092],[81.7876591,21.6007901],[81.7843834,21.6093011],[81.7869661,21.613042],[81.7881722,21.6215696],[81.785443,21.6261391],[81.7772858,21.6186041],[81.7700555,21.6086008],[81.7560392,21.6133613],[81.7479273,21.6129789],[81.7481688,21.6072724],[81.743131,21.6055896],[81.7424187,21.5973796],[81.7479477,21.5919838],[81.7480699,21.5881543],[81.7535643,21.5879379],[81.7515051,21.5830075],[81.7401478,21.5834321],[81.7240677,21.5868157],[81.7207232,21.5892426],[81.7107442,21.5909099],[81.7023467,21.5892342],[81.6948305,21.5922947],[81.694799,21.6015121],[81.6885763,21.5917142],[81.6823786,21.5766873],[81.6768418,21.571536],[81.6668624,21.5686126],[81.6665965,21.5636163],[81.6690085,21.5509625],[81.6648369,21.5467339],[81.6459022,21.5477346],[81.6428502,21.5440024],[81.644586,21.5280569],[81.6443709,21.5211736],[81.6331401,21.5142706],[81.6288591,21.5099049],[81.6278187,21.5057779],[81.6300241,21.5007103],[81.6302399,21.4922543],[81.627533,21.4848959],[81.6308779,21.4744535],[81.6251532,21.4706135],[81.622635,21.4656897],[81.6237457,21.4590496],[81.6274191,21.4507294],[81.6311778,21.4478492],[81.6313036,21.4418084],[81.6284844,21.4341284],[81.6319864,21.4294081],[81.6306627,21.4175252],[81.6323706,21.412485],[81.6382633,21.4090446],[81.6381773,21.4027244],[81.62948,21.3959087],[81.6254099,21.3882013],[81.6210549,21.3866812],[81.6120033,21.3890009],[81.6078199,21.3822003],[81.6120479,21.3739992],[81.6123898,21.3691191],[81.6087191,21.3629587],[81.5948889,21.3587967],[81.5920719,21.3568761],[81.5968957,21.3436358],[81.5916036,21.3409948],[81.5807202,21.331912],[81.5732931,21.33439],[81.5563912,21.335504],[81.5540022,21.3332629],[81.5518312,21.318497],[81.549957,21.311536],[81.5500457,21.3049758],[81.5407456,21.3008113],[81.5366484,21.3020892],[81.5343902,21.2959649],[81.5375525,21.2877262],[81.54319,21.2778887],[81.5461808,21.2697298],[81.5414036,21.2497874],[81.5477473,21.2414675],[81.5514861,21.239726],[81.5616923,21.2414778],[81.5699618,21.2312972],[81.5742995,21.2230841],[81.587806,21.216562],[81.5949545,21.2096676],[81.6027278,21.2060154],[81.6054014,21.199165],[81.6052144,21.1936103],[81.6105217,21.1844615],[81.6181591,21.1686922],[81.625429,21.1613132],[81.62333,21.1588972],[81.6035675,21.1593655],[81.6057688,21.149959],[81.6038389,21.1464905],[81.5953768,21.1435539],[81.5878312,21.1338566],[81.5812401,21.1227908],[81.5814265,21.1104125],[81.5789181,21.098169],[81.5750182,21.0893752],[81.5779643,21.0857993],[81.5772847,21.0739807],[81.5916918,21.0670294],[81.604408,21.0673159],[81.6080655,21.0587675],[81.607017,21.0557416],[81.5989452,21.0506465],[81.5899204,21.0502159],[81.5857072,21.0463357],[81.603657,21.0357081],[81.6061446,21.0297924],[81.6108398,21.0269085],[81.6164354,21.0217754],[81.621766,21.0209345],[81.6243878,21.0159253],[81.6321812,21.0153852],[81.6348545,21.011389],[81.6399587,21.0086888],[81.6476477,21.0097215],[81.6526829,21.0065539],[81.6569146,20.9994543],[81.6607609,21.0015867],[81.6659403,20.9990699],[81.6749437,21.0007394],[81.6827446,20.9959248],[81.6852347,21.0005019],[81.6903045,21.0037727],[81.6985283,21.00381],[81.7042939,21.0152288],[81.7077846,21.0180461],[81.713603,21.0184522],[81.7174435,21.0134643],[81.7243602,21.0112004],[81.7335075,21.0135246],[81.7482597,21.0114643],[81.7513753,21.0090972],[81.751709,21.0017481],[81.7564731,21.0011996],[81.757661,20.9947574],[81.762528,20.9918532],[81.7607541,20.9885054],[81.7640819,20.9841906],[81.7735181,20.9823534],[81.7786918,20.9745561],[81.7794252,20.9694423],[81.7876747,20.9648958],[81.7936642,20.9664685],[81.8005247,20.9647332],[81.805064,20.9663713],[81.8110319,20.9631263],[81.8149032,20.9581736],[81.8145213,20.9485344],[81.8233871,20.9488074],[81.8289544,20.9428523],[81.8354674,20.9403165],[81.8479612,20.9407886],[81.8547005,20.9433727],[81.8572959,20.9487426],[81.8569345,20.9561851],[81.8607562,20.9603673],[81.8712469,20.9627072],[81.8732196,20.9645892],[81.8778917,20.976716],[81.8860376,20.9835847],[81.8896783,20.9887102],[81.9022594,20.9970859],[81.9151579,21.0072816],[81.9233104,21.0176051],[81.9453668,21.0306766],[81.9535177,21.0363661],[81.9706473,21.0588587],[81.9780989,21.0717247],[81.9881833,21.0833353],[81.9921738,21.113142],[81.9960946,21.1257799],[81.9973291,21.1363047],[82.001237,21.1442106],[82.0124692,21.1547361],[82.017096,21.1741397],[82.0163134,21.1843724],[82.0174337,21.1932921],[82.0161668,21.2005846],[82.0170268,21.2098925],[82.0283923,21.2322307],[82.0368822,21.2434258],[82.0454961,21.2501407],[82.0507485,21.2565035],[82.0590554,21.263457],[82.0814775,21.2769352],[82.0907512,21.2815932],[82.0987683,21.284119],[82.1123219,21.2863243],[82.1217032,21.2902445],[82.1301166,21.299904],[82.1342658,21.3018366],[82.1459336,21.3112151],[82.150966,21.3180333],[82.1656165,21.3337457],[82.1707527,21.3432503],[82.1772967,21.3514266],[82.1895314,21.3740062],[82.193468,21.3792114]]]},"properties":{"OBJECTID":279,"dtname":"Raipur","stname":"CHHATTISGARH","stcode11":"22","dtcode11":"410","year_stat":"2011_c","dist_lgd":387,"state_lgd":22,"remarks":" ","Dist":"Raipur","InPoly_FID":1047,"SimPgnFlag":0,"MaxSimpTol":100,"MinSimpTol":100,"SHAPE_Length":318390.4664723123,"SHAPE_Area":3362058092.693884}},
{"type":"Feature","geometry":{"type":"Polygon","coordinates":[[[81.5540022,21.3332629],[81.5486348,21.3326988],[81.546049,21.3364915],[81.53726,21.3427028],[81.5327338,21.3483063],[81.5094755,21.3499871],[81.498317,21.3538628],[81.5002137,21.3697939],[81.4965828,21.3746791],[81.4915545,21.3752011],[81.4899003,21.3836786],[81.4786804,21.3840717],[81.4819739,21.3893592],[81.4832617,21.3977869],[81.4863619,21.3997396],[81.4948686,21.3971748],[81.5018291,21.4048328],[81.5019433,21.4112311],[81.4966497,21.4139485],[81.4903179,21.4197459],[81.481805,21.4204048],[81.478885,21.4222698],[81.4685083,21.4209927],[81.4706823,21.4153735],[81.4686622,21.4087319],[81.4559933,21.4090905],[81.4494261,21.4057155],[81.4385168,21.4078512],[81.4410407,21.4192855],[81.4464223,21.4207711],[81.4507597,21.4309807],[81.4519509,21.4438907],[81.4497771,21.4514683],[81.457851,21.457708],[81.4685436,21.4692244],[81.4669298,21.4729809],[81.4508687,21.4817929],[81.4431679,21.4841404],[81.4468131,21.4989417],[81.4543486,21.4984051],[81.4642835,21.4955714],[81.4672473,21.4991682],[81.4700282,21.5074855],[81.4554529,21.5152277],[81.4484159,21.5176753],[81.4446071,21.5161603],[81.4375239,21.5183227],[81.4265481,21.5176547],[81.4142829,21.5199493],[81.4072027,21.5191931],[81.3908048,21.5234201],[81.3843204,21.5235195],[81.3760354,21.5157686],[81.3750571,21.5288011],[81.3665598,21.530755],[81.3597904,21.5364697],[81.3605589,21.543971],[81.355305,21.5445265],[81.3538092,21.5384595],[81.3489074,21.5395955],[81.3407233,21.5370949],[81.3379782,21.5396603],[81.330819,21.5411385],[81.3283938,21.5327656],[81.3144625,21.5368541],[81.30966,21.5284761],[81.3072263,21.5207763],[81.3071229,21.5140043],[81.2987032,21.5133273],[81.2801119,21.5143542],[81.2743846,21.5136023],[81.2752986,21.5228964],[81.2724604,21.5264232],[81.2713844,21.53395],[81.255072,21.5358665],[81.2507642,21.5374179],[81.2448234,21.5283742],[81.2417574,21.5305513],[81.2312582,21.5307984],[81.2277091,21.5330578],[81.2195493,21.5333853],[81.2199275,21.5219286],[81.2222726,21.5179661],[81.2232422,21.5098006],[81.2216726,21.5060282],[81.2098926,21.5070438],[81.2065474,21.5116155],[81.2037941,21.5201687],[81.2008175,21.5175364],[81.1954167,21.5181841],[81.192964,21.5081458],[81.1878017,21.4962592],[81.1786719,21.4965032],[81.1685843,21.5006524],[81.157487,21.5020866],[81.1600981,21.4910065],[81.1594106,21.4862071],[81.1638418,21.4835018],[81.1683163,21.4848735],[81.1816584,21.4823758],[81.1801946,21.4709992],[81.1774411,21.4685213],[81.1766285,21.4603807],[81.179778,21.4567954],[81.1790845,21.4480704],[81.1744322,21.4425397],[81.1711073,21.4340134],[81.1732954,21.4274428],[81.1770636,21.4240077],[81.1770379,21.4133672],[81.1844636,21.4084556],[81.1840024,21.4032775],[81.1806664,21.4014391],[81.1799997,21.3957889],[81.1875702,21.3961998],[81.1907049,21.392735],[81.1931394,21.3845785],[81.1946104,21.3699617],[81.1926607,21.3637833],[81.1879751,21.3604922],[81.1882115,21.3431602],[81.1915665,21.3423726],[81.1964572,21.3357479],[81.1916663,21.3325381],[81.1863925,21.334006],[81.1847594,21.3193577],[81.1776371,21.3185755],[81.1754156,21.2978556],[81.1722288,21.2943554],[81.1680597,21.2955443],[81.1623963,21.2940251],[81.1606385,21.2835372],[81.1627827,21.279835],[81.1655886,21.2658683],[81.1631164,21.2504954],[81.1520993,21.2495447],[81.1489384,21.2448396],[81.1484413,21.2387567],[81.1548907,21.2371299],[81.1591926,21.2391297],[81.1636665,21.2356786],[81.1615844,21.2306798],[81.1502408,21.2269427],[81.149776,21.2132143],[81.1549767,21.2103052],[81.1566009,21.2157511],[81.1633002,21.2162781],[81.16856,21.2187244],[81.1791838,21.2167433],[81.1864852,21.2173912],[81.1909654,21.2200945],[81.1987205,21.2219789],[81.1988626,21.2078304],[81.1961555,21.1964559],[81.2073192,21.190449],[81.2086127,21.1871743],[81.2071414,21.1736994],[81.2134579,21.1731499],[81.2166326,21.1682618],[81.2148595,21.1581154],[81.2148295,21.1483022],[81.2102177,21.1481601],[81.2079116,21.1392151],[81.2096079,21.1340163],[81.2076194,21.1245698],[81.1993605,21.1252511],[81.1960108,21.1156244],[81.2062065,21.1106929],[81.2074834,21.1049569],[81.2055168,21.0992181],[81.1945849,21.0923405],[81.1879011,21.0928625],[81.1828795,21.0985183],[81.1723517,21.1029564],[81.1661918,21.1031025],[81.1583359,21.093878],[81.15297,21.0918558],[81.1550083,21.0824577],[81.1548474,21.076561],[81.1592124,21.0769762],[81.1580401,21.0700685],[81.165475,21.0692306],[81.1786197,21.069456],[81.1795724,21.0710912],[81.1914044,21.0715798],[81.1924932,21.0588032],[81.1963224,21.0576333],[81.1929415,21.0443752],[81.1934219,21.0385208],[81.2067286,21.0367439],[81.2087007,21.0281582],[81.2193981,21.0284618],[81.2242633,21.0468981],[81.2351022,21.0467995],[81.2403873,21.0420985],[81.2483506,21.0414207],[81.2598603,21.0423188],[81.2726871,21.0394943],[81.2734782,21.0497317],[81.2837731,21.0489351],[81.2902348,21.0559157],[81.3011868,21.0621954],[81.3019824,21.0442636],[81.3043935,21.0405079],[81.3139072,21.0399854],[81.3202229,21.0376819],[81.3290404,21.0365607],[81.3398864,21.0374963],[81.348248,21.0415413],[81.3528733,21.0373294],[81.3570492,21.0365171],[81.3610778,21.0392799],[81.3655793,21.0380044],[81.3697377,21.0438245],[81.3716773,21.0543929],[81.3741346,21.0556361],[81.3882693,21.0571047],[81.3902218,21.0559879],[81.3891746,21.0431713],[81.3914839,21.0387308],[81.3892293,21.0277675],[81.394222,21.0212398],[81.3954415,21.0152629],[81.4002449,21.0157027],[81.403264,21.0090929],[81.4120999,21.0055612],[81.4200739,21.0063522],[81.4215815,20.9934425],[81.4208285,20.9875347],[81.404129,20.9826453],[81.4101667,20.9723077],[81.4207594,20.9693334],[81.4254671,20.9667519],[81.4264879,20.9612042],[81.4215769,20.9504043],[81.4170959,20.9486581],[81.4048496,20.9401026],[81.4063305,20.9268136],[81.4052566,20.9188821],[81.4081295,20.9131898],[81.4091033,20.8995609],[81.4142097,20.8990293],[81.4130227,20.8900212],[81.4038068,20.885418],[81.3999487,20.8854723],[81.3994131,20.8801755],[81.3934075,20.8793925],[81.3880308,20.8685759],[81.3976549,20.8587243],[81.4041631,20.8591013],[81.4077999,20.8540107],[81.4149021,20.8529044],[81.4205031,20.8499065],[81.4290602,20.8558018],[81.435069,20.8513322],[81.4421094,20.8515823],[81.4468772,20.8536091],[81.4514218,20.8490981],[81.4578097,20.8549038],[81.4641238,20.8535712],[81.464865,20.8632764],[81.4612033,20.8647279],[81.460743,20.8692711],[81.4720844,20.8706668],[81.4811202,20.8729154],[81.4844146,20.8703301],[81.4873208,20.875603],[81.4943422,20.8831492],[81.4955101,20.8894303],[81.4991044,20.8943955],[81.5190605,20.8931148],[81.5242888,20.897407],[81.5286564,20.9077323],[81.5297998,20.9191046],[81.5360621,20.9262201],[81.541611,20.9305896],[81.5488435,20.9335514],[81.5652303,20.9325822],[81.5687451,20.9380771],[81.5882405,20.9403605],[81.5908111,20.9437815],[81.5903665,20.9515977],[81.5967662,20.9554832],[81.6049736,20.9559248],[81.6130984,20.9657809],[81.609049,20.9787984],[81.6116159,20.9840421],[81.6188328,20.9853601],[81.6214289,20.9932085],[81.612452,21.0123294],[81.6073293,21.0175088],[81.6108398,21.0269085],[81.6061446,21.0297924],[81.603657,21.0357081],[81.5857072,21.0463357],[81.5899204,21.0502159],[81.5989452,21.0506465],[81.607017,21.0557416],[81.6080655,21.0587675],[81.604408,21.0673159],[81.5916918,21.0670294],[81.5772847,21.0739807],[81.5779643,21.0857993],[81.5750182,21.0893752],[81.5789181,21.098169],[81.5814265,21.1104125],[81.5812401,21.1227908],[81.5878312,21.1338566],[81.5953768,21.1435539],[81.6038389,21.1464905],[81.6057688,21.149959],[81.6035675,21.1593655],[81.62333,21.1588972],[81.625429,21.1613132],[81.6181591,21.1686922],[81.6105217,21.1844615],[81.6052144,21.1936103],[81.6054014,21.199165],[81.6027278,21.2060154],[81.5949545,21.2096676],[81.587806,21.216562],[81.5742995,21.2230841],[81.5699618,21.2312972],[81.5616923,21.2414778],[81.5514861,21.239726],[81.5477473,21.2414675],[81.5414036,21.2497874],[81.5461808,21.2697298],[81.54319,21.2778887],[81.5375525,21.2877262],[81.5343902,21.2959649],[81.5366484,21.3020892],[81.5407456,21.3008113],[81.5500457,21.3049758],[81.549957,21.311536],[81.5518312,21.318497],[81.5540022,21.3332629]]]},"properties":{"OBJECTID":116,"dtname":"Durg","stname":"CHHATTISGARH","stcode11":"22","dtcode11":"409","year_stat":"2011_c","dist_lgd":378,"state_lgd":22,"remarks":" ","Dist":"Durg","InPoly_FID":884,"SimPgnFlag":0,"MaxSimpTol":100,"MinSimpTol":100,"SHAPE_Length":371609.48355900584,"SHAPE_Area":2657118374.096008}},
{"type":"Feature","geometry":{"type":"Polygon","coordinates":[[[81.1879751,21.3604922],[81.1926607,21.3637833],[81.1946104,21.3699617],[81.1931394,21.3845785],[81.1907049,21.392735],[81.1875702,21.3961998],[81.1799997,21.3957889],[81.1806664,21.4014391],[81.1840024,21.4032775],[81.1844636,21.4084556],[81.1770379,21.4133672],[81.1770636,21.4240077],[81.1732954,21.4274428],[81.1711073,21.4340134],[81.1744322,21.4425397],[81.1790845,21.4480704],[81.179778,21.4567954],[81.1766285,21.4603807],[81.1774411,21.4685213],[81.1801946,21.4709992],[81.1816584,21.4823758],[81.1683163,21.4848735],[81.1638418,21.4835018],[81.1594106,21.4862071],[81.1600981,21.4910065],[81.157487,21.5020866],[81.1685843,21.5006524],[81.1786719,21.4965032],[81.1878017,21.4962592],[81.192964,21.5081458],[81.1954167,21.5181841],[81.1868128,21.5201247],[81.1763805,21.5245726],[81.170539,21.523975],[81.1635216,21.5264263],[81.1560623,21.5342253],[81.1546267,21.5389317],[81.1575146,21.5462453],[81.1556472,21.5482894],[81.1468833,21.5505767],[81.1404411,21.5493783],[81.1398683,21.5585726],[81.1434009,21.5601967],[81.1471586,21.5727784],[81.1503526,21.574923],[81.1509545,21.5801701],[81.1576619,21.5900741],[81.1655672,21.5912804],[81.1674624,21.5938654],[81.1756846,21.5976549],[81.1788225,21.6113671],[81.1755299,21.6224831],[81.1804464,21.6246347],[81.1811294,21.6287534],[81.1904915,21.629361],[81.1920367,21.6335661],[81.1877827,21.6360289],[81.1778454,21.6458884],[81.1810601,21.6535827],[81.1825644,21.6672758],[81.1804514,21.6714128],[81.1765978,21.6717906],[81.1765713,21.6781102],[81.1727223,21.6828575],[81.1763845,21.6848014],[81.1744523,21.6890183],[81.1763556,21.6923385],[81.1722527,21.6952364],[81.1718085,21.7050041],[81.1688272,21.7091135],[81.1626367,21.7112276],[81.1591935,21.7148499],[81.1541828,21.7152222],[81.151853,21.7112522],[81.132327,21.7159318],[81.1266291,21.7041619],[81.124079,21.7095992],[81.1172339,21.7186439],[81.1090058,21.7240118],[81.105087,21.732497],[81.1024534,21.7344518],[81.0964816,21.7300506],[81.0890352,21.7329381],[81.0787479,21.733236],[81.0784832,21.7286201],[81.0682435,21.7322323],[81.0634382,21.72536],[81.0599262,21.7237907],[81.0504789,21.7268557],[81.0432508,21.7268641],[81.0406789,21.7293689],[81.0447193,21.7370092],[81.0341118,21.7388438],[81.0274804,21.7415031],[81.0096348,21.735268],[81.0023786,21.7273934],[80.9945411,21.7304578],[80.9762245,21.7457135],[80.9728083,21.7592384],[80.9637753,21.764294],[80.9529636,21.7675462],[80.95493,21.782887],[80.9463111,21.80024],[80.9457656,21.8046995],[80.9416887,21.8082153],[80.9358977,21.8091354],[80.9319665,21.8133314],[80.9301671,21.8244449],[80.9231555,21.8272604],[80.9163413,21.8272081],[80.9104066,21.8251188],[80.8995737,21.8258974],[80.8954246,21.8285307],[80.884688,21.8273485],[80.8780331,21.8240208],[80.8650273,21.8311581],[80.8615853,21.8306362],[80.8472835,21.8349767],[80.8447158,21.8317443],[80.8451789,21.8288248],[80.8414268,21.815395],[80.8379252,21.8091742],[80.8391137,21.8002842],[80.8320077,21.7940119],[80.830297,21.7869657],[80.8261784,21.78298],[80.8282097,21.7762121],[80.8235231,21.7745578],[80.8245757,21.770446],[80.8186351,21.7656047],[80.8156312,21.7557294],[80.819975,21.754311],[80.8197392,21.7480232],[80.8092636,21.7484288],[80.8032585,21.744472],[80.7854326,21.7403079],[80.7859272,21.7484424],[80.7806464,21.7500701],[80.7779249,21.7547741],[80.7720338,21.7585189],[80.7593843,21.7591846],[80.7559915,21.762065],[80.7474671,21.7555445],[80.7403401,21.7441287],[80.7379749,21.7343571],[80.7338413,21.7286119],[80.7339969,21.720526],[80.7320591,21.7136626],[80.725676,21.7121351],[80.7301503,21.7060175],[80.7351263,21.7038922],[80.7288667,21.6888074],[80.7214524,21.6770031],[80.7156648,21.6740404],[80.7189211,21.6701388],[80.7168089,21.6605394],[80.7188745,21.6459674],[80.7250121,21.6446459],[80.7283179,21.6399978],[80.7296775,21.6290482],[80.7316388,21.62605],[80.7290491,21.6187862],[80.7245957,21.6147663],[80.7204277,21.6061883],[80.7170645,21.6024768],[80.7171168,21.5910412],[80.7199838,21.5834563],[80.7255025,21.5800871],[80.728675,21.5699453],[80.7198805,21.556494],[80.7270043,21.5491957],[80.7337038,21.5460147],[80.7407816,21.5392259],[80.7313652,21.5197945],[80.7306917,21.5149043],[80.7337109,21.5124193],[80.731497,21.5081802],[80.7332111,21.5006649],[80.7275998,21.4961975],[80.7328891,21.4843356],[80.7371614,21.4809821],[80.7377536,21.4731242],[80.7352742,21.4609196],[80.7243997,21.4451844],[80.7142936,21.4361855],[80.7068158,21.4330735],[80.7072497,21.4155834],[80.7059157,21.4102509],[80.7001838,21.4046494],[80.7005461,21.396602],[80.6950175,21.3810383],[80.6902933,21.3720672],[80.685375,21.3703214],[80.6801999,21.364859],[80.6817599,21.3597013],[80.6764781,21.3510145],[80.6723503,21.3465179],[80.6712425,21.3383455],[80.6749798,21.3395582],[80.6873708,21.3361129],[80.6917777,21.3391188],[80.6996738,21.3406915],[80.7181312,21.3425428],[80.7229412,21.3385711],[80.7307442,21.3406326],[80.7332475,21.33539],[80.7447693,21.3341884],[80.7487474,21.3311117],[80.7541507,21.3325611],[80.7599627,21.3438016],[80.7772828,21.3523778],[80.7790305,21.3557037],[80.790787,21.359482],[80.8078464,21.3597864],[80.8129511,21.3615994],[80.8203057,21.3586353],[80.8234824,21.367172],[80.8355859,21.361276],[80.8386226,21.3575061],[80.8414442,21.3478246],[80.8497453,21.3383288],[80.8520294,21.3296865],[80.8503053,21.3200881],[80.8532078,21.3148438],[80.8516123,21.3115012],[80.8536574,21.306027],[80.8500231,21.3032632],[80.8511498,21.2952958],[80.8546145,21.2899218],[80.8510925,21.2877671],[80.8523249,21.282837],[80.8580347,21.2764795],[80.8583579,21.2728668],[80.8646549,21.2655925],[80.8655052,21.2592024],[80.8681453,21.2577665],[80.8783481,21.2599765],[80.884458,21.2635732],[80.9021206,21.2585311],[80.905985,21.2562539],[80.9171293,21.2563346],[80.9207487,21.2534577],[80.9218199,21.2468287],[80.9340793,21.2444749],[80.9409635,21.2464995],[80.9378623,21.2399794],[80.939971,21.2351781],[80.9500942,21.2365018],[80.9548556,21.2387201],[80.9701404,21.2372619],[80.9758254,21.2380471],[80.9804407,21.2353885],[80.9895379,21.2229971],[81.0025577,21.2232743],[81.0100792,21.2252937],[81.0153633,21.237845],[81.0192325,21.2426273],[81.0239565,21.2446262],[81.031074,21.2401279],[81.0442306,21.2279146],[81.0543303,21.2390554],[81.0601591,21.2493315],[81.0664212,21.2495595],[81.0705898,21.2566627],[81.0715194,21.2625894],[81.0584224,21.264234],[81.0523741,21.2664218],[81.052647,21.2768235],[81.0470466,21.2775972],[81.0405749,21.2815744],[81.0323205,21.2797398],[81.0233528,21.2792056],[81.01916,21.2863408],[81.0096644,21.2859006],[81.0009037,21.2808419],[80.9975936,21.2822675],[80.9923968,21.279931],[80.9850909,21.284638],[80.9786481,21.2863892],[80.9753052,21.2954731],[80.9747694,21.302982],[80.9793576,21.3139774],[80.9808598,21.3242137],[80.9921172,21.3230971],[80.9965594,21.3277596],[81.0047883,21.3310573],[81.0193416,21.3330036],[81.0152201,21.3419078],[81.0187323,21.3516741],[81.0162192,21.3550088],[81.0184373,21.3716852],[81.0258158,21.3696451],[81.038147,21.3697317],[81.0373056,21.3640003],[81.0422898,21.3619578],[81.0636107,21.3573443],[81.0716658,21.3515353],[81.0800071,21.3532611],[81.0841103,21.3574321],[81.0901269,21.3577283],[81.0973052,21.3640334],[81.1026926,21.3667229],[81.1045392,21.3524133],[81.1134716,21.3486104],[81.1225587,21.3504931],[81.1234082,21.35547],[81.1467488,21.3545784],[81.1510424,21.3565417],[81.1529088,21.3604961],[81.1664616,21.3608432],[81.167467,21.3637485],[81.1803974,21.3624546],[81.1879751,21.3604922]]]},"properties":{"OBJECTID":760,"dtname":"Khairgarh Chhuikhadan Gandai","stname":"CHHATTISGARH","stcode11":"22","dtcode11":"821","year_stat":"2022","dist_lgd":759,"state_lgd":22,"remarks":" ","Dist":"Khairgarh Chhuikhadan Gandai","InPoly_FID":1528,"SimPgnFlag":0,"MaxSimpTol":100,"MinSimpTol":100,"SHAPE_Length":343971.0198055049,"SHAPE_Area":2694828587.428183}},
{"type":"Feature","geometry":{"type":"Polygon","coordinates":[[[80.8232743,20.7646446],[80.8400455,20.7687088],[80.8612826,20.7801107],[80.870709,20.7873596],[80.8720919,20.7961481],[80.8834842,20.8036898],[80.8859957,20.7985368],[80.8903374,20.7993086],[80.895093,20.8058927],[80.9003285,20.8080869],[80.9005388,20.8020849],[80.905308,20.8019712],[80.9070109,20.7923424],[80.9001529,20.7922803],[80.9006226,20.7862286],[80.904152,20.7851622],[80.9094379,20.7787437],[80.91184,20.7831103],[80.9215594,20.7824802],[80.926244,20.7766991],[80.9321558,20.7768905],[80.9357249,20.7799422],[80.9369481,20.7885586],[80.940074,20.7986104],[80.9479291,20.8040221],[80.946384,20.8070215],[80.949384,20.812977],[80.9576082,20.8151907],[80.956652,20.8233925],[80.9608699,20.8242169],[80.9675622,20.8179946],[80.9690713,20.8116531],[80.9784993,20.8109567],[80.9803923,20.818624],[80.9752259,20.8288562],[80.9691754,20.8246054],[80.9657392,20.8297286],[80.9651811,20.8362728],[80.9618971,20.839499],[80.9576346,20.8371166],[80.9529419,20.8385278],[80.9505292,20.8457909],[80.9563235,20.8556244],[80.9644494,20.8580319],[80.9690853,20.8572978],[80.9781882,20.8616822],[80.9848512,20.866718],[80.990707,20.8775529],[80.9946532,20.878905],[80.9951757,20.8833214],[80.9820137,20.8900773],[80.9816164,20.8989381],[80.9704627,20.9003537],[80.9656421,20.9077899],[80.9646788,20.9204626],[80.9672861,20.9239566],[80.9628802,20.9268855],[80.9630443,20.9363556],[80.9606381,20.9401323],[80.9629993,20.9497143],[80.9561311,20.9512788],[80.950186,20.9471191],[80.9454936,20.9463308],[80.941394,20.9486809],[80.9442225,20.9526629],[80.9465933,20.9639747],[80.9513228,20.9705029],[80.9453181,20.9718874],[80.9399978,20.9773495],[80.9481454,20.981817],[80.9558542,20.98306],[80.9566209,20.9871782],[80.9526307,20.9981542],[80.9534981,21.0031842],[80.9732108,21.0039346],[80.9722989,21.0073748],[80.9877042,21.0055569],[80.990449,21.002853],[80.9976705,21.003913],[81.0038302,20.9998578],[81.0127456,21.0000253],[81.0245137,20.9926739],[81.0325686,20.9957299],[81.0479701,20.9945428],[81.0544888,20.9949627],[81.0683838,20.993839],[81.0748754,20.9992998],[81.0901232,20.9962167],[81.093954,21.0016838],[81.1020232,21.0051127],[81.1067125,21.0030359],[81.120688,21.0046174],[81.1237708,21.0124122],[81.1324234,21.0199267],[81.1378353,21.0292565],[81.1337228,21.031718],[81.1409583,21.0414676],[81.1395157,21.0469728],[81.1460106,21.0503727],[81.1511737,21.0569157],[81.1442137,21.0682429],[81.1441755,21.0709118],[81.1503786,21.0776715],[81.1548474,21.076561],[81.1550083,21.0824577],[81.15297,21.0918558],[81.1583359,21.093878],[81.1661918,21.1031025],[81.1723517,21.1029564],[81.1828795,21.0985183],[81.1879011,21.0928625],[81.1945849,21.0923405],[81.2055168,21.0992181],[81.2074834,21.1049569],[81.2062065,21.1106929],[81.1960108,21.1156244],[81.1993605,21.1252511],[81.2076194,21.1245698],[81.2096079,21.1340163],[81.2079116,21.1392151],[81.2102177,21.1481601],[81.2148295,21.1483022],[81.2148595,21.1581154],[81.2166326,21.1682618],[81.2134579,21.1731499],[81.2071414,21.1736994],[81.2086127,21.1871743],[81.2073192,21.190449],[81.1961555,21.1964559],[81.1988626,21.2078304],[81.1987205,21.2219789],[81.1909654,21.2200945],[81.1864852,21.2173912],[81.1791838,21.2167433],[81.16856,21.2187244],[81.1633002,21.2162781],[81.1566009,21.2157511],[81.1549767,21.2103052],[81.149776,21.2132143],[81.1502408,21.2269427],[81.1615844,21.2306798],[81.1636665,21.2356786],[81.1591926,21.2391297],[81.1548907,21.2371299],[81.1484413,21.2387567],[81.1489384,21.2448396],[81.1520993,21.2495447],[81.1631164,21.2504954],[81.1655886,21.2658683],[81.1627827,21.279835],[81.1606385,21.2835372],[81.1623963,21.2940251],[81.1680597,21.2955443],[81.1722288,21.2943554],[81.1754156,21.2978556],[81.1776371,21.3185755],[81.1847594,21.3193577],[81.1863925,21.334006],[81.1916663,21.3325381],[81.1964572,21.3357479],[81.1915665,21.3423726],[81.1882115,21.3431602],[81.1879751,21.3604922],[81.1803974,21.3624546],[81.167467,21.3637485],[81.1664616,21.3608432],[81.1529088,21.3604961],[81.1510424,21.3565417],[81.1467488,21.3545784],[81.1234082,21.35547],[81.1225587,21.3504931],[81.1134716,21.3486104],[81.1045392,21.3524133],[81.1026926,21.3667229],[81.0973052,21.3640334],[81.0901269,21.3577283],[81.0841103,21.3574321],[81.0800071,21.3532611],[81.0716658,21.3515353],[81.0636107,21.3573443],[81.0422898,21.3619578],[81.0373056,21.3640003],[81.038147,21.3697317],[81.0258158,21.3696451],[81.0184373,21.3716852],[81.0162192,21.3550088],[81.0187323,21.3516741],[81.0152201,21.3419078],[81.0193416,21.3330036],[81.0047883,21.3310573],[80.9965594,21.3277596],[80.9921172,21.3230971],[80.9808598,21.3242137],[80.9793576,21.3139774],[80.9747694,21.302982],[80.9753052,21.2954731],[80.9786481,21.2863892],[80.9850909,21.284638],[80.9923968,21.279931],[80.9975936,21.2822675],[81.0009037,21.2808419],[81.0096644,21.2859006],[81.01916,21.2863408],[81.0233528,21.2792056],[81.0323205,21.2797398],[81.0405749,21.2815744],[81.0470466,21.2775972],[81.052647,21.2768235],[81.0523741,21.2664218],[81.0584224,21.264234],[81.0715194,21.2625894],[81.0705898,21.2566627],[81.0664212,21.2495595],[81.0601591,21.2493315],[81.0543303,21.2390554],[81.0442306,21.2279146],[81.031074,21.2401279],[81.0239565,21.2446262],[81.0192325,21.2426273],[81.0153633,21.237845],[81.0100792,21.2252937],[81.0025577,21.2232743],[80.9895379,21.2229971],[80.9804407,21.2353885],[80.9758254,21.2380471],[80.9701404,21.2372619],[80.9548556,21.2387201],[80.9500942,21.2365018],[80.939971,21.2351781],[80.9378623,21.2399794],[80.9409635,21.2464995],[80.9340793,21.2444749],[80.9218199,21.2468287],[80.9207487,21.2534577],[80.9171293,21.2563346],[80.905985,21.2562539],[80.9021206,21.2585311],[80.884458,21.2635732],[80.8783481,21.2599765],[80.8681453,21.2577665],[80.8655052,21.2592024],[80.8646549,21.2655925],[80.8583579,21.2728668],[80.8580347,21.2764795],[80.8523249,21.282837],[80.8510925,21.2877671],[80.8546145,21.2899218],[80.8511498,21.2952958],[80.8500231,21.3032632],[80.8536574,21.306027],[80.8516123,21.3115012],[80.8532078,21.3148438],[80.8503053,21.3200881],[80.8520294,21.3296865],[80.8497453,21.3383288],[80.8414442,21.3478246],[80.8386226,21.3575061],[80.8355859,21.361276],[80.8234824,21.367172],[80.8203057,21.3586353],[80.8129511,21.3615994],[80.8078464,21.3597864],[80.790787,21.359482],[80.7790305,21.3557037],[80.7772828,21.3523778],[80.7599627,21.3438016],[80.7541507,21.3325611],[80.7487474,21.3311117],[80.7447693,21.3341884],[80.7332475,21.33539],[80.7307442,21.3406326],[80.7229412,21.3385711],[80.7181312,21.3425428],[80.6996738,21.3406915],[80.6917777,21.3391188],[80.6873708,21.3361129],[80.6749798,21.3395582],[80.6712425,21.3383455],[80.6616321,21.3361251],[80.6655582,21.3282485],[80.6711965,21.3256458],[80.6750556,21.3214675],[80.675936,21.3170598],[80.6815637,21.3135672],[80.6790493,21.304044],[80.6795678,21.298837],[80.6699665,21.2911583],[80.6612401,21.2910656],[80.6582456,21.281226],[80.6506717,21.2770915],[80.6491717,21.2735189],[80.6487892,21.2621615],[80.6425104,21.2498362],[80.6271098,21.2432439],[80.6207323,21.237459],[80.6173176,21.2297953],[80.6126651,21.225961],[80.6059224,21.2242037],[80.5991985,21.2255712],[80.5921477,21.2237997],[80.5785531,21.2179033],[80.5684007,21.204971],[80.5528817,21.2007653],[80.5414397,21.2010898],[80.5296292,21.2053331],[80.5177578,21.1928123],[80.5149865,21.1830289],[80.5095192,21.1859652],[80.502586,21.1853191],[80.4922078,21.1771466],[80.4867475,21.1767574],[80.4807975,21.1716085],[80.4769644,21.1706264],[80.4733651,21.1736813],[80.4642613,21.1750276],[80.4608128,21.1647601],[80.4610396,21.1572726],[80.4530805,21.1366429],[80.4470974,21.1268911],[80.4451692,21.1206779],[80.4545629,21.1183389],[80.4581941,21.1138708],[80.4478026,21.1124215],[80.4464706,21.1047991],[80.4391472,21.0965603],[80.440867,21.0898353],[80.4462922,21.0841248],[80.4466574,21.0730378],[80.4492433,21.0677801],[80.4469706,21.0640464],[80.4495027,21.0572576],[80.4540798,21.0517415],[80.4512418,21.0431036],[80.4496865,21.0305859],[80.4392711,21.0269818],[80.4389177,21.021644],[80.4358053,21.0202316],[80.4288761,21.0116941],[80.4241716,21.0092614],[80.425806,21.0059663],[80.4351756,21.0014792],[80.4426719,20.9954998],[80.445545,20.9794757],[80.4438427,20.9769853],[80.4453532,20.9706287],[80.4489853,20.964815],[80.4551438,20.9458627],[80.4620096,20.9391168],[80.4636959,20.9291986],[80.4764672,20.9284824],[80.4929457,20.9293299],[80.5032686,20.9313481],[80.51907,20.9298231],[80.5344828,20.9345874],[80.5422147,20.9303688],[80.5418292,20.9236034],[80.5480981,20.911842],[80.5525752,20.8968098],[80.5557355,20.8903937],[80.5539326,20.8715787],[80.5565321,20.8608856],[80.5550397,20.8465824],[80.5559076,20.839524],[80.5612342,20.8305841],[80.5664531,20.8370548],[80.586711,20.8460106],[80.6058814,20.8485914],[80.6175114,20.8530246],[80.6295916,20.8591555],[80.637803,20.8609721],[80.6457618,20.865403],[80.6590277,20.8708523],[80.6654511,20.8680394],[80.6916858,20.8612664],[80.6988123,20.8604219],[80.7181271,20.8652936],[80.7289188,20.866165],[80.7362038,20.8622285],[80.7457207,20.8612109],[80.7623078,20.8553867],[80.7731236,20.8478536],[80.7833441,20.8362716],[80.7891493,20.8326354],[80.7970271,20.8335018],[80.8000224,20.8380599],[80.8005147,20.8432853],[80.8108898,20.847467],[80.8110999,20.8620586],[80.820501,20.8666593],[80.82474,20.8633954],[80.8241266,20.8587571],[80.829261,20.8481547],[80.8288982,20.8405314],[80.8258588,20.8359331],[80.8244005,20.8293571],[80.8184349,20.8147229],[80.8204251,20.8100313],[80.8175645,20.8048865],[80.8266204,20.7972885],[80.8272658,20.7889885],[80.8228265,20.7865747],[80.8268526,20.7789504],[80.8216088,20.7769414],[80.8232743,20.7646446]]]},"properties":{"OBJECTID":281,"dtname":"Rajnandgaon","stname":"CHHATTISGARH","stcode11":"22","dtcode11":"408","year_stat":"2011_c","dist_lgd":388,"state_lgd":22,"remarks":" ","Dist":"Rajnandgaon","InPoly_FID":1049,"SimPgnFlag":0,"MaxSimpTol":100,"MinSimpTol":100,"SHAPE_Length":455166.38747165905,"SHAPE_Area":3764395728.6350336}},
{"type":"Feature","geometry":{"type":"Polygon","coordinates":[[[80.8232743,20.7646446],[80.8216088,20.7769414],[80.8268526,20.7789504],[80.8228265,20.7865747],[80.8272658,20.7889885],[80.8266204,20.7972885],[80.8175645,20.8048865],[80.8204251,20.8100313],[80.8184349,20.8147229],[80.8244005,20.8293571],[80.8258588,20.8359331],[80.8288982,20.8405314],[80.829261,20.8481547],[80.8241266,20.8587571],[80.82474,20.8633954],[80.820501,20.8666593],[80.8110999,20.8620586],[80.8108898,20.847467],[80.8005147,20.8432853],[80.8000224,20.8380599],[80.7970271,20.8335018],[80.7891493,20.8326354],[80.7833441,20.8362716],[80.7731236,20.8478536],[80.7623078,20.8553867],[80.7457207,20.8612109],[80.7362038,20.8622285],[80.7289188,20.866165],[80.7181271,20.8652936],[80.6988123,20.8604219],[80.6916858,20.8612664],[80.6654511,20.8680394],[80.6590277,20.8708523],[80.6457618,20.865403],[80.637803,20.8609721],[80.6295916,20.8591555],[80.6175114,20.8530246],[80.6058814,20.8485914],[80.586711,20.8460106],[80.5664531,20.8370548],[80.5612342,20.8305841],[80.5612951,20.8226582],[80.5585908,20.8115791],[80.5513815,20.8012342],[80.5492328,20.7952764],[80.5521162,20.7813859],[80.5511253,20.7747919],[80.5516778,20.7644139],[80.553644,20.7591444],[80.5628775,20.7465513],[80.5628442,20.7340007],[80.5600825,20.7258028],[80.5634264,20.7188174],[80.5652248,20.7106301],[80.5676453,20.7072031],[80.5756622,20.7034798],[80.5818027,20.6974116],[80.5866572,20.6884751],[80.5874983,20.6832907],[80.5803698,20.6731094],[80.5594674,20.6709078],[80.5524675,20.6680915],[80.5462427,20.6608673],[80.5408979,20.659686],[80.5307829,20.6601054],[80.5212936,20.6572773],[80.5076121,20.646958],[80.4956501,20.6368484],[80.4942023,20.6266707],[80.4941495,20.6125042],[80.4967497,20.6023961],[80.5022077,20.5953289],[80.5044138,20.5833534],[80.5089891,20.5833881],[80.521542,20.5804469],[80.5254505,20.5807021],[80.539212,20.585176],[80.5449719,20.5901824],[80.5578309,20.5943432],[80.5641968,20.6033781],[80.5807674,20.6083645],[80.5866915,20.6076117],[80.5976805,20.6091493],[80.6050245,20.6074251],[80.6123064,20.6005067],[80.6223982,20.5994639],[80.6280964,20.6001052],[80.6287966,20.5967812],[80.6228061,20.5889906],[80.6173483,20.5857524],[80.6254534,20.5783232],[80.620955,20.5742044],[80.6210511,20.5697648],[80.6258658,20.5684551],[80.6265083,20.5641511],[80.6234106,20.5553443],[80.6179011,20.5544997],[80.6152257,20.5495858],[80.6212629,20.5325596],[80.6202947,20.5224294],[80.6181375,20.5200087],[80.61751,20.5090655],[80.619295,20.505854],[80.616797,20.5007784],[80.6147548,20.4912456],[80.6163462,20.4883598],[80.612787,20.4632036],[80.6024519,20.4511936],[80.6021506,20.4471785],[80.6080496,20.4438777],[80.6137713,20.4360242],[80.6084179,20.4245772],[80.6000948,20.4180116],[80.5991138,20.4113724],[80.5914815,20.3930708],[80.5928906,20.3882256],[80.5979546,20.3829642],[80.603803,20.3812397],[80.6107485,20.375062],[80.6094846,20.3698545],[80.614533,20.3629538],[80.6154101,20.3513061],[80.6215782,20.3395636],[80.6257967,20.3369215],[80.6263521,20.3326264],[80.6223685,20.3254092],[80.613584,20.3215842],[80.6105238,20.3184037],[80.6001537,20.3173096],[80.5889169,20.3179986],[80.5834114,20.3168141],[80.5571021,20.3081435],[80.5495759,20.3089579],[80.5460443,20.3060342],[80.5461778,20.2976608],[80.5434991,20.2935271],[80.5321951,20.2808574],[80.5261329,20.2770016],[80.5166968,20.2661882],[80.4899113,20.2782616],[80.479132,20.2782966],[80.4669389,20.2761225],[80.4472091,20.2624635],[80.4368953,20.2611664],[80.4220531,20.2534861],[80.4173838,20.2490924],[80.4089557,20.2463076],[80.3981354,20.2442725],[80.3951914,20.2370104],[80.3988513,20.2317256],[80.4016827,20.223993],[80.4056003,20.2179719],[80.4118813,20.212849],[80.4220513,20.206799],[80.4212253,20.1965062],[80.413116,20.1947557],[80.4013085,20.1902369],[80.3979635,20.1829749],[80.3965894,20.1738969],[80.3885383,20.165199],[80.3952571,20.1546116],[80.4018177,20.1472443],[80.4259285,20.1399312],[80.4295856,20.1360956],[80.4380266,20.1368272],[80.4468012,20.135999],[80.4554484,20.1379283],[80.4546534,20.1452545],[80.4601467,20.1509382],[80.4661582,20.1504203],[80.4753907,20.146373],[80.4880671,20.1437683],[80.4955194,20.1454841],[80.5055945,20.1444392],[80.5099345,20.1412986],[80.5112239,20.1370585],[80.5309777,20.1314153],[80.5428088,20.1212771],[80.5520725,20.1179615],[80.5590173,20.1248022],[80.5641442,20.1350972],[80.5665411,20.1451337],[80.5653871,20.1489678],[80.568752,20.154461],[80.5672274,20.164573],[80.5684339,20.1749162],[80.5654031,20.1827151],[80.5672567,20.1890885],[80.5738355,20.1857212],[80.5765973,20.1804739],[80.5842756,20.1774904],[80.5907802,20.1811953],[80.5958984,20.1820001],[80.6089617,20.1870693],[80.6112725,20.1838627],[80.6156923,20.1881808],[80.6261352,20.1909632],[80.6284507,20.1957912],[80.6371722,20.2006596],[80.6424066,20.2052976],[80.6456846,20.2112996],[80.6442981,20.2191494],[80.6487002,20.2205309],[80.6540746,20.2263563],[80.6662271,20.2223884],[80.6773993,20.2075668],[80.6782304,20.203714],[80.6869343,20.1953647],[80.6885495,20.1909786],[80.7044223,20.1912431],[80.7124773,20.1894913],[80.7157551,20.1910479],[80.723664,20.2005598],[80.7285224,20.2116359],[80.7281717,20.2165817],[80.7335558,20.2255842],[80.7363123,20.2394977],[80.7283504,20.2552247],[80.7270754,20.2667514],[80.7324754,20.2685096],[80.7402181,20.2732695],[80.7464755,20.2753202],[80.7458803,20.2792951],[80.7496672,20.2912257],[80.7589288,20.2917757],[80.7599757,20.2889142],[80.7687558,20.2932739],[80.7749192,20.2942362],[80.7805756,20.2909756],[80.7802761,20.2856371],[80.784286,20.2827017],[80.7904316,20.2826584],[80.8060329,20.291998],[80.8107109,20.296318],[80.8213939,20.2967495],[80.8250713,20.3004662],[80.8302583,20.3102306],[80.8297685,20.3193554],[80.8272181,20.3257399],[80.8223928,20.3309868],[80.8263836,20.3412282],[80.8211104,20.3471757],[80.8121454,20.3547879],[80.8179582,20.3586288],[80.8234369,20.3587585],[80.8345582,20.3497695],[80.8423046,20.3477142],[80.8472201,20.3480095],[80.8508848,20.3528471],[80.8510292,20.3577337],[80.8542316,20.3656184],[80.855242,20.3725562],[80.8587404,20.3754311],[80.8602003,20.3879127],[80.8665327,20.3842503],[80.8715811,20.3838168],[80.8752549,20.3867977],[80.8865451,20.3870715],[80.8931126,20.3971166],[80.8983774,20.4002368],[80.9036898,20.4002541],[80.9081514,20.4087983],[80.9159621,20.4171834],[80.9225052,20.4291998],[80.9309933,20.43725],[80.9395042,20.440711],[80.9460737,20.4414898],[80.9581783,20.4349628],[80.9663054,20.4368059],[80.9716507,20.4413599],[80.9801391,20.4451894],[80.9809816,20.4510376],[80.9903807,20.4540937],[80.9918785,20.4592906],[80.9889626,20.4670928],[80.9846656,20.4719539],[80.9812776,20.4825144],[80.9846077,20.4868767],[80.9833273,20.5007415],[80.9797512,20.5018273],[80.9793236,20.5074143],[80.9675717,20.5105238],[80.9608204,20.5072077],[80.9578344,20.5255635],[80.9555297,20.5281253],[80.9541939,20.5408123],[80.9657919,20.5405536],[80.9897242,20.5438995],[80.9846664,20.5514811],[80.9851941,20.558463],[80.989226,20.5637986],[80.9944579,20.5640886],[81.0065455,20.5738097],[81.0035734,20.5844996],[81.003916,20.591863],[81.0065813,20.5982962],[81.0014471,20.5993044],[80.9992165,20.6024974],[80.9927571,20.6054086],[80.9876165,20.6116315],[80.9838935,20.6107488],[80.9788297,20.6131094],[80.9757205,20.6190184],[80.9711274,20.6229548],[80.9679513,20.6301328],[80.9604429,20.629369],[80.953209,20.6398094],[80.9569787,20.655181],[80.9617772,20.6641479],[80.9532461,20.6654165],[80.9491739,20.6686474],[80.9394164,20.6641803],[80.9274981,20.6675084],[80.9255378,20.660003],[80.9194887,20.6488089],[80.9117639,20.6484133],[80.9109703,20.6605034],[80.9095607,20.6657336],[80.9039163,20.6612914],[80.8970213,20.6596522],[80.889406,20.6553356],[80.8812923,20.6561625],[80.8751699,20.66543],[80.8723723,20.6671191],[80.8622139,20.6654521],[80.8540842,20.6730703],[80.8538582,20.676489],[80.8604267,20.6883538],[80.8517928,20.6890259],[80.8467684,20.6872683],[80.834617,20.686191],[80.827587,20.683895],[80.8171472,20.6886474],[80.8117065,20.7082595],[80.8072658,20.7100959],[80.8031918,20.7180112],[80.8032138,20.7222112],[80.8094617,20.727019],[80.8102702,20.7337259],[80.8193058,20.7446988],[80.8209297,20.7507554],[80.8170739,20.7560484],[80.8221186,20.7602455],[80.8232743,20.7646446]]]},"properties":{"OBJECTID":761,"dtname":"Mohla Manpur Ambagarh Chouki","stname":"CHHATTISGARH","stcode11":"22","dtcode11":"823","year_stat":"2022","dist_lgd":761,"state_lgd":22,"remarks":" ","Dist":"Mohla Manpur Ambagarh Chouki","InPoly_FID":1529,"SimPgnFlag":0,"MaxSimpTol":100,"MinSimpTol":100,"SHAPE_Length":387827.2060797668,"SHAPE_Area":2852243582.3077745}},
{"type":"Feature","geometry":{"type":"Polygon","coordinates":[[[82.6077064,23.1433987],[82.6180126,23.1442437],[82.6213716,23.1423069],[82.6277576,23.1426907],[82.6357496,23.1409431],[82.6377711,23.1452681],[82.6433571,23.1499405],[82.6433726,23.1556067],[82.6490562,23.1569513],[82.6552371,23.1758856],[82.6641485,23.2065484],[82.673491,23.2153949],[82.6812978,23.2176181],[82.6884241,23.2262162],[82.6911594,23.2352627],[82.6962549,23.2441908],[82.709681,23.2438139],[82.7143582,23.2459874],[82.7265293,23.2463412],[82.7289552,23.249527],[82.7405597,23.2527015],[82.7446444,23.2512852],[82.7548739,23.2565892],[82.7631684,23.2570497],[82.7645672,23.2546705],[82.7718258,23.2580178],[82.7620288,23.2635018],[82.7577453,23.2637337],[82.7443774,23.2684673],[82.7460017,23.2766737],[82.7446144,23.2831723],[82.7451277,23.29138],[82.7490907,23.2979328],[82.755931,23.2996187],[82.7568424,23.302636],[82.7550079,23.3181256],[82.7519462,23.3206086],[82.7565776,23.3343512],[82.7500493,23.3471973],[82.7483461,23.3548173],[82.7386023,23.3607733],[82.7272507,23.3649393],[82.7228395,23.3647751],[82.7149341,23.3607482],[82.6967331,23.3696833],[82.6746824,23.3706806],[82.6674364,23.3756987],[82.6644403,23.381993],[82.6540081,23.3824062],[82.6501252,23.3849577],[82.6493097,23.3918067],[82.6509853,23.40624],[82.6564966,23.4190337],[82.6537251,23.4299825],[82.6531203,23.4387005],[82.6546631,23.4455174],[82.6524631,23.4547459],[82.6532475,23.4615494],[82.6508012,23.4646018],[82.652104,23.469202],[82.6469757,23.4737491],[82.6502166,23.4782453],[82.6434631,23.4840295],[82.6417717,23.500558],[82.6306806,23.5060024],[82.6286982,23.5096469],[82.6215393,23.5136413],[82.6139515,23.5127823],[82.6051252,23.520245],[82.6031177,23.5255447],[82.5923034,23.5306186],[82.5828104,23.5401199],[82.5801561,23.5465509],[82.5852306,23.5527827],[82.5825975,23.5633734],[82.5784321,23.5704647],[82.5781096,23.5804423],[82.5760754,23.5860982],[82.5785135,23.6039226],[82.5765672,23.6076827],[82.5795733,23.6136113],[82.5751621,23.6180162],[82.5744044,23.6264131],[82.5781562,23.6308025],[82.5806425,23.6396157],[82.5893939,23.6423763],[82.5935632,23.6468106],[82.5923129,23.6494378],[82.601152,23.6603872],[82.6016888,23.6740981],[82.5982071,23.6812622],[82.5953859,23.6930943],[82.5862996,23.7001667],[82.5851017,23.7058141],[82.5806639,23.7079528],[82.5774393,23.7172473],[82.5706856,23.721543],[82.5650929,23.7277213],[82.5664538,23.7328775],[82.5538528,23.7368924],[82.5508826,23.7439992],[82.5515763,23.7488526],[82.5457233,23.756702],[82.5405237,23.7578716],[82.5374694,23.7615911],[82.5251182,23.7574972],[82.5223695,23.7584587],[82.5148371,23.7561839],[82.5087786,23.7608762],[82.5034054,23.7596518],[82.4992327,23.7634366],[82.4976475,23.7696397],[82.4989042,23.7765989],[82.4974036,23.7849009],[82.4891512,23.7896972],[82.4841019,23.800188],[82.4793224,23.8055004],[82.4708475,23.8105757],[82.456859,23.8118749],[82.4502087,23.8091877],[82.4469087,23.8045484],[82.4406519,23.8027905],[82.4348289,23.8048561],[82.4162277,23.8039909],[82.3934802,23.7999007],[82.3906155,23.8052011],[82.3769326,23.811027],[82.3635161,23.8080502],[82.3526509,23.8035263],[82.3385783,23.8083945],[82.3351961,23.8027907],[82.3308625,23.8061574],[82.3187363,23.8105777],[82.3115235,23.8101957],[82.3057817,23.8117236],[82.3048272,23.8073938],[82.3098514,23.8079332],[82.3146717,23.8036599],[82.3144395,23.796545],[82.3158719,23.7861035],[82.3132398,23.7810056],[82.3219877,23.7783543],[82.3233089,23.7744768],[82.3197315,23.7657851],[82.3195671,23.7485465],[82.309822,23.7459789],[82.3108259,23.7411528],[82.3067362,23.734226],[82.3080366,23.7292288],[82.3053683,23.7210788],[82.3203678,23.7215634],[82.3229488,23.7170181],[82.318866,23.7130439],[82.3129532,23.7123238],[82.312283,23.7090957],[82.3194777,23.7042678],[82.3305829,23.7036213],[82.3333112,23.6959743],[82.3286666,23.6874811],[82.3257874,23.6787039],[82.3278528,23.6736753],[82.3371926,23.666432],[82.3447673,23.6574361],[82.3383637,23.6499495],[82.3326457,23.6459707],[82.3364351,23.6416106],[82.3360452,23.6344504],[82.3319988,23.6307654],[82.3197944,23.6264998],[82.3150499,23.6295906],[82.3058322,23.6309592],[82.2998401,23.6296923],[82.2970404,23.6243999],[82.2961768,23.6181512],[82.2891671,23.6156509],[82.2785835,23.6097577],[82.2817017,23.6065226],[82.2796373,23.6023725],[82.2728726,23.6011854],[82.2707349,23.5971795],[82.2568271,23.5916843],[82.2600687,23.5875062],[82.2497851,23.5737016],[82.2551614,23.5701754],[82.2714464,23.5643632],[82.28607,23.558002],[82.2947303,23.555185],[82.3125429,23.5423219],[82.3137463,23.534196],[82.312486,23.527735],[82.3147302,23.5240474],[82.3052397,23.508802],[82.3015776,23.509175],[82.2889603,23.5005411],[82.2839038,23.4958488],[82.2839911,23.4898669],[82.2897279,23.4898386],[82.2973655,23.487075],[82.3064264,23.4859009],[82.3108651,23.4829697],[82.3050695,23.4790456],[82.3075514,23.4751346],[82.3132967,23.4760772],[82.3158906,23.4601212],[82.322043,23.4546107],[82.3339916,23.4596666],[82.3353417,23.461676],[82.3475772,23.457182],[82.3491498,23.4480716],[82.3468905,23.4413443],[82.3435817,23.4393037],[82.3452651,23.429508],[82.3493545,23.426121],[82.3588314,23.4256844],[82.3577314,23.4197158],[82.3477632,23.4083148],[82.3475294,23.4031815],[82.3428437,23.4009593],[82.3339148,23.3907585],[82.3399326,23.3844032],[82.3490156,23.3823326],[82.3501752,23.3799129],[82.3584603,23.3790788],[82.363153,23.3754908],[82.3606227,23.3723836],[82.3637679,23.3655395],[82.3614823,23.3553891],[82.3622209,23.3508604],[82.366883,23.3494488],[82.3639555,23.3436519],[82.374862,23.3398528],[82.3738122,23.3333903],[82.3772044,23.3241517],[82.3719732,23.3094582],[82.3741444,23.3076465],[82.3899186,23.3104149],[82.3901687,23.3065121],[82.3981115,23.3060645],[82.3934106,23.3232661],[82.4008434,23.3237973],[82.4122066,23.3161934],[82.4222784,23.3160303],[82.4209628,23.3088205],[82.4231795,23.304138],[82.424398,23.2955566],[82.4110114,23.2950698],[82.3966731,23.2892571],[82.396538,23.2852868],[82.4046248,23.2834822],[82.4110035,23.2790965],[82.4102195,23.2762331],[82.3975166,23.2720535],[82.3919647,23.2687746],[82.3909996,23.2608979],[82.3817138,23.253015],[82.3754545,23.2505828],[82.3702431,23.2452479],[82.3667695,23.2456301],[82.3493979,23.2425162],[82.3431218,23.2425746],[82.3368219,23.2370104],[82.3296266,23.236305],[82.3254265,23.2335759],[82.3301049,23.2276503],[82.3376486,23.2260885],[82.3378977,23.2161638],[82.3396668,23.2100177],[82.3429128,23.2102382],[82.3507483,23.2230979],[82.3581229,23.2230166],[82.3676891,23.2270885],[82.3643189,23.2309756],[82.3591851,23.2294147],[82.3552934,23.2316007],[82.3593124,23.2374419],[82.3730997,23.2371849],[82.3824886,23.241342],[82.3944347,23.2435843],[82.3987078,23.2458125],[82.4065806,23.2458462],[82.4088335,23.2494489],[82.4148943,23.2485727],[82.4172788,23.2450105],[82.4272117,23.2415246],[82.4307215,23.2356526],[82.4259114,23.2292886],[82.4233708,23.2190582],[82.4203943,23.216745],[82.4255145,23.2080402],[82.4280482,23.2000265],[82.4356087,23.1989248],[82.4489464,23.1934943],[82.455893,23.1930657],[82.464641,23.1896204],[82.4653189,23.1854452],[82.4733939,23.182405],[82.480783,23.1813292],[82.4841577,23.177483],[82.4849271,23.1691505],[82.4969229,23.1581794],[82.5027059,23.1547014],[82.5129284,23.151508],[82.5199585,23.1526808],[82.5320364,23.1515974],[82.552227,23.1458279],[82.5734869,23.1437706],[82.5875473,23.1451109],[82.6077064,23.1433987]]]},"properties":{"OBJECTID":762,"dtname":"Korea","stname":"CHHATTISGARH","stcode11":"22","dtcode11":"400","year_stat":"2011_c","dist_lgd":384,"state_lgd":22,"remarks":" ","Dist":"Korea","InPoly_FID":1530,"SimPgnFlag":0,"MaxSimpTol":100,"MinSimpTol":100,"SHAPE_Length":342961.9241204383,"SHAPE_Area":2544226916.473162}},
{"type":"Feature","geometry":{"type":"Polygon","coordinates":[[[82.3048272,23.8073938],[82.2976144,23.8072279],[82.2918131,23.8098207],[82.2826621,23.8165918],[82.2692746,23.8178789],[82.2622106,23.8210386],[82.2517525,23.8167193],[82.2445532,23.8095715],[82.2380149,23.8056156],[82.2318132,23.8053142],[82.2277133,23.8072353],[82.2249139,23.8204766],[82.2075318,23.8261005],[82.2059701,23.8301607],[82.208106,23.8349287],[82.2119677,23.8358467],[82.2153195,23.8410187],[82.2104429,23.8511376],[82.2008526,23.8482457],[82.1971443,23.8416488],[82.1904983,23.8428598],[82.1808519,23.8362802],[82.1781595,23.8211414],[82.1714624,23.8182401],[82.1638338,23.820682],[82.1458881,23.8154383],[82.1292855,23.819035],[82.1233731,23.8220459],[82.1165857,23.8170088],[82.10665,23.8186754],[82.0954356,23.815526],[82.0832728,23.8154175],[82.0776379,23.8186409],[82.0719686,23.817069],[82.0617256,23.8191626],[82.053581,23.8183752],[82.0492406,23.8242165],[82.0409797,23.825246],[82.0393169,23.8285412],[82.0436274,23.8420267],[82.0347498,23.8464089],[82.0217625,23.848539],[82.0092037,23.8607632],[82.0009268,23.8621758],[81.9890705,23.8604317],[81.9814303,23.8606618],[81.975929,23.8561827],[81.9703341,23.8572291],[81.9632927,23.8536173],[81.9560818,23.8529305],[81.9537088,23.8572566],[81.9460817,23.8587727],[81.9465007,23.8620139],[81.9390002,23.8620804],[81.9401368,23.8674069],[81.931307,23.870548],[81.9218129,23.8709124],[81.9153979,23.8587072],[81.9104397,23.8572231],[81.9086563,23.8510793],[81.9045515,23.8447193],[81.8987494,23.840725],[81.8922316,23.8405183],[81.8881575,23.8355482],[81.8677123,23.834145],[81.8630704,23.8244568],[81.8550713,23.8227942],[81.8374155,23.8207414],[81.8366464,23.8160507],[81.8275055,23.813809],[81.8234301,23.8079117],[81.8149957,23.8064499],[81.809198,23.8132154],[81.7959042,23.8148886],[81.7911185,23.8093468],[81.7814635,23.814095],[81.7721243,23.8169861],[81.7621228,23.8236064],[81.7515721,23.8323234],[81.7428548,23.833769],[81.7378796,23.8386971],[81.7316932,23.8407696],[81.7249316,23.8403791],[81.7250441,23.8446287],[81.7296859,23.8489412],[81.7319778,23.8566779],[81.7201972,23.8622108],[81.7090599,23.8604722],[81.7070396,23.8620543],[81.7095178,23.8721319],[81.7043416,23.8771566],[81.7075536,23.8813475],[81.7017433,23.8861255],[81.690437,23.8847631],[81.6883023,23.8953891],[81.6875443,23.9064783],[81.6825603,23.9113981],[81.6731225,23.9128751],[81.6717181,23.9195547],[81.6671048,23.9253673],[81.6610845,23.9229212],[81.6591909,23.917551],[81.6384685,23.9108282],[81.6311581,23.9057201],[81.6210139,23.906711],[81.610245,23.904098],[81.6115681,23.8922874],[81.6037451,23.8847108],[81.604235,23.8817518],[81.6213655,23.8716118],[81.621949,23.8692808],[81.6165877,23.8631923],[81.6125507,23.8613747],[81.6064643,23.8622854],[81.6031818,23.8537101],[81.6077208,23.8463941],[81.6122006,23.8431451],[81.611321,23.8370097],[81.6159367,23.8334231],[81.6224134,23.835377],[81.6344208,23.835687],[81.6416235,23.8205782],[81.6412438,23.8149449],[81.6461981,23.8121369],[81.6514467,23.7990553],[81.6497434,23.784639],[81.6439895,23.7730646],[81.646194,23.7686499],[81.6520322,23.7653663],[81.664322,23.7614749],[81.6701234,23.7581046],[81.6757081,23.7572304],[81.6812969,23.7538117],[81.6864822,23.7468268],[81.6782254,23.7402342],[81.6869749,23.7310618],[81.6881639,23.7255446],[81.6959093,23.7213201],[81.6914583,23.7142569],[81.6850188,23.7002057],[81.6840781,23.6909196],[81.6706004,23.6873487],[81.6659573,23.6849979],[81.6567654,23.6833839],[81.6542596,23.6795922],[81.6563019,23.6721382],[81.6551724,23.6631363],[81.6469227,23.6580182],[81.6425411,23.6578202],[81.6182614,23.6623561],[81.6203295,23.6514285],[81.6176496,23.6347695],[81.6141958,23.6224355],[81.6104527,23.6196994],[81.6076951,23.6126834],[81.6114834,23.6016997],[81.6080891,23.5965076],[81.6035924,23.5933603],[81.5951716,23.5931242],[81.5919769,23.596496],[81.5845244,23.5937839],[81.5766845,23.5853445],[81.5821847,23.5596373],[81.5840212,23.553576],[81.610036,23.5556434],[81.6140854,23.5456692],[81.6125407,23.5409591],[81.6138464,23.5277744],[81.6119911,23.5106843],[81.6253732,23.4967582],[81.6254564,23.4932683],[81.6316831,23.4903063],[81.6368939,23.4902321],[81.6449234,23.4993168],[81.6533285,23.4979689],[81.6579535,23.5046686],[81.6595126,23.5114457],[81.6623493,23.5139504],[81.6589114,23.5289972],[81.6681177,23.5329453],[81.6800537,23.529253],[81.6903356,23.5283731],[81.6993999,23.5219627],[81.7015476,23.5275598],[81.7059356,23.5290836],[81.7168092,23.5415425],[81.7216479,23.5424154],[81.7215241,23.5472054],[81.7243079,23.5502647],[81.7251159,23.5566568],[81.7358293,23.5660264],[81.7419662,23.5660445],[81.7473766,23.5696701],[81.7545098,23.5656479],[81.7582619,23.5498714],[81.7716447,23.5505385],[81.7838348,23.5493647],[81.8095544,23.5489893],[81.8167417,23.5413715],[81.8195867,23.5297156],[81.8176018,23.5226946],[81.8211252,23.5149442],[81.8369969,23.5108336],[81.843112,23.5141453],[81.8636867,23.5175725],[81.8693735,23.5128525],[81.8748477,23.5126231],[81.8812559,23.5150683],[81.8936762,23.5244632],[81.8968504,23.5246467],[81.9044417,23.529549],[81.9078733,23.5353345],[81.9159562,23.5353299],[81.9232862,23.5326594],[81.9351674,23.5182779],[81.9421198,23.5059081],[81.9478157,23.5011031],[81.9579083,23.5005193],[81.9564418,23.4953833],[81.9544782,23.4723288],[81.9578335,23.4653206],[81.9647195,23.4657005],[81.969042,23.460348],[81.9703648,23.4555752],[81.9768753,23.4518148],[81.980419,23.4467876],[81.9780873,23.4436018],[81.9811794,23.4369586],[81.9817321,23.4307189],[81.9767908,23.4246951],[81.9825357,23.4201629],[81.9849139,23.4149152],[81.9905576,23.4184912],[81.999261,23.4215843],[82.0024017,23.4169588],[82.0085953,23.4121324],[82.0127992,23.4167047],[82.0254753,23.4248811],[82.0263458,23.4189804],[82.0324429,23.4110556],[82.0235851,23.4074651],[82.0290699,23.4002037],[82.0238729,23.3956356],[82.0209329,23.3892313],[82.0240518,23.3854948],[82.0334502,23.3833062],[82.0387548,23.3877295],[82.0451335,23.3797049],[82.0569332,23.3769382],[82.0587617,23.378754],[82.0640624,23.3929382],[82.0700852,23.3910125],[82.078493,23.3952007],[82.0815168,23.3933323],[82.0860066,23.3969907],[82.0914806,23.3982833],[82.0926071,23.3929015],[82.1015193,23.3980368],[82.105243,23.3925559],[82.1125864,23.386398],[82.1126709,23.3712407],[82.1101137,23.3631719],[82.1194312,23.3539841],[82.1248548,23.3539571],[82.1322104,23.3584856],[82.1409065,23.3618126],[82.1464329,23.3608096],[82.1529552,23.3514667],[82.1620784,23.3428408],[82.1631962,23.3360542],[82.1681241,23.3325085],[82.1848054,23.3268951],[82.192076,23.3267748],[82.1988497,23.3122057],[82.1961899,23.3026664],[82.1969793,23.2979477],[82.193815,23.2952174],[82.1923494,23.2873526],[82.194743,23.2843941],[82.1929552,23.2771345],[82.1743543,23.2687026],[82.1696812,23.2520428],[82.1671789,23.2458852],[82.1597846,23.2463252],[82.1530752,23.2304727],[82.1452745,23.2267153],[82.1476211,23.2189744],[82.1536058,23.2127391],[82.1497581,23.2037282],[82.1492523,23.1973767],[82.1439837,23.195139],[82.1482455,23.1889502],[82.1436449,23.1871071],[82.1446352,23.1795423],[82.1492837,23.1771158],[82.1488976,23.171924],[82.1444608,23.1662314],[82.1457601,23.1633446],[82.1609191,23.1620522],[82.1622629,23.1572819],[82.1613598,23.1431148],[82.156064,23.1381372],[82.1406974,23.1329326],[82.1369948,23.1280506],[82.136449,23.1220766],[82.138086,23.1123489],[82.1222495,23.1038014],[82.128749,23.0958852],[82.1396363,23.0873288],[82.1442471,23.0801044],[82.1565409,23.0652438],[82.1583153,23.0546048],[82.166112,23.0466905],[82.1749586,23.0444079],[82.1752136,23.0411796],[82.1796655,23.0359137],[82.1848316,23.0140189],[82.1805239,22.9953851],[82.1736721,22.98762],[82.1762948,22.9865654],[82.1779731,22.9741408],[82.1770451,22.9700908],[82.194084,22.9588257],[82.2012242,22.9503835],[82.2098649,22.9487414],[82.2158414,22.9450345],[82.2226299,22.9409052],[82.2259247,22.9411073],[82.2408681,22.9382501],[82.2482145,22.9390822],[82.2587628,22.9380141],[82.2601714,22.9407192],[82.2729224,22.9508016],[82.2777628,22.9532115],[82.2809659,22.9580724],[82.2886901,22.9615389],[82.2948151,22.9619878],[82.301193,22.9646816],[82.3056809,22.9686356],[82.3170339,22.9669758],[82.3263344,22.9670086],[82.3304039,22.9737101],[82.3328686,22.9831899],[82.3448306,22.9919129],[82.349578,22.99126],[82.3619256,22.9986614],[82.3758793,22.9977853],[82.3836742,23.0004169],[82.3929132,22.9993016],[82.4000341,22.9967452],[82.405134,22.9908765],[82.4106827,22.9890628],[82.411608,22.9766116],[82.4173485,22.9738922],[82.425078,22.9741871],[82.4368147,22.9712253],[82.4512773,22.9687212],[82.4553813,22.9668174],[82.4700089,22.968724],[82.4823226,22.9667106],[82.4881332,22.9705278],[82.5069748,22.9689518],[82.5139979,22.9694805],[82.5284759,22.9754346],[82.5393472,22.9753411],[82.5614625,22.9765983],[82.5660849,22.9752121],[82.5715591,22.9670745],[82.5748141,22.9654434],[82.581003,22.9739635],[82.5856665,22.9778788],[82.5868178,22.9818241],[82.5819288,22.9907388],[82.582223,22.9973614],[82.5926553,22.9975787],[82.5980096,23.0006018],[82.6007091,23.010474],[82.6057219,23.0195588],[82.6059505,23.0240512],[82.5942674,23.0262888],[82.5957778,23.0349442],[82.5900738,23.0397696],[82.5872226,23.0479229],[82.5848362,23.0502159],[82.5774735,23.051767],[82.5805379,23.0588608],[82.5864575,23.0621674],[82.5704736,23.0730121],[82.5698468,23.0785787],[82.5745779,23.0846574],[82.5837137,23.0837931],[82.5839998,23.0899019],[82.5866815,23.0986885],[82.583185,23.1053923],[82.5804334,23.1167149],[82.5781188,23.1190801],[82.5767978,23.1277167],[82.5827181,23.1315424],[82.5929598,23.1325742],[82.6077064,23.1433987],[82.5875473,23.1451109],[82.5734869,23.1437706],[82.552227,23.1458279],[82.5320364,23.1515974],[82.5199585,23.1526808],[82.5129284,23.151508],[82.5027059,23.1547014],[82.4969229,23.1581794],[82.4849271,23.1691505],[82.4841577,23.177483],[82.480783,23.1813292],[82.4733939,23.182405],[82.4653189,23.1854452],[82.464641,23.1896204],[82.455893,23.1930657],[82.4489464,23.1934943],[82.4356087,23.1989248],[82.4280482,23.2000265],[82.4255145,23.2080402],[82.4203943,23.216745],[82.4233708,23.2190582],[82.4259114,23.2292886],[82.4307215,23.2356526],[82.4272117,23.2415246],[82.4172788,23.2450105],[82.4148943,23.2485727],[82.4088335,23.2494489],[82.4065806,23.2458462],[82.3987078,23.2458125],[82.3944347,23.2435843],[82.3824886,23.241342],[82.3730997,23.2371849],[82.3593124,23.2374419],[82.3552934,23.2316007],[82.3591851,23.2294147],[82.3643189,23.2309756],[82.3676891,23.2270885],[82.3581229,23.2230166],[82.3507483,23.2230979],[82.3429128,23.2102382],[82.3396668,23.2100177],[82.3378977,23.2161638],[82.3376486,23.2260885],[82.3301049,23.2276503],[82.3254265,23.2335759],[82.3296266,23.236305],[82.3368219,23.2370104],[82.3431218,23.2425746],[82.3493979,23.2425162],[82.3667695,23.2456301],[82.3702431,23.2452479],[82.3754545,23.2505828],[82.3817138,23.253015],[82.3909996,23.2608979],[82.3919647,23.2687746],[82.3975166,23.2720535],[82.4102195,23.2762331],[82.4110035,23.2790965],[82.4046248,23.2834822],[82.396538,23.2852868],[82.3966731,23.2892571],[82.4110114,23.2950698],[82.424398,23.2955566],[82.4231795,23.304138],[82.4209628,23.3088205],[82.4222784,23.3160303],[82.4122066,23.3161934],[82.4008434,23.3237973],[82.3934106,23.3232661],[82.3981115,23.3060645],[82.3901687,23.3065121],[82.3899186,23.3104149],[82.3741444,23.3076465],[82.3719732,23.3094582],[82.3772044,23.3241517],[82.3738122,23.3333903],[82.374862,23.3398528],[82.3639555,23.3436519],[82.366883,23.3494488],[82.3622209,23.3508604],[82.3614823,23.3553891],[82.3637679,23.3655395],[82.3606227,23.3723836],[82.363153,23.3754908],[82.3584603,23.3790788],[82.3501752,23.3799129],[82.3490156,23.3823326],[82.3399326,23.3844032],[82.3339148,23.3907585],[82.3428437,23.4009593],[82.3475294,23.4031815],[82.3477632,23.4083148],[82.3577314,23.4197158],[82.3588314,23.4256844],[82.3493545,23.426121],[82.3452651,23.429508],[82.3435817,23.4393037],[82.3468905,23.4413443],[82.3491498,23.4480716],[82.3475772,23.457182],[82.3353417,23.461676],[82.3339916,23.4596666],[82.322043,23.4546107],[82.3158906,23.4601212],[82.3132967,23.4760772],[82.3075514,23.4751346],[82.3050695,23.4790456],[82.3108651,23.4829697],[82.3064264,23.4859009],[82.2973655,23.487075],[82.2897279,23.4898386],[82.2839911,23.4898669],[82.2839038,23.4958488],[82.2889603,23.5005411],[82.3015776,23.509175],[82.3052397,23.508802],[82.3147302,23.5240474],[82.312486,23.527735],[82.3137463,23.534196],[82.3125429,23.5423219],[82.2947303,23.555185],[82.28607,23.558002],[82.2714464,23.5643632],[82.2551614,23.5701754],[82.2497851,23.5737016],[82.2600687,23.5875062],[82.2568271,23.5916843],[82.2707349,23.5971795],[82.2728726,23.6011854],[82.2796373,23.6023725],[82.2817017,23.6065226],[82.2785835,23.6097577],[82.2891671,23.6156509],[82.2961768,23.6181512],[82.2970404,23.6243999],[82.2998401,23.6296923],[82.3058322,23.6309592],[82.3150499,23.6295906],[82.3197944,23.6264998],[82.3319988,23.6307654],[82.3360452,23.6344504],[82.3364351,23.6416106],[82.3326457,23.6459707],[82.3383637,23.6499495],[82.3447673,23.6574361],[82.3371926,23.666432],[82.3278528,23.6736753],[82.3257874,23.6787039],[82.3286666,23.6874811],[82.3333112,23.6959743],[82.3305829,23.7036213],[82.3194777,23.7042678],[82.312283,23.7090957],[82.3129532,23.7123238],[82.318866,23.7130439],[82.3229488,23.7170181],[82.3203678,23.7215634],[82.3053683,23.7210788],[82.3080366,23.7292288],[82.3067362,23.734226],[82.3108259,23.7411528],[82.309822,23.7459789],[82.3195671,23.7485465],[82.3197315,23.7657851],[82.3233089,23.7744768],[82.3219877,23.7783543],[82.3132398,23.7810056],[82.3158719,23.7861035],[82.3144395,23.796545],[82.3146717,23.8036599],[82.3098514,23.8079332],[82.3048272,23.8073938]]]},"properties":{"OBJECTID":213,"dtname":"Manendragarh Chirimiri Bharatpur","stname":"CHHATTISGARH","stcode11":"22","dtcode11":"822","year_stat":"2022","dist_lgd":760,"state_lgd":22,"remarks":" ","Dist":"Manendragarh Chirimiri Bharatpur","InPoly_FID":981,"SimPgnFlag":0,"MaxSimpTol":100,"MinSimpTol":100,"SHAPE_Length":640919.382646171,"SHAPE_Area":5339535009.496439}},
{"type":"Feature","geometry":{"type":"Polygon","coordinates":[[[81.4784325,22.4922611],[81.4727955,22.4937393],[81.4630088,22.4930676],[81.4583712,22.4895798],[81.4529859,22.4955111],[81.4494243,22.4957566],[81.4439747,22.49072],[81.4506148,22.4869558],[81.4425405,22.4791977],[81.4501933,22.4712429],[81.4446967,22.4675203],[81.4415254,22.479907],[81.4388154,22.4822606],[81.4322063,22.4792063],[81.4278386,22.4798128],[81.4227391,22.4714567],[81.4238201,22.4648099],[81.4286994,22.4568885],[81.4229543,22.4476928],[81.4087595,22.4425987],[81.4067044,22.440951],[81.3964118,22.4400813],[81.3906378,22.4510586],[81.3881078,22.4592134],[81.3900611,22.4633086],[81.3886528,22.4682078],[81.3912523,22.4710928],[81.3915009,22.4777076],[81.3840633,22.4897594],[81.3861922,22.4985505],[81.3820553,22.5098183],[81.3758197,22.5110535],[81.3724087,22.5147232],[81.3613552,22.5150043],[81.3611052,22.5124133],[81.3543086,22.5112568],[81.3506005,22.5175916],[81.3382353,22.5203599],[81.3355375,22.5237864],[81.3265267,22.5261441],[81.3232115,22.5237355],[81.3233828,22.5189259],[81.3172143,22.5146143],[81.3197594,22.50806],[81.3182029,22.5018579],[81.3224815,22.4881078],[81.3151787,22.4877666],[81.313728,22.4829212],[81.3072907,22.4819072],[81.2992254,22.4907174],[81.2917842,22.4942944],[81.2812693,22.5029542],[81.2732863,22.4931866],[81.2621298,22.493265],[81.2597799,22.4851314],[81.2619331,22.4721696],[81.2580973,22.4694036],[81.2483148,22.458808],[81.2321909,22.452155],[81.2077402,22.4565945],[81.2046002,22.4618608],[81.1994617,22.4630331],[81.201373,22.4678632],[81.1998226,22.4766889],[81.1997745,22.4855412],[81.193519,22.4909532],[81.186973,22.4888428],[81.1717786,22.4872225],[81.1660566,22.4769157],[81.1606619,22.470108],[81.1564272,22.4563735],[81.1525953,22.4536497],[81.1410278,22.4542265],[81.1270083,22.4492289],[81.1205285,22.4458018],[81.1100569,22.4355289],[81.108824,22.4287559],[81.1101755,22.4163435],[81.1083367,22.4009552],[81.105794,22.3871065],[81.103702,22.3826722],[81.1086651,22.3738228],[81.111812,22.3631804],[81.1131236,22.3532739],[81.1185994,22.3473591],[81.1210848,22.3411461],[81.1135481,22.3241275],[81.1186154,22.3107533],[81.1192175,22.3017406],[81.1184319,22.2904748],[81.107991,22.2845048],[81.1018545,22.2783044],[81.0973103,22.268984],[81.0932532,22.2535046],[81.0895095,22.2470653],[81.077143,22.2401537],[81.0726098,22.2483748],[81.0595983,22.2442909],[81.048398,22.2438318],[81.0377369,22.2337973],[81.0270471,22.2289151],[81.0234968,22.2291297],[81.0193853,22.2209949],[81.0217584,22.2121191],[81.0303719,22.2031748],[81.0316398,22.1996535],[81.0291141,22.1916327],[81.025529,22.1873996],[81.0224343,22.1894748],[81.0168126,22.1859717],[81.0171617,22.1796097],[81.0267509,22.1663901],[81.0222148,22.1577312],[81.0237773,22.1486742],[81.021913,22.132729],[81.0136778,22.1336719],[80.9990605,22.1313164],[80.9940543,22.132733],[80.9889521,22.1282528],[80.980613,22.1240952],[80.9784732,22.1204978],[80.9795771,22.1125815],[80.9848511,22.1146551],[80.991565,22.1115348],[81.0113334,22.0954696],[81.0061177,22.0921922],[81.0014743,22.0830269],[81.0045815,22.0753619],[81.0089494,22.0717708],[81.0086034,22.068411],[81.0031667,22.0584911],[80.9948784,22.0586066],[80.9949056,22.0507496],[80.98873,22.0510069],[80.9835355,22.0485992],[80.9808951,22.0542543],[80.9690982,22.0587274],[80.9700628,22.0740208],[80.9720278,22.0782732],[80.9712032,22.0840083],[80.9569792,22.110418],[80.9495929,22.1171316],[80.9256253,22.1203603],[80.9219517,22.1199505],[80.9146854,22.1131883],[80.9079341,22.109573],[80.8968107,22.0643434],[80.8927801,22.0628538],[80.8895726,22.0576342],[80.8826942,22.0590345],[80.8817638,22.0537649],[80.8858033,22.049624],[80.8757911,22.0385343],[80.8769486,22.0339059],[80.8757764,22.0110439],[80.865745,21.9942591],[80.8627715,21.9863238],[80.860381,21.974389],[80.852673,21.9573074],[80.8482517,21.9558832],[80.8355404,21.9546108],[80.8288071,21.9587102],[80.825884,21.9543562],[80.8289824,21.9483831],[80.8340382,21.9457516],[80.8417899,21.9449648],[80.8461517,21.9386863],[80.8466439,21.9271666],[80.8392491,21.9230458],[80.834637,21.910689],[80.8331789,21.8986316],[80.8348066,21.8960594],[80.831996,21.890677],[80.8348421,21.8858283],[80.8433415,21.8818797],[80.846213,21.8738745],[80.8432577,21.8651496],[80.8503547,21.8581984],[80.8509432,21.8521025],[80.8465394,21.8528149],[80.83933,21.8476534],[80.8402705,21.8380776],[80.8447158,21.8317443],[80.8472835,21.8349767],[80.8615853,21.8306362],[80.8650273,21.8311581],[80.8780331,21.8240208],[80.884688,21.8273485],[80.8954246,21.8285307],[80.8995737,21.8258974],[80.9104066,21.8251188],[80.9163413,21.8272081],[80.9231555,21.8272604],[80.9301671,21.8244449],[80.9319665,21.8133314],[80.9358977,21.8091354],[80.9416887,21.8082153],[80.9457656,21.8046995],[80.9463111,21.80024],[80.95493,21.782887],[80.9529636,21.7675462],[80.9637753,21.764294],[80.9728083,21.7592384],[80.9762245,21.7457135],[80.9945411,21.7304578],[81.0023786,21.7273934],[81.0096348,21.735268],[81.0274804,21.7415031],[81.0341118,21.7388438],[81.0447193,21.7370092],[81.0406789,21.7293689],[81.0432508,21.7268641],[81.0504789,21.7268557],[81.0599262,21.7237907],[81.0634382,21.72536],[81.0682435,21.7322323],[81.0784832,21.7286201],[81.0787479,21.733236],[81.0890352,21.7329381],[81.0964816,21.7300506],[81.1024534,21.7344518],[81.105087,21.732497],[81.1090058,21.7240118],[81.1172339,21.7186439],[81.124079,21.7095992],[81.1266291,21.7041619],[81.132327,21.7159318],[81.151853,21.7112522],[81.1541828,21.7152222],[81.1591935,21.7148499],[81.1626367,21.7112276],[81.1688272,21.7091135],[81.1718085,21.7050041],[81.1837119,21.7054664],[81.1877581,21.7100316],[81.1967912,21.7082453],[81.207036,21.7122435],[81.2121651,21.7102228],[81.2149972,21.7053394],[81.2313446,21.7100063],[81.2329683,21.7208177],[81.2255334,21.7218287],[81.2234852,21.7277733],[81.2233272,21.7351262],[81.2254137,21.7395829],[81.2232148,21.7555384],[81.2261261,21.7568799],[81.2339587,21.753023],[81.2441902,21.7514601],[81.2462481,21.7482271],[81.2531128,21.7476725],[81.2618898,21.7506479],[81.263038,21.7562472],[81.2695964,21.7558954],[81.2799499,21.7631879],[81.2873985,21.7611151],[81.2930265,21.7685392],[81.2972411,21.7686637],[81.3058198,21.763478],[81.317871,21.7604626],[81.3238973,21.765221],[81.3305428,21.7675901],[81.3353955,21.7666296],[81.3405091,21.7697656],[81.3369456,21.7735308],[81.3346018,21.7863894],[81.3294216,21.7872357],[81.3312842,21.7934063],[81.3293562,21.8020335],[81.3314688,21.8046222],[81.3293555,21.8120695],[81.3227939,21.8168367],[81.3225562,21.823169],[81.319944,21.8312484],[81.3270468,21.8383741],[81.3322255,21.8490039],[81.3427346,21.8409672],[81.3607768,21.835885],[81.3637065,21.8316983],[81.3737261,21.8319296],[81.3745684,21.8349017],[81.3819815,21.8346851],[81.3857961,21.832264],[81.3954762,21.8298832],[81.4012424,21.8344626],[81.4013834,21.8464728],[81.4002784,21.8518299],[81.3937569,21.8586554],[81.3945768,21.8646989],[81.3907775,21.8710813],[81.3900005,21.8758964],[81.3932982,21.8843247],[81.3978312,21.8849432],[81.4011375,21.8896629],[81.4076534,21.8881986],[81.4081357,21.8949513],[81.4123062,21.9127293],[81.4159174,21.9155065],[81.4199425,21.914173],[81.4232394,21.9016874],[81.4373938,21.8983224],[81.44458,21.9002484],[81.4457672,21.9038627],[81.4388201,21.9070535],[81.4522609,21.9126787],[81.4547788,21.9154635],[81.4521338,21.9192805],[81.4519588,21.9267145],[81.4545934,21.9300096],[81.4598258,21.9311223],[81.4504881,21.9368526],[81.4513187,21.9424561],[81.4541418,21.9447125],[81.4511585,21.9505977],[81.4592944,21.9572812],[81.4654958,21.9580365],[81.4770403,21.9640941],[81.4790485,21.9697508],[81.4732748,21.9721069],[81.4676441,21.9788384],[81.4769094,21.9908983],[81.480514,21.9940253],[81.47647,22.0005904],[81.4766426,22.0037727],[81.469753,22.0122118],[81.474714,22.0155142],[81.4852445,22.018876],[81.4983139,22.0119373],[81.5028163,22.0129835],[81.501317,22.0048722],[81.5119105,22.0193649],[81.5110604,22.0318555],[81.505176,22.0321352],[81.5055974,22.0417369],[81.5082513,22.0503024],[81.5083464,22.0561901],[81.5182998,22.0817997],[81.5163799,22.1019294],[81.5138914,22.1106619],[81.5152185,22.1203318],[81.5136354,22.1325155],[81.5156689,22.1541338],[81.517901,22.1565007],[81.5254385,22.1561489],[81.5288616,22.1617568],[81.5274339,22.1683784],[81.5324438,22.1860504],[81.5328945,22.1933374],[81.5384813,22.2049789],[81.5331384,22.2127133],[81.5410997,22.2270172],[81.5424583,22.2319552],[81.5490858,22.2324354],[81.5482204,22.2362951],[81.5523623,22.2410529],[81.549176,22.2466028],[81.5511591,22.24985],[81.5507843,22.2617906],[81.5517456,22.2669098],[81.5448883,22.2729049],[81.5381921,22.272995],[81.5339563,22.2780919],[81.5335125,22.2835912],[81.5386407,22.285636],[81.5313729,22.2932894],[81.5290124,22.304776],[81.5244613,22.3067253],[81.5268678,22.3115382],[81.5410585,22.3151247],[81.5429025,22.3197452],[81.554197,22.3353595],[81.5560631,22.3398873],[81.5546168,22.3453391],[81.5495788,22.3451924],[81.5433226,22.3526577],[81.5388522,22.3521407],[81.5348731,22.357575],[81.5328495,22.3640488],[81.52884,22.3706299],[81.5244589,22.3733816],[81.5236206,22.3780228],[81.5122293,22.3811685],[81.5170121,22.3915508],[81.5137729,22.3982071],[81.5022777,22.3997461],[81.4965289,22.4116419],[81.493628,22.420453],[81.48818,22.4227456],[81.4848415,22.430755],[81.4863401,22.4378743],[81.4919634,22.4413],[81.4913223,22.4478313],[81.475688,22.45576],[81.4722602,22.4696573],[81.4699408,22.4838285],[81.4784325,22.4922611]]]},"properties":{"OBJECTID":179,"dtname":"Kabirdham","stname":"CHHATTISGARH","stcode11":"22","dtcode11":"407","year_stat":"2011_c","dist_lgd":382,"state_lgd":22,"remarks":" ","Dist":"Kabirdham","InPoly_FID":947,"SimPgnFlag":0,"MaxSimpTol":100,"MinSimpTol":100,"SHAPE_Length":473009.32096161484,"SHAPE_Area":4910078575.397589}},
{"type":"Feature","geometry":{"type":"Polygon","coordinates":[[[81.8369125,22.5705431],[81.8283394,22.5703321],[81.8252613,22.5750833],[81.8195187,22.5735659],[81.8134365,22.5742435],[81.8088443,22.5701773],[81.8026832,22.5698009],[81.8002207,22.5630543],[81.7969195,22.5639062],[81.7925852,22.5692159],[81.7903141,22.5755929],[81.7927329,22.5798113],[81.7863334,22.5812663],[81.78823,22.588451],[81.7831145,22.5888862],[81.7869016,22.5977471],[81.7707938,22.5944459],[81.7664984,22.5966104],[81.7547787,22.5917437],[81.7497499,22.5927874],[81.7508733,22.6035073],[81.7497512,22.6074934],[81.7417815,22.6068294],[81.7407457,22.6125825],[81.7348516,22.618935],[81.7346882,22.6276088],[81.7327806,22.6323736],[81.7284527,22.6338394],[81.73195,22.6464885],[81.7351332,22.6486853],[81.7367387,22.6549963],[81.7345837,22.6673467],[81.7264224,22.6740781],[81.7239389,22.6676427],[81.7227249,22.6570645],[81.7131403,22.6480894],[81.7010989,22.645075],[81.6951597,22.6456015],[81.6887692,22.6484668],[81.6833154,22.6469066],[81.6745074,22.6375452],[81.6720541,22.6325566],[81.6624414,22.6268114],[81.6608975,22.6192894],[81.6527413,22.6185597],[81.6472545,22.6132642],[81.6457115,22.6048707],[81.6480348,22.5977002],[81.6464927,22.5934065],[81.6493503,22.5847053],[81.6551739,22.578812],[81.6561789,22.5722919],[81.6600435,22.5699206],[81.6534592,22.5630181],[81.6492881,22.5632807],[81.6362492,22.5600538],[81.6357975,22.5648399],[81.6290252,22.5633593],[81.6240422,22.5558822],[81.6286893,22.544418],[81.6219425,22.5380155],[81.6132127,22.5386653],[81.604989,22.5346098],[81.5963369,22.536532],[81.5918291,22.5452184],[81.5862346,22.5439168],[81.5674787,22.5504673],[81.5628328,22.5474991],[81.5630333,22.5339626],[81.558952,22.5307868],[81.5529589,22.5310461],[81.5472014,22.5275035],[81.5326716,22.5385266],[81.5222305,22.5390125],[81.5234409,22.5321726],[81.5182449,22.5198021],[81.5110507,22.5215898],[81.5093118,22.526063],[81.4964714,22.5192319],[81.4974356,22.5116416],[81.4944216,22.5050091],[81.4893807,22.5031664],[81.4863135,22.4937575],[81.4826116,22.4884276],[81.4784325,22.4922611],[81.4699408,22.4838285],[81.4722602,22.4696573],[81.475688,22.45576],[81.4913223,22.4478313],[81.4919634,22.4413],[81.4863401,22.4378743],[81.4848415,22.430755],[81.48818,22.4227456],[81.493628,22.420453],[81.4965289,22.4116419],[81.5022777,22.3997461],[81.5137729,22.3982071],[81.5170121,22.3915508],[81.5122293,22.3811685],[81.5236206,22.3780228],[81.5244589,22.3733816],[81.52884,22.3706299],[81.5328495,22.3640488],[81.5348731,22.357575],[81.5388522,22.3521407],[81.5433226,22.3526577],[81.5495788,22.3451924],[81.5546168,22.3453391],[81.5560631,22.3398873],[81.554197,22.3353595],[81.5429025,22.3197452],[81.5410585,22.3151247],[81.5268678,22.3115382],[81.5244613,22.3067253],[81.5290124,22.304776],[81.5313729,22.2932894],[81.5386407,22.285636],[81.5335125,22.2835912],[81.5339563,22.2780919],[81.5381921,22.272995],[81.5448883,22.2729049],[81.5517456,22.2669098],[81.5507843,22.2617906],[81.5511591,22.24985],[81.549176,22.2466028],[81.5523623,22.2410529],[81.5482204,22.2362951],[81.5490858,22.2324354],[81.5424583,22.2319552],[81.5410997,22.2270172],[81.5331384,22.2127133],[81.5384813,22.2049789],[81.5328945,22.1933374],[81.5324438,22.1860504],[81.5274339,22.1683784],[81.5288616,22.1617568],[81.5254385,22.1561489],[81.517901,22.1565007],[81.5156689,22.1541338],[81.5136354,22.1325155],[81.5152185,22.1203318],[81.5138914,22.1106619],[81.5163799,22.1019294],[81.5182998,22.0817997],[81.5083464,22.0561901],[81.5082513,22.0503024],[81.5055974,22.0417369],[81.505176,22.0321352],[81.5110604,22.0318555],[81.5119105,22.0193649],[81.501317,22.0048722],[81.5074851,22.0027356],[81.5117375,21.9985946],[81.5181843,22.0057003],[81.5230656,22.0063272],[81.5318732,22.0040829],[81.5396239,22.0070259],[81.5475574,22.0051077],[81.5530992,22.0020225],[81.5568537,22.000907],[81.5600731,21.9949584],[81.573794,21.9942945],[81.5798564,21.9820212],[81.5841937,21.9881615],[81.5898004,21.9878985],[81.5916243,21.9934496],[81.5893346,21.9987428],[81.5912751,22.0107703],[81.5863598,22.0159096],[81.5832943,22.0146379],[81.5734798,22.0165655],[81.5733981,22.0203522],[81.5773384,22.0242494],[81.5847839,22.0232854],[81.584875,22.0181937],[81.5910623,22.018802],[81.596117,22.0169184],[81.6036997,22.0174217],[81.6111256,22.0134687],[81.6109611,22.0042176],[81.6164916,22.0006725],[81.6157162,21.9883676],[81.6236654,21.987679],[81.6268509,21.9857601],[81.6352191,21.9897722],[81.6402152,21.9890141],[81.644579,21.9911299],[81.6575966,21.9880445],[81.6632058,21.9812926],[81.6587639,21.9779462],[81.6581568,21.9680306],[81.6677922,21.962654],[81.683202,21.9588318],[81.6889936,21.9615189],[81.7067403,21.9589036],[81.7058204,21.9525166],[81.7150465,21.9535548],[81.7210868,21.9506979],[81.7216144,21.9465347],[81.7292313,21.9436572],[81.729662,21.9468859],[81.739142,21.9465744],[81.7511715,21.9563795],[81.7559363,21.9539378],[81.7634131,21.9473386],[81.7683473,21.9479461],[81.7729599,21.9540245],[81.7867843,21.9500982],[81.7867056,21.9471501],[81.8002162,21.9469614],[81.7962497,21.9364516],[81.7958315,21.9292009],[81.806017,21.9220067],[81.8115247,21.9219153],[81.8224148,21.9174146],[81.8247362,21.9124576],[81.8229311,21.8998863],[81.818723,21.897672],[81.8164051,21.8837649],[81.8208421,21.8801371],[81.8359827,21.8783419],[81.8416578,21.8806562],[81.8421303,21.8862767],[81.8378928,21.8926589],[81.8424496,21.8949901],[81.8530039,21.8974227],[81.8587464,21.8974367],[81.8577302,21.8888781],[81.8619612,21.8836261],[81.8696073,21.8821114],[81.8750934,21.8861445],[81.8754953,21.8913756],[81.8859634,21.8927665],[81.8882285,21.8896617],[81.8964171,21.8864439],[81.8988773,21.8819972],[81.8949154,21.8700214],[81.9006995,21.8679446],[81.899234,21.8511336],[81.894309,21.8401916],[81.902944,21.8371957],[81.9215411,21.8332892],[81.9231831,21.8243212],[81.9292387,21.8206573],[81.9371066,21.8139059],[81.9459255,21.8205541],[81.9489668,21.8250426],[81.9521745,21.8354786],[81.9521916,21.8436882],[81.9598961,21.8477626],[81.9750325,21.8524187],[81.9927239,21.8540735],[82.0055568,21.8542866],[82.0218409,21.8579372],[82.0283815,21.8641907],[82.0284772,21.8732264],[82.0331887,21.8815016],[82.0370001,21.8832919],[82.0333401,21.8868798],[82.0282102,21.8961654],[82.0241508,21.9095788],[82.0205569,21.9142502],[82.0090199,21.9147844],[82.0028822,21.9165816],[82.0012896,21.9284248],[81.9909303,21.9398448],[81.9925076,21.947478],[81.9971767,21.950219],[82.0014259,21.9581121],[82.009535,21.9625765],[82.0116026,21.9698625],[82.0079775,21.9761661],[82.0086787,21.9809502],[82.0021944,21.9850001],[81.9998352,21.9923314],[81.9924925,21.9932483],[81.9884385,21.9910375],[81.9834395,21.9937231],[81.9812509,21.9994735],[81.9732564,22.0049854],[81.9658308,22.0002564],[81.9607172,22.0000945],[81.9545645,22.003417],[81.9545667,22.0072929],[81.9630198,22.0072885],[81.9631657,22.0138729],[81.951836,22.0166853],[81.9504909,22.0218688],[81.9560721,22.031829],[81.9505667,22.0370905],[81.9516731,22.0440724],[81.9493886,22.0501006],[81.9424058,22.0530457],[81.9361851,22.0580679],[81.9322044,22.0668581],[81.9282677,22.0635812],[81.9233808,22.0642657],[81.9237085,22.0720737],[81.9203805,22.0747051],[81.9135877,22.0747322],[81.9076259,22.0794867],[81.9110869,22.083874],[81.9025609,22.0974797],[81.9057948,22.1009352],[81.9033061,22.1072531],[81.897269,22.1066906],[81.8963655,22.1006023],[81.8904012,22.1007226],[81.8926284,22.1089934],[81.8838411,22.1163934],[81.8786169,22.1260676],[81.8704165,22.1203307],[81.8676497,22.12263],[81.8669046,22.1304892],[81.86412,22.1338713],[81.8594692,22.1334028],[81.8580495,22.1418772],[81.8538129,22.1499429],[81.8459003,22.1523662],[81.8373514,22.1635609],[81.8309957,22.1656709],[81.8283749,22.1699557],[81.8240113,22.1721471],[81.8220859,22.1775248],[81.8154071,22.1857084],[81.8157426,22.1928498],[81.8130275,22.1984587],[81.8143011,22.2042388],[81.8102328,22.2059617],[81.8102755,22.2116176],[81.8009532,22.2222849],[81.7836414,22.2235368],[81.7720419,22.2273844],[81.7712636,22.2338584],[81.7664637,22.2345106],[81.7670922,22.240134],[81.7608482,22.2398054],[81.7567522,22.24432],[81.7559056,22.2485707],[81.7494739,22.2469781],[81.7374981,22.2507755],[81.7311288,22.2602047],[81.7337022,22.2694054],[81.7416182,22.2678601],[81.7427343,22.2739235],[81.7390895,22.278324],[81.7437373,22.3125606],[81.7495182,22.30731],[81.7567275,22.3035334],[81.7595094,22.2931444],[81.7670457,22.2917971],[81.7674874,22.3023616],[81.7744936,22.3070474],[81.7879279,22.2955645],[81.7815595,22.2923522],[81.7839429,22.2877922],[81.7875252,22.2871711],[81.8047416,22.287758],[81.8087898,22.2868358],[81.8150063,22.2909456],[81.8242792,22.2930852],[81.8239121,22.2859962],[81.820015,22.2819131],[81.8123969,22.2776709],[81.8228819,22.2699374],[81.8256236,22.2809053],[81.8333999,22.2829453],[81.8346997,22.2865625],[81.8407328,22.2886946],[81.8579194,22.2888978],[81.8613034,22.2934507],[81.8515862,22.2958657],[81.8516968,22.3011574],[81.8547146,22.3088535],[81.8645682,22.3131252],[81.8657411,22.3171571],[81.8756684,22.3217762],[81.8901391,22.3159802],[81.8948095,22.3068147],[81.8982149,22.30492],[81.9040371,22.3109568],[81.9138031,22.3116923],[81.9141212,22.2965682],[81.9159765,22.2922616],[81.9246623,22.2922352],[81.9274652,22.301293],[81.9375577,22.3078565],[81.9296763,22.3156134],[81.9306126,22.3255775],[81.9356481,22.3317123],[81.9348497,22.3394457],[81.9294422,22.3410161],[81.9273294,22.3444713],[81.927294,22.3507116],[81.9246985,22.357142],[81.9289999,22.3615287],[81.9330808,22.3608761],[81.9442709,22.3548628],[81.9520972,22.3467138],[81.954307,22.3421472],[81.964521,22.3510277],[81.9638201,22.3547234],[81.9703678,22.3547482],[81.9763984,22.3599701],[81.9715467,22.3666111],[81.9660594,22.3685478],[81.9658879,22.3751423],[81.9608555,22.3781586],[81.9571752,22.3894406],[81.952699,22.3930074],[81.9517231,22.3982869],[81.9472751,22.4046042],[81.9351396,22.4107506],[81.9247656,22.4122385],[81.9219081,22.4218277],[81.9156915,22.426548],[81.9149375,22.4322123],[81.9092299,22.4387961],[81.9016099,22.4426211],[81.9017821,22.4526798],[81.8986444,22.4542751],[81.9109619,22.4623423],[81.9047926,22.4677954],[81.9053013,22.4737986],[81.9008265,22.4824822],[81.889094,22.4853928],[81.8826896,22.485223],[81.8653992,22.4934102],[81.8574176,22.5031891],[81.8473958,22.5043586],[81.8406592,22.508086],[81.8365715,22.5179258],[81.8320247,22.533804],[81.8366889,22.5434469],[81.8347915,22.55973],[81.83218,22.5641472],[81.8369125,22.5705431]]]},"properties":{"OBJECTID":241,"dtname":"Mungeli","stname":"CHHATTISGARH","stcode11":"22","dtcode11":"717","year_stat":"update2014","dist_lgd":647,"state_lgd":22,"remarks":" ","Dist":"Mungeli","InPoly_FID":1009,"SimPgnFlag":0,"MaxSimpTol":100,"MinSimpTol":100,"SHAPE_Length":477640.60495504836,"SHAPE_Area":3256879539.018627}},
{"type":"Feature","geometry":{"type":"MultiPolygon","coordinates":[[[[81.9371066,21.8139059],[81.9292387,21.8206573],[81.9231831,21.8243212],[81.9215411,21.8332892],[81.902944,21.8371957],[81.894309,21.8401916],[81.899234,21.8511336],[81.9006995,21.8679446],[81.8949154,21.8700214],[81.8988773,21.8819972],[81.8964171,21.8864439],[81.8882285,21.8896617],[81.8859634,21.8927665],[81.8754953,21.8913756],[81.8750934,21.8861445],[81.8696073,21.8821114],[81.8619612,21.8836261],[81.8577302,21.8888781],[81.8587464,21.8974367],[81.8530039,21.8974227],[81.8424496,21.8949901],[81.8378928,21.8926589],[81.8421303,21.8862767],[81.8416578,21.8806562],[81.8359827,21.8783419],[81.8208421,21.8801371],[81.8164051,21.8837649],[81.818723,21.897672],[81.8229311,21.8998863],[81.8247362,21.9124576],[81.8224148,21.9174146],[81.8115247,21.9219153],[81.806017,21.9220067],[81.7958315,21.9292009],[81.7962497,21.9364516],[81.8002162,21.9469614],[81.7867056,21.9471501],[81.7867843,21.9500982],[81.7729599,21.9540245],[81.7683473,21.9479461],[81.7634131,21.9473386],[81.7559363,21.9539378],[81.7511715,21.9563795],[81.739142,21.9465744],[81.729662,21.9468859],[81.7292313,21.9436572],[81.7216144,21.9465347],[81.7210868,21.9506979],[81.7150465,21.9535548],[81.7058204,21.9525166],[81.7067403,21.9589036],[81.6889936,21.9615189],[81.683202,21.9588318],[81.6677922,21.962654],[81.6581568,21.9680306],[81.6587639,21.9779462],[81.6632058,21.9812926],[81.6575966,21.9880445],[81.644579,21.9911299],[81.6402152,21.9890141],[81.6352191,21.9897722],[81.6268509,21.9857601],[81.6236654,21.987679],[81.6157162,21.9883676],[81.6164916,22.0006725],[81.6109611,22.0042176],[81.6111256,22.0134687],[81.6036997,22.0174217],[81.596117,22.0169184],[81.5910623,22.018802],[81.584875,22.0181937],[81.5847839,22.0232854],[81.5773384,22.0242494],[81.5733981,22.0203522],[81.5734798,22.0165655],[81.5832943,22.0146379],[81.5863598,22.0159096],[81.5912751,22.0107703],[81.5893346,21.9987428],[81.5916243,21.9934496],[81.5898004,21.9878985],[81.5841937,21.9881615],[81.5798564,21.9820212],[81.573794,21.9942945],[81.5600731,21.9949584],[81.5568537,22.000907],[81.5530992,22.0020225],[81.549482,21.9996818],[81.5520497,21.9940363],[81.5521048,21.9885603],[81.547844,21.981165],[81.5333487,21.9722936],[81.5335166,21.9603067],[81.5384665,21.9565657],[81.5384532,21.9525111],[81.5492031,21.9498071],[81.5496255,21.9442874],[81.5441037,21.9444079],[81.5313533,21.9383041],[81.5252689,21.9451709],[81.5214315,21.9401333],[81.5144432,21.9396198],[81.5081846,21.9370839],[81.5038531,21.9268889],[81.5085497,21.9197128],[81.5107632,21.9247366],[81.5180932,21.9227053],[81.5217936,21.926032],[81.5284348,21.9214153],[81.5283829,21.9149225],[81.5355757,21.9037459],[81.5356476,21.8980267],[81.5401274,21.8948102],[81.5521196,21.8962314],[81.5485689,21.8880868],[81.5573877,21.8849022],[81.5551712,21.8775571],[81.5609745,21.8766764],[81.5629622,21.8675953],[81.5685732,21.8607226],[81.5809128,21.8528854],[81.5787188,21.8460083],[81.5916363,21.834313],[81.5973695,21.8347665],[81.6086076,21.8305601],[81.615176,21.8302733],[81.621364,21.8328098],[81.6277194,21.831516],[81.6347521,21.8231947],[81.6400947,21.8220374],[81.649356,21.8165754],[81.6542203,21.8155214],[81.6670758,21.817708],[81.673915,21.8139913],[81.6785233,21.8160871],[81.6891176,21.8149988],[81.69485,21.8100577],[81.698199,21.8101496],[81.7042106,21.81545],[81.7147996,21.8137935],[81.7174791,21.8081172],[81.7282729,21.8013821],[81.7317148,21.8015187],[81.7385875,21.7948852],[81.7441829,21.7935185],[81.7469226,21.7968262],[81.754692,21.7958351],[81.7556405,21.7794118],[81.7647386,21.77411],[81.7683415,21.7674283],[81.7728533,21.7694248],[81.781066,21.7633028],[81.7956934,21.7699902],[81.8047109,21.772448],[81.8134333,21.7614353],[81.8198151,21.7594471],[81.8290471,21.7606727],[81.8434046,21.757934],[81.8523657,21.7617606],[81.8601277,21.7690078],[81.870449,21.7700942],[81.878802,21.7742619],[81.8921756,21.7778728],[81.897897,21.7807639],[81.9090235,21.7930437],[81.9172785,21.7986992],[81.9267984,21.8069744],[81.9371066,21.8139059]]],[[[82.7445133,22.0969945],[82.7408289,22.0964531],[82.7379047,22.0874558],[82.7312455,22.0846787],[82.7337715,22.0743727],[82.7344543,22.0614354],[82.7398191,22.052315],[82.7405742,22.0398427],[82.722193,22.0394302],[82.7172789,22.0424178],[82.7147656,22.0508948],[82.7087817,22.056014],[82.7061363,22.0635066],[82.7015897,22.0851831],[82.6986992,22.0890632],[82.6836843,22.0893583],[82.6793348,22.0804147],[82.6699942,22.0812258],[82.6678639,22.0860715],[82.6611463,22.0955963],[82.6496731,22.0985606],[82.6519417,22.1032608],[82.6501931,22.1069909],[82.6397964,22.1146536],[82.6371641,22.1207781],[82.6367769,22.1266483],[82.6455619,22.148755],[82.6487485,22.1606256],[82.6514977,22.1637725],[82.6620091,22.1699701],[82.6648572,22.1782055],[82.6653351,22.1878865],[82.6597061,22.1882581],[82.655305,22.1947521],[82.6487991,22.2012103],[82.6461094,22.2103859],[82.6424194,22.2126893],[82.6451599,22.216947],[82.6452919,22.2242574],[82.643552,22.2332342],[82.645037,22.2387293],[82.6317913,22.2463795],[82.6270373,22.2506613],[82.6109836,22.25844],[82.6020492,22.259535],[82.5932071,22.2634397],[82.5905602,22.2569767],[82.5918035,22.2469047],[82.5859948,22.2387486],[82.5803379,22.2279327],[82.5710142,22.2210711],[82.5559918,22.2173673],[82.5508018,22.2099553],[82.5447172,22.2078708],[82.5360729,22.2125759],[82.535784,22.2325067],[82.526608,22.2392068],[82.5230553,22.2490978],[82.5191114,22.2521724],[82.5125394,22.2506483],[82.5099262,22.2531514],[82.5022273,22.2492272],[82.4996492,22.2505923],[82.4927375,22.244719],[82.4889957,22.2397165],[82.4817147,22.2377515],[82.4825536,22.2346866],[82.4769647,22.2293209],[82.4765575,22.2257862],[82.4708162,22.2245265],[82.4632191,22.2154614],[82.4598204,22.2133968],[82.4575074,22.2090338],[82.459469,22.2037116],[82.456757,22.1981723],[82.4612519,22.1943974],[82.4728678,22.1904069],[82.469072,22.1833916],[82.4620134,22.1787956],[82.4578814,22.1781068],[82.4462022,22.1729336],[82.444202,22.1697059],[82.4370062,22.1646935],[82.4331948,22.1599271],[82.4307131,22.1485524],[82.4264538,22.1467746],[82.4257615,22.1413374],[82.422651,22.1380809],[82.415028,22.1386242],[82.4126776,22.133761],[82.4028622,22.1331705],[82.3944001,22.1280138],[82.3892259,22.1290184],[82.3858034,22.133508],[82.3794984,22.132076],[82.3743672,22.1374524],[82.3685209,22.1381767],[82.363415,22.1348826],[82.3582723,22.1361759],[82.3541295,22.1301749],[82.3393963,22.1178421],[82.341332,22.1152791],[82.3339517,22.1059306],[82.3339359,22.1003561],[82.3371248,22.0959613],[82.3352021,22.0892239],[82.3364148,22.0735309],[82.3330498,22.0690343],[82.3343626,22.0651473],[82.3309579,22.06109],[82.3287725,22.0477419],[82.330577,22.0332695],[82.3304694,22.0264054],[82.3324097,22.0205499],[82.3297478,22.0074988],[82.3207992,22.0017908],[82.3242277,21.9961486],[82.3211705,21.9884442],[82.3249355,21.979911],[82.3241151,21.9722072],[82.3251103,21.9642195],[82.330145,21.9635933],[82.3240818,21.9568228],[82.3232559,21.9516567],[82.3196749,21.9494113],[82.3194697,21.9415497],[82.3165275,21.9401579],[82.3087846,21.9270237],[82.3092806,21.9218581],[82.3067077,21.9182582],[82.3093713,21.9139695],[82.3041233,21.908797],[82.3132964,21.9014809],[82.3085808,21.8966835],[82.313883,21.8874286],[82.3131111,21.8822083],[82.3153261,21.8724284],[82.3224138,21.8714012],[82.3247526,21.8651614],[82.3337952,21.8607205],[82.3387969,21.8614035],[82.3417678,21.8582207],[82.3512546,21.85293],[82.3501775,21.8437812],[82.3575158,21.8364623],[82.3579377,21.8270654],[82.3631522,21.8139524],[82.3718086,21.7963057],[82.3717217,21.7902096],[82.3745744,21.7809435],[82.3785968,21.7792727],[82.3811149,21.7640729],[82.3888644,21.767843],[82.3937224,21.7643474],[82.4014081,21.761357],[82.4086985,21.7639386],[82.4131938,21.7623074],[82.4198463,21.7497083],[82.4252637,21.7463877],[82.4328908,21.7455001],[82.4377265,21.7396009],[82.4445104,21.7451208],[82.4520742,21.7440698],[82.4584422,21.7397633],[82.4712469,21.7271034],[82.4866212,21.7282497],[82.4995647,21.7336523],[82.533752,21.7371922],[82.5478174,21.7360388],[82.5557789,21.733378],[82.5636882,21.727705],[82.5701619,21.7213446],[82.5820182,21.7154732],[82.5939599,21.7135205],[82.5993962,21.7141311],[82.6188705,21.7275806],[82.6267579,21.7290663],[82.6344277,21.727341],[82.6545969,21.7112718],[82.6605921,21.7095856],[82.6659868,21.710881],[82.6751461,21.7165591],[82.6832581,21.7238628],[82.6912385,21.7270343],[82.700078,21.7274189],[82.7181712,21.7254905],[82.7390386,21.7243575],[82.7481717,21.7227388],[82.7641689,21.7218606],[82.7864077,21.7240596],[82.7918665,21.7236895],[82.7942319,21.7417559],[82.7971386,21.7472755],[82.7964625,21.7639458],[82.8026983,21.7644318],[82.8094929,21.7695553],[82.803506,21.7735582],[82.8073722,21.7765311],[82.8077567,21.7815526],[82.798347,21.7840774],[82.7913714,21.7906036],[82.7790204,21.7940289],[82.7793027,21.7984904],[82.7832099,21.805686],[82.7802195,21.8087776],[82.7774632,21.8160506],[82.7784624,21.8187561],[82.7864762,21.8256468],[82.7814393,21.829365],[82.7794932,21.8396956],[82.7725086,21.8471738],[82.7656569,21.8505561],[82.7655344,21.8589189],[82.7738712,21.8629386],[82.7737069,21.8695222],[82.7795661,21.8758024],[82.7799941,21.8795551],[82.785296,21.8884086],[82.7813655,21.8985303],[82.7886295,21.9045986],[82.7846652,21.906764],[82.7881991,21.9122297],[82.7873115,21.9156024],[82.7918244,21.9193255],[82.7937314,21.9272694],[82.791812,21.9322761],[82.8039565,21.93929],[82.8017573,21.9429467],[82.8040783,21.9474858],[82.8116325,21.9509116],[82.8155614,21.9547377],[82.8146046,21.9622919],[82.797814,21.9672023],[82.7883535,21.9611243],[82.7857409,21.9667944],[82.7818859,21.9690861],[82.7811641,21.9774169],[82.7854901,21.9807789],[82.7851763,21.9870146],[82.7909125,21.9890994],[82.7941716,21.9966509],[82.7881428,22.0026086],[82.7890658,22.0085666],[82.7812147,22.0111876],[82.7820558,22.0181178],[82.7770757,22.0203595],[82.7787771,22.0274455],[82.775251,22.0303507],[82.7735379,22.0372358],[82.7900801,22.0444098],[82.7963413,22.0494517],[82.8043435,22.0487556],[82.8169631,22.0453048],[82.8243535,22.0562108],[82.8325048,22.0533847],[82.8377456,22.0541578],[82.8414046,22.0612769],[82.8418608,22.0704386],[82.8257818,22.0720907],[82.8217426,22.0767311],[82.8198513,22.0844571],[82.7985007,22.0862931],[82.7876802,22.079533],[82.7813815,22.0736081],[82.7712406,22.0709008],[82.765257,22.0623977],[82.758857,22.0614465],[82.7554777,22.0724355],[82.7515898,22.0778464],[82.7496455,22.0850509],[82.7454106,22.0881041],[82.7445133,22.0969945]]]]},"properties":{"OBJECTID":169,"dtname":"Janjgir-Champa","stname":"CHHATTISGARH","stcode11":"22","dtcode11":"405","year_stat":"2011_c","dist_lgd":379,"state_lgd":22,"remarks":" ","Dist":"Janjgir-Champa","InPoly_FID":937,"SimPgnFlag":0,"MaxSimpTol":100,"MinSimpTol":100,"SHAPE_Length":486605.02697941125,"SHAPE_Area":3331991170.0014887}},
{"type":"Feature","geometry":{"type":"Polygon","coordinates":[[[82.1564267,22.5441677],[82.1552103,22.5504867],[82.1572981,22.5608984],[82.1571491,22.5681318],[82.1587359,22.5755093],[82.1484692,22.585553],[82.1439046,22.5934778],[82.1502565,22.601085],[82.1395387,22.6003955],[82.1327893,22.6026987],[82.1143395,22.6006803],[82.1060058,22.591735],[82.0970257,22.5869837],[82.0902773,22.58477],[82.0743433,22.5721684],[82.060254,22.5714455],[82.059941,22.564817],[82.0561786,22.5640434],[82.0472951,22.5666085],[82.0410591,22.5721907],[82.0328124,22.5737575],[82.0242622,22.5778657],[82.0131109,22.5810822],[82.0040083,22.5819426],[81.9952018,22.5786383],[81.9903546,22.5831659],[81.9876926,22.589055],[81.9752722,22.6106565],[81.9647314,22.6063063],[81.9499192,22.6158356],[81.928802,22.6133062],[81.9211116,22.6092456],[81.9070579,22.6139847],[81.8957734,22.6106843],[81.8922296,22.6118454],[81.8852276,22.6099644],[81.8714285,22.6120258],[81.8566257,22.6111143],[81.8477973,22.5925441],[81.832535,22.5750461],[81.8369125,22.5705431],[81.83218,22.5641472],[81.8347915,22.55973],[81.8366889,22.5434469],[81.8320247,22.533804],[81.8365715,22.5179258],[81.8406592,22.508086],[81.8473958,22.5043586],[81.8574176,22.5031891],[81.8653992,22.4934102],[81.8826896,22.485223],[81.889094,22.4853928],[81.9008265,22.4824822],[81.9053013,22.4737986],[81.9047926,22.4677954],[81.9109619,22.4623423],[81.8986444,22.4542751],[81.9017821,22.4526798],[81.9016099,22.4426211],[81.9092299,22.4387961],[81.9149375,22.4322123],[81.9156915,22.426548],[81.9219081,22.4218277],[81.9247656,22.4122385],[81.9351396,22.4107506],[81.9472751,22.4046042],[81.9517231,22.3982869],[81.952699,22.3930074],[81.9571752,22.3894406],[81.9608555,22.3781586],[81.9658879,22.3751423],[81.9660594,22.3685478],[81.9715467,22.3666111],[81.9763984,22.3599701],[81.9703678,22.3547482],[81.9638201,22.3547234],[81.964521,22.3510277],[81.954307,22.3421472],[81.9520972,22.3467138],[81.9442709,22.3548628],[81.9330808,22.3608761],[81.9289999,22.3615287],[81.9246985,22.357142],[81.927294,22.3507116],[81.9273294,22.3444713],[81.9294422,22.3410161],[81.9348497,22.3394457],[81.9356481,22.3317123],[81.9306126,22.3255775],[81.9296763,22.3156134],[81.9375577,22.3078565],[81.9274652,22.301293],[81.9246623,22.2922352],[81.9159765,22.2922616],[81.9141212,22.2965682],[81.9138031,22.3116923],[81.9040371,22.3109568],[81.8982149,22.30492],[81.8948095,22.3068147],[81.8901391,22.3159802],[81.8756684,22.3217762],[81.8657411,22.3171571],[81.8645682,22.3131252],[81.8547146,22.3088535],[81.8516968,22.3011574],[81.8515862,22.2958657],[81.8613034,22.2934507],[81.8579194,22.2888978],[81.8407328,22.2886946],[81.8346997,22.2865625],[81.8333999,22.2829453],[81.8256236,22.2809053],[81.8228819,22.2699374],[81.8123969,22.2776709],[81.820015,22.2819131],[81.8239121,22.2859962],[81.8242792,22.2930852],[81.8150063,22.2909456],[81.8087898,22.2868358],[81.8047416,22.287758],[81.7875252,22.2871711],[81.7839429,22.2877922],[81.7815595,22.2923522],[81.7879279,22.2955645],[81.7744936,22.3070474],[81.7674874,22.3023616],[81.7670457,22.2917971],[81.7595094,22.2931444],[81.7567275,22.3035334],[81.7495182,22.30731],[81.7437373,22.3125606],[81.7390895,22.278324],[81.7427343,22.2739235],[81.7416182,22.2678601],[81.7337022,22.2694054],[81.7311288,22.2602047],[81.7374981,22.2507755],[81.7494739,22.2469781],[81.7559056,22.2485707],[81.7567522,22.24432],[81.7608482,22.2398054],[81.7670922,22.240134],[81.7664637,22.2345106],[81.7712636,22.2338584],[81.7720419,22.2273844],[81.7836414,22.2235368],[81.8009532,22.2222849],[81.8102755,22.2116176],[81.8102328,22.2059617],[81.8143011,22.2042388],[81.8130275,22.1984587],[81.8157426,22.1928498],[81.8154071,22.1857084],[81.8220859,22.1775248],[81.8240113,22.1721471],[81.8283749,22.1699557],[81.8309957,22.1656709],[81.8373514,22.1635609],[81.8459003,22.1523662],[81.8538129,22.1499429],[81.8580495,22.1418772],[81.8594692,22.1334028],[81.86412,22.1338713],[81.8669046,22.1304892],[81.8676497,22.12263],[81.8704165,22.1203307],[81.8786169,22.1260676],[81.8838411,22.1163934],[81.8926284,22.1089934],[81.8904012,22.1007226],[81.8963655,22.1006023],[81.897269,22.1066906],[81.9033061,22.1072531],[81.9057948,22.1009352],[81.9025609,22.0974797],[81.9110869,22.083874],[81.9076259,22.0794867],[81.9135877,22.0747322],[81.9203805,22.0747051],[81.9237085,22.0720737],[81.9233808,22.0642657],[81.9282677,22.0635812],[81.9322044,22.0668581],[81.9361851,22.0580679],[81.9424058,22.0530457],[81.9493886,22.0501006],[81.9516731,22.0440724],[81.9505667,22.0370905],[81.9560721,22.031829],[81.9504909,22.0218688],[81.951836,22.0166853],[81.9631657,22.0138729],[81.9630198,22.0072885],[81.9545667,22.0072929],[81.9545645,22.003417],[81.9607172,22.0000945],[81.9658308,22.0002564],[81.9732564,22.0049854],[81.9812509,21.9994735],[81.9834395,21.9937231],[81.9884385,21.9910375],[81.9924925,21.9932483],[81.9998352,21.9923314],[82.0021944,21.9850001],[82.0086787,21.9809502],[82.0079775,21.9761661],[82.0116026,21.9698625],[82.009535,21.9625765],[82.0014259,21.9581121],[81.9971767,21.950219],[81.9925076,21.947478],[81.9909303,21.9398448],[82.0012896,21.9284248],[82.0028822,21.9165816],[82.0090199,21.9147844],[82.0205569,21.9142502],[82.0241508,21.9095788],[82.0282102,21.8961654],[82.0333401,21.8868798],[82.0370001,21.8832919],[82.0453746,21.8837613],[82.0515104,21.8817908],[82.0652214,21.8705614],[82.070166,21.869493],[82.0791368,21.8636841],[82.097448,21.8564903],[82.1060738,21.8493297],[82.1228971,21.8317967],[82.1314382,21.8330022],[82.145378,21.8409124],[82.1511437,21.8420901],[82.159406,21.8473402],[82.1672846,21.844507],[82.1775386,21.8443144],[82.1815328,21.8416398],[82.1863987,21.8307555],[82.1868654,21.8252372],[82.1846925,21.8100836],[82.181648,21.8028958],[82.1824085,21.7943745],[82.1881271,21.7802114],[82.1905886,21.7708133],[82.1946225,21.7653207],[82.2051967,21.7597977],[82.2242549,21.7566309],[82.2482286,21.7537834],[82.2855071,21.7533967],[82.2901289,21.7521528],[82.2943186,21.7454143],[82.2973322,21.7320086],[82.3028166,21.7245286],[82.3130172,21.7168425],[82.3218325,21.7148677],[82.3332036,21.7139453],[82.3454055,21.7140923],[82.3790588,21.7115299],[82.392116,21.7124096],[82.411365,21.7182272],[82.4280605,21.7284325],[82.4377265,21.7396009],[82.4328908,21.7455001],[82.4252637,21.7463877],[82.4198463,21.7497083],[82.4131938,21.7623074],[82.4086985,21.7639386],[82.4014081,21.761357],[82.3937224,21.7643474],[82.3888644,21.767843],[82.3811149,21.7640729],[82.3785968,21.7792727],[82.3745744,21.7809435],[82.3717217,21.7902096],[82.3718086,21.7963057],[82.3631522,21.8139524],[82.3579377,21.8270654],[82.3575158,21.8364623],[82.3501775,21.8437812],[82.3512546,21.85293],[82.3417678,21.8582207],[82.3387969,21.8614035],[82.3337952,21.8607205],[82.3247526,21.8651614],[82.3224138,21.8714012],[82.3153261,21.8724284],[82.3131111,21.8822083],[82.313883,21.8874286],[82.3085808,21.8966835],[82.3132964,21.9014809],[82.3041233,21.908797],[82.3093713,21.9139695],[82.3067077,21.9182582],[82.3092806,21.9218581],[82.3087846,21.9270237],[82.3165275,21.9401579],[82.3194697,21.9415497],[82.3196749,21.9494113],[82.3232559,21.9516567],[82.3240818,21.9568228],[82.330145,21.9635933],[82.3251103,21.9642195],[82.3241151,21.9722072],[82.3249355,21.979911],[82.3211705,21.9884442],[82.3242277,21.9961486],[82.3207992,22.0017908],[82.3297478,22.0074988],[82.3324097,22.0205499],[82.3304694,22.0264054],[82.330577,22.0332695],[82.3287725,22.0477419],[82.3309579,22.06109],[82.3343626,22.0651473],[82.3330498,22.0690343],[82.3364148,22.0735309],[82.3352021,22.0892239],[82.3371248,22.0959613],[82.3339359,22.1003561],[82.3339517,22.1059306],[82.341332,22.1152791],[82.3393963,22.1178421],[82.3541295,22.1301749],[82.3582723,22.1361759],[82.363415,22.1348826],[82.3685209,22.1381767],[82.3743672,22.1374524],[82.3794984,22.132076],[82.3858034,22.133508],[82.3892259,22.1290184],[82.3944001,22.1280138],[82.4028622,22.1331705],[82.4126776,22.133761],[82.415028,22.1386242],[82.422651,22.1380809],[82.4257615,22.1413374],[82.4264538,22.1467746],[82.4307131,22.1485524],[82.4331948,22.1599271],[82.4370062,22.1646935],[82.444202,22.1697059],[82.4462022,22.1729336],[82.4578814,22.1781068],[82.4620134,22.1787956],[82.469072,22.1833916],[82.4728678,22.1904069],[82.4612519,22.1943974],[82.456757,22.1981723],[82.459469,22.2037116],[82.4575074,22.2090338],[82.4598204,22.2133968],[82.458394,22.2188964],[82.4496958,22.2257352],[82.4363287,22.2270134],[82.4346186,22.2349632],[82.4284165,22.2432261],[82.4289733,22.2465842],[82.4182436,22.250653],[82.4086782,22.257041],[82.3966528,22.2602368],[82.397273,22.2672586],[82.4148267,22.2808588],[82.3997161,22.3052794],[82.3843389,22.3037324],[82.3790761,22.3006455],[82.3745704,22.3035649],[82.3734575,22.3130845],[82.3675453,22.3189902],[82.3586924,22.3220744],[82.3517385,22.3275661],[82.3326969,22.3239134],[82.325451,22.3235865],[82.3157815,22.3113191],[82.3109942,22.2990862],[82.3027221,22.2964643],[82.2973409,22.2888171],[82.287265,22.2868263],[82.2855577,22.2886622],[82.2736802,22.291733],[82.268238,22.2965944],[82.262745,22.2977821],[82.2624209,22.3029942],[82.2684961,22.3078134],[82.2721138,22.3193777],[82.2679958,22.3347141],[82.2537547,22.3353495],[82.2361294,22.3339311],[82.2333949,22.3283136],[82.2251248,22.3317258],[82.2173663,22.3386276],[82.2139112,22.3283549],[82.2108051,22.3245208],[82.2059141,22.3137272],[82.2035108,22.3117687],[82.1974552,22.3177589],[82.1887889,22.3201286],[82.1854133,22.3249274],[82.1769841,22.3273055],[82.1664404,22.327733],[82.1616314,22.3304298],[82.154288,22.3294695],[82.1426217,22.3325881],[82.1409602,22.3344954],[82.150391,22.3409799],[82.154426,22.358933],[82.1528093,22.3656625],[82.1536649,22.3784564],[82.1571736,22.3824338],[82.1669184,22.383671],[82.1667536,22.39274],[82.1649275,22.3995066],[82.1743034,22.4046311],[82.1791088,22.4056523],[82.1821092,22.4099385],[82.1769345,22.4152954],[82.1720039,22.4253074],[82.1695413,22.4396757],[82.1679222,22.4421279],[82.1568117,22.444772],[82.1379757,22.4543922],[82.1441905,22.4665828],[82.1423476,22.4727124],[82.1435196,22.4809504],[82.147636,22.4880636],[82.1552103,22.4954922],[82.1603204,22.5028855],[82.1603205,22.5079324],[82.1651713,22.5264773],[82.1564267,22.5441677]]]},"properties":{"OBJECTID":65,"dtname":"Bilaspur","stname":"CHHATTISGARH","stcode11":"22","dtcode11":"406","year_stat":"2011_c","dist_lgd":375,"state_lgd":22,"remarks":" ","Dist":"Bilaspur","InPoly_FID":833,"SimPgnFlag":0,"MaxSimpTol":100,"MinSimpTol":100,"SHAPE_Length":491366.23287856195,"SHAPE_Area":4152956694.6283045}},
{"type":"Feature","geometry":{"type":"Polygon","coordinates":[[[82.1222495,23.1038014],[82.1142762,23.1065192],[82.111095,23.1093482],[82.0934992,23.1090703],[82.0921561,23.1123704],[82.0804168,23.112687],[82.0748983,23.1148382],[82.0729093,23.1183056],[82.066761,23.1162872],[82.0594947,23.1080454],[82.0551308,23.1068502],[82.0522107,23.0985233],[82.0490606,23.0938335],[82.043432,23.0901204],[82.0359381,23.0807793],[82.0225732,23.0794371],[82.0185844,23.0827256],[82.0092414,23.0791363],[82.0004224,23.0810457],[81.9908953,23.0865443],[81.9851432,23.0824714],[81.9694919,23.0809375],[81.9580498,23.0753004],[81.9485453,23.0774994],[81.9455234,23.0767326],[81.9468543,23.0691011],[81.9434147,23.0652237],[81.9383577,23.0656077],[81.9373989,23.0618825],[81.9295492,23.0616423],[81.9267841,23.0575772],[81.9290433,23.0507307],[81.9251644,23.0477376],[81.9215018,23.040814],[81.9248923,23.0306153],[81.930915,23.0263954],[81.9297687,23.020612],[81.9365547,23.0165143],[81.9395511,23.0095299],[81.9391373,23.0046158],[81.9454406,22.9958209],[81.9447601,22.9891732],[81.9504814,22.9829269],[81.9462081,22.9739172],[81.9478057,22.9675368],[81.9463076,22.9567787],[81.9287426,22.9507165],[81.9189217,22.9465453],[81.9127446,22.9416502],[81.9060115,22.9328063],[81.8981452,22.925929],[81.8904006,22.9226551],[81.8794234,22.9108777],[81.8776497,22.9101287],[81.869124,22.917334],[81.8655233,22.9127379],[81.8693258,22.9098024],[81.8681125,22.9020931],[81.8694914,22.8945079],[81.8616266,22.889261],[81.8531913,22.8908925],[81.8462604,22.8867237],[81.8420717,22.8877492],[81.8383746,22.8827842],[81.8334636,22.8808999],[81.8280505,22.8827211],[81.8175773,22.8822819],[81.7756831,22.8744368],[81.7774613,22.8675212],[81.7749032,22.8639106],[81.7772617,22.8544861],[81.7740128,22.8502212],[81.7722255,22.8439454],[81.7669807,22.8343623],[81.7623027,22.8307113],[81.7694576,22.8277566],[81.781778,22.8109454],[81.7841304,22.7986993],[81.7809755,22.7899406],[81.7836973,22.7839533],[81.7837621,22.778985],[81.7943917,22.7664599],[81.7884803,22.7635544],[81.779282,22.7508555],[81.773116,22.7505836],[81.7700738,22.7457203],[81.7699286,22.7355758],[81.7632828,22.7356241],[81.7553288,22.733539],[81.7534424,22.7210205],[81.7569343,22.7083073],[81.7611526,22.6975326],[81.7728435,22.6847024],[81.7725056,22.6685825],[81.7633659,22.6572603],[81.7595899,22.6503209],[81.7526278,22.6444865],[81.7483512,22.6494251],[81.7520173,22.6543724],[81.7496951,22.6603893],[81.7464022,22.6629133],[81.7429904,22.6725377],[81.7394724,22.6721204],[81.7278515,22.6753475],[81.7264224,22.6740781],[81.7345837,22.6673467],[81.7367387,22.6549963],[81.7351332,22.6486853],[81.73195,22.6464885],[81.7284527,22.6338394],[81.7327806,22.6323736],[81.7346882,22.6276088],[81.7348516,22.618935],[81.7407457,22.6125825],[81.7417815,22.6068294],[81.7497512,22.6074934],[81.7508733,22.6035073],[81.7497499,22.5927874],[81.7547787,22.5917437],[81.7664984,22.5966104],[81.7707938,22.5944459],[81.7869016,22.5977471],[81.7831145,22.5888862],[81.78823,22.588451],[81.7863334,22.5812663],[81.7927329,22.5798113],[81.7903141,22.5755929],[81.7925852,22.5692159],[81.7969195,22.5639062],[81.8002207,22.5630543],[81.8026832,22.5698009],[81.8088443,22.5701773],[81.8134365,22.5742435],[81.8195187,22.5735659],[81.8252613,22.5750833],[81.8283394,22.5703321],[81.8369125,22.5705431],[81.832535,22.5750461],[81.8477973,22.5925441],[81.8566257,22.6111143],[81.8714285,22.6120258],[81.8852276,22.6099644],[81.8922296,22.6118454],[81.8957734,22.6106843],[81.9070579,22.6139847],[81.9211116,22.6092456],[81.928802,22.6133062],[81.9499192,22.6158356],[81.9647314,22.6063063],[81.9752722,22.6106565],[81.9876926,22.589055],[81.9903546,22.5831659],[81.9952018,22.5786383],[82.0040083,22.5819426],[82.0131109,22.5810822],[82.0242622,22.5778657],[82.0328124,22.5737575],[82.0410591,22.5721907],[82.0472951,22.5666085],[82.0561786,22.5640434],[82.059941,22.564817],[82.060254,22.5714455],[82.0743433,22.5721684],[82.0902773,22.58477],[82.0970257,22.5869837],[82.1060058,22.591735],[82.1143395,22.6006803],[82.1327893,22.6026987],[82.1395387,22.6003955],[82.1502565,22.601085],[82.1439046,22.5934778],[82.1484692,22.585553],[82.1587359,22.5755093],[82.1571491,22.5681318],[82.1572981,22.5608984],[82.1552103,22.5504867],[82.1564267,22.5441677],[82.1676435,22.5479171],[82.1661849,22.5551956],[82.1797043,22.5590797],[82.1844447,22.5672351],[82.1970471,22.5790437],[82.2014702,22.5883304],[82.2083205,22.5962797],[82.2124401,22.5964369],[82.2333335,22.5912216],[82.2329927,22.5964625],[82.2383909,22.6104093],[82.239174,22.6243595],[82.2360007,22.6278093],[82.236723,22.6413284],[82.2397546,22.6539303],[82.2355073,22.6572413],[82.2202911,22.661378],[82.2023321,22.6605228],[82.2022235,22.6660144],[82.1967606,22.669933],[82.197154,22.6746847],[82.1856192,22.6745027],[82.1817779,22.671914],[82.1737166,22.6705517],[82.1745392,22.6782331],[82.1725618,22.6933861],[82.1672204,22.6949991],[82.165121,22.7148761],[82.1664109,22.7246455],[82.1647156,22.7280477],[82.151713,22.7363305],[82.148861,22.7415654],[82.1519144,22.7558353],[82.1555837,22.7669303],[82.1537372,22.7742901],[82.1555874,22.7781423],[82.1557864,22.7868987],[82.1589655,22.7875612],[82.15857,22.8156052],[82.1524598,22.815918],[82.1553444,22.8386763],[82.1452596,22.8423906],[82.1372974,22.843693],[82.1342533,22.8533359],[82.1410879,22.8591137],[82.1446886,22.8643764],[82.1516021,22.863368],[82.1548539,22.8740073],[82.1578033,22.8793473],[82.1583586,22.8850365],[82.1670352,22.8871741],[82.1736247,22.8906094],[82.1779994,22.8996656],[82.1841069,22.9047126],[82.1880403,22.9053144],[82.193244,22.9116961],[82.1928894,22.9159547],[82.197484,22.9174234],[82.2000926,22.9216756],[82.208427,22.9259754],[82.2122036,22.9324115],[82.2120921,22.9371526],[82.2158414,22.9450345],[82.2098649,22.9487414],[82.2012242,22.9503835],[82.194084,22.9588257],[82.1770451,22.9700908],[82.1779731,22.9741408],[82.1762948,22.9865654],[82.1736721,22.98762],[82.1805239,22.9953851],[82.1848316,23.0140189],[82.1796655,23.0359137],[82.1752136,23.0411796],[82.1749586,23.0444079],[82.166112,23.0466905],[82.1583153,23.0546048],[82.1565409,23.0652438],[82.1442471,23.0801044],[82.1396363,23.0873288],[82.128749,23.0958852],[82.1222495,23.1038014]]]},"properties":{"OBJECTID":66,"dtname":"Gaurella Pendra Marwahi","stname":"CHHATTISGARH","stcode11":"22","dtcode11":"791","year_stat":"2020","dist_lgd":734,"state_lgd":22,"remarks":" ","Dist":"Gaurella Pendra Marwahi","InPoly_FID":834,"SimPgnFlag":0,"MaxSimpTol":100,"MinSimpTol":100,"SHAPE_Length":298356.98918359505,"SHAPE_Area":2357899173.562145}},
{"type":"Feature","geometry":{"type":"Polygon","coordinates":[[[82.5748141,22.9654434],[82.5715591,22.9670745],[82.5660849,22.9752121],[82.5614625,22.9765983],[82.5393472,22.9753411],[82.5284759,22.9754346],[82.5139979,22.9694805],[82.5069748,22.9689518],[82.4881332,22.9705278],[82.4823226,22.9667106],[82.4700089,22.968724],[82.4553813,22.9668174],[82.4512773,22.9687212],[82.4368147,22.9712253],[82.425078,22.9741871],[82.4173485,22.9738922],[82.411608,22.9766116],[82.4106827,22.9890628],[82.405134,22.9908765],[82.4000341,22.9967452],[82.3929132,22.9993016],[82.3836742,23.0004169],[82.3758793,22.9977853],[82.3619256,22.9986614],[82.349578,22.99126],[82.3448306,22.9919129],[82.3328686,22.9831899],[82.3304039,22.9737101],[82.3263344,22.9670086],[82.3170339,22.9669758],[82.3056809,22.9686356],[82.301193,22.9646816],[82.2948151,22.9619878],[82.2886901,22.9615389],[82.2809659,22.9580724],[82.2777628,22.9532115],[82.2729224,22.9508016],[82.2601714,22.9407192],[82.2587628,22.9380141],[82.2482145,22.9390822],[82.2408681,22.9382501],[82.2259247,22.9411073],[82.2226299,22.9409052],[82.2158414,22.9450345],[82.2120921,22.9371526],[82.2122036,22.9324115],[82.208427,22.9259754],[82.2000926,22.9216756],[82.197484,22.9174234],[82.1928894,22.9159547],[82.193244,22.9116961],[82.1880403,22.9053144],[82.1841069,22.9047126],[82.1779994,22.8996656],[82.1736247,22.8906094],[82.1670352,22.8871741],[82.1583586,22.8850365],[82.1578033,22.8793473],[82.1548539,22.8740073],[82.1516021,22.863368],[82.1446886,22.8643764],[82.1410879,22.8591137],[82.1342533,22.8533359],[82.1372974,22.843693],[82.1452596,22.8423906],[82.1553444,22.8386763],[82.1524598,22.815918],[82.15857,22.8156052],[82.1589655,22.7875612],[82.1557864,22.7868987],[82.1555874,22.7781423],[82.1537372,22.7742901],[82.1555837,22.7669303],[82.1519144,22.7558353],[82.148861,22.7415654],[82.151713,22.7363305],[82.1647156,22.7280477],[82.1664109,22.7246455],[82.165121,22.7148761],[82.1672204,22.6949991],[82.1725618,22.6933861],[82.1745392,22.6782331],[82.1737166,22.6705517],[82.1817779,22.671914],[82.1856192,22.6745027],[82.197154,22.6746847],[82.1967606,22.669933],[82.2022235,22.6660144],[82.2023321,22.6605228],[82.2202911,22.661378],[82.2355073,22.6572413],[82.2397546,22.6539303],[82.236723,22.6413284],[82.2360007,22.6278093],[82.239174,22.6243595],[82.2383909,22.6104093],[82.2329927,22.5964625],[82.2333335,22.5912216],[82.2124401,22.5964369],[82.2083205,22.5962797],[82.2014702,22.5883304],[82.1970471,22.5790437],[82.1844447,22.5672351],[82.1797043,22.5590797],[82.1661849,22.5551956],[82.1676435,22.5479171],[82.1564267,22.5441677],[82.1651713,22.5264773],[82.1603205,22.5079324],[82.1603204,22.5028855],[82.1552103,22.4954922],[82.147636,22.4880636],[82.1435196,22.4809504],[82.1423476,22.4727124],[82.1441905,22.4665828],[82.1379757,22.4543922],[82.1568117,22.444772],[82.1679222,22.4421279],[82.1695413,22.4396757],[82.1720039,22.4253074],[82.1769345,22.4152954],[82.1821092,22.4099385],[82.1791088,22.4056523],[82.1743034,22.4046311],[82.1649275,22.3995066],[82.1667536,22.39274],[82.1669184,22.383671],[82.1571736,22.3824338],[82.1536649,22.3784564],[82.1528093,22.3656625],[82.154426,22.358933],[82.150391,22.3409799],[82.1409602,22.3344954],[82.1426217,22.3325881],[82.154288,22.3294695],[82.1616314,22.3304298],[82.1664404,22.327733],[82.1769841,22.3273055],[82.1854133,22.3249274],[82.1887889,22.3201286],[82.1974552,22.3177589],[82.2035108,22.3117687],[82.2059141,22.3137272],[82.2108051,22.3245208],[82.2139112,22.3283549],[82.2173663,22.3386276],[82.2251248,22.3317258],[82.2333949,22.3283136],[82.2361294,22.3339311],[82.2537547,22.3353495],[82.2679958,22.3347141],[82.2721138,22.3193777],[82.2684961,22.3078134],[82.2624209,22.3029942],[82.262745,22.2977821],[82.268238,22.2965944],[82.2736802,22.291733],[82.2855577,22.2886622],[82.287265,22.2868263],[82.2973409,22.2888171],[82.3027221,22.2964643],[82.3109942,22.2990862],[82.3157815,22.3113191],[82.325451,22.3235865],[82.3326969,22.3239134],[82.3517385,22.3275661],[82.3586924,22.3220744],[82.3675453,22.3189902],[82.3734575,22.3130845],[82.3745704,22.3035649],[82.3790761,22.3006455],[82.3843389,22.3037324],[82.3997161,22.3052794],[82.4148267,22.2808588],[82.397273,22.2672586],[82.3966528,22.2602368],[82.4086782,22.257041],[82.4182436,22.250653],[82.4289733,22.2465842],[82.4284165,22.2432261],[82.4346186,22.2349632],[82.4363287,22.2270134],[82.4496958,22.2257352],[82.458394,22.2188964],[82.4598204,22.2133968],[82.4632191,22.2154614],[82.4708162,22.2245265],[82.4765575,22.2257862],[82.4769647,22.2293209],[82.4825536,22.2346866],[82.4817147,22.2377515],[82.4889957,22.2397165],[82.4927375,22.244719],[82.4996492,22.2505923],[82.5022273,22.2492272],[82.5099262,22.2531514],[82.5125394,22.2506483],[82.5191114,22.2521724],[82.5230553,22.2490978],[82.526608,22.2392068],[82.535784,22.2325067],[82.5360729,22.2125759],[82.5447172,22.2078708],[82.5508018,22.2099553],[82.5559918,22.2173673],[82.5710142,22.2210711],[82.5803379,22.2279327],[82.5859948,22.2387486],[82.5918035,22.2469047],[82.5905602,22.2569767],[82.5932071,22.2634397],[82.6020492,22.259535],[82.6109836,22.25844],[82.6270373,22.2506613],[82.6317913,22.2463795],[82.645037,22.2387293],[82.643552,22.2332342],[82.6452919,22.2242574],[82.6451599,22.216947],[82.6424194,22.2126893],[82.6461094,22.2103859],[82.6487991,22.2012103],[82.655305,22.1947521],[82.6597061,22.1882581],[82.6653351,22.1878865],[82.6648572,22.1782055],[82.6620091,22.1699701],[82.6514977,22.1637725],[82.6487485,22.1606256],[82.6455619,22.148755],[82.6367769,22.1266483],[82.6371641,22.1207781],[82.6397964,22.1146536],[82.6501931,22.1069909],[82.6519417,22.1032608],[82.6496731,22.0985606],[82.6611463,22.0955963],[82.6678639,22.0860715],[82.6699942,22.0812258],[82.6793348,22.0804147],[82.6836843,22.0893583],[82.6986992,22.0890632],[82.7015897,22.0851831],[82.7061363,22.0635066],[82.7087817,22.056014],[82.7147656,22.0508948],[82.7172789,22.0424178],[82.722193,22.0394302],[82.7405742,22.0398427],[82.7398191,22.052315],[82.7344543,22.0614354],[82.7337715,22.0743727],[82.7312455,22.0846787],[82.7379047,22.0874558],[82.7408289,22.0964531],[82.7445133,22.0969945],[82.7563571,22.0973658],[82.7589469,22.1014635],[82.7529383,22.1108501],[82.7577744,22.1141059],[82.760504,22.1191012],[82.7703618,22.1251189],[82.7748405,22.1264161],[82.7933486,22.1282747],[82.7992752,22.1305238],[82.7966127,22.1412009],[82.803574,22.14019],[82.8123538,22.1470492],[82.817763,22.1478195],[82.822509,22.1540724],[82.8309732,22.1564143],[82.852413,22.1583118],[82.8538337,22.1642443],[82.860743,22.1716511],[82.8670057,22.1722694],[82.8855398,22.1660344],[82.8920872,22.1625687],[82.9004612,22.1399861],[82.9079485,22.1347391],[82.9182264,22.1306395],[82.923071,22.1268265],[82.9368422,22.1221441],[82.9367273,22.128562],[82.9416127,22.139285],[82.9438134,22.14735],[82.9606561,22.1439043],[82.96128,22.1550208],[82.9645221,22.1610006],[82.9710658,22.1659948],[82.9832049,22.1669672],[82.9899223,22.1641547],[83.0031926,22.164512],[83.0066941,22.1676533],[83.0145511,22.1698674],[83.0217402,22.16757],[83.0303636,22.1688163],[83.0383963,22.1879726],[83.0505623,22.1941359],[83.0486396,22.2049165],[83.0509966,22.2123659],[83.0482276,22.2181474],[83.04676,22.226704],[83.0351555,22.2345443],[83.0300639,22.2390337],[83.0328015,22.2449378],[83.0533044,22.2551284],[83.0613287,22.2622028],[83.0545448,22.2664354],[83.049348,22.2774461],[83.0526244,22.284049],[83.0594732,22.2882919],[83.0651107,22.3007338],[83.068598,22.3048846],[83.078661,22.308473],[83.0818569,22.3151656],[83.0828295,22.3245352],[83.0791483,22.3321155],[83.0797489,22.3362246],[83.0864532,22.3484809],[83.0926363,22.3527402],[83.1010821,22.3554779],[83.109173,22.3668124],[83.1038855,22.3724333],[83.1005681,22.3811429],[83.1081123,22.3869912],[83.1072517,22.3970377],[83.1083722,22.4074095],[83.1074389,22.4142907],[83.1128389,22.417497],[83.1132756,22.4224006],[83.1071362,22.4276017],[83.0936827,22.4289227],[83.0938171,22.4360704],[83.0891245,22.4381962],[83.0908948,22.4492093],[83.0950604,22.4594462],[83.0944428,22.462065],[83.08697,22.4669263],[83.088514,22.4889747],[83.0935799,22.4982727],[83.1028614,22.5044484],[83.1073173,22.5186468],[83.1032761,22.5260733],[83.1068077,22.5353707],[83.10267,22.5529489],[83.0957407,22.5625976],[83.0925376,22.5757495],[83.0919929,22.5866784],[83.0974222,22.5940467],[83.0972706,22.6151843],[83.0943693,22.6313168],[83.0968507,22.6351874],[83.1036767,22.6364647],[83.107178,22.641202],[83.1167527,22.6440024],[83.1227827,22.6472951],[83.12296,22.6564351],[83.1146481,22.6714456],[83.0923545,22.6742103],[83.0852787,22.669862],[83.0781195,22.6684398],[83.0735935,22.6696333],[83.0650797,22.6690639],[83.0581196,22.6648708],[83.048804,22.6617779],[83.039447,22.6521851],[83.0248813,22.6462399],[83.0204823,22.6418238],[83.0137412,22.6386149],[83.0130273,22.6446597],[83.0089354,22.6494429],[83.003157,22.6516255],[82.9900127,22.6654513],[82.9823834,22.6644001],[82.9671274,22.6657822],[82.9593594,22.6684866],[82.9500069,22.6745732],[82.9409785,22.6783428],[82.9385079,22.6807775],[82.92925,22.6967193],[82.920917,22.7050298],[82.9129179,22.7103372],[82.9032633,22.7145744],[82.8932389,22.7244911],[82.8890289,22.7254127],[82.8806334,22.7367055],[82.8756101,22.7458803],[82.8635304,22.7518605],[82.8594139,22.7496994],[82.8385064,22.7460569],[82.8320131,22.7440867],[82.8167883,22.7512275],[82.7887005,22.762998],[82.7794714,22.76778],[82.7651576,22.7800906],[82.768122,22.7878941],[82.7648741,22.7913643],[82.75741,22.7954727],[82.7504543,22.8037458],[82.7377431,22.8114053],[82.728174,22.8235497],[82.7127225,22.8337872],[82.6946807,22.833208],[82.6846254,22.8256592],[82.6805532,22.8243094],[82.6734572,22.8166429],[82.6668569,22.8154128],[82.6607283,22.8106017],[82.651397,22.8089738],[82.6389317,22.8113566],[82.6359489,22.8174536],[82.6274427,22.8209859],[82.6231068,22.8211638],[82.6098883,22.8274518],[82.6054112,22.8269567],[82.5983961,22.8325721],[82.5710496,22.8296446],[82.561107,22.8434698],[82.5567308,22.8471003],[82.555846,22.8601349],[82.5577952,22.8653044],[82.5634569,22.8649487],[82.5679923,22.8671331],[82.5711292,22.8773659],[82.5763968,22.8866995],[82.5771245,22.8906418],[82.5737197,22.8961316],[82.5793486,22.8977828],[82.5865949,22.8945744],[82.5911516,22.8944487],[82.5927246,22.9005537],[82.5880986,22.9083044],[82.5799402,22.9090627],[82.5746977,22.9123137],[82.5725783,22.91653],[82.5748357,22.9219483],[82.5725921,22.927849],[82.5759801,22.936606],[82.5719967,22.9418395],[82.5721292,22.9494406],[82.5594527,22.9556917],[82.5591817,22.9596301],[82.5748141,22.9654434]],[[82.998132,22.2255518],[82.9903964,22.2279586],[82.9876712,22.2313614],[82.9903473,22.2422794],[82.9925815,22.2429497],[82.9992978,22.2518953],[83.0071048,22.2559434],[83.0150791,22.243587],[83.0178339,22.2410248],[83.0211928,22.2318709],[83.0071733,22.2244328],[82.998132,22.2255518]]]},"properties":{"OBJECTID":212,"dtname":"Korba","stname":"CHHATTISGARH","stcode11":"22","dtcode11":"404","year_stat":"2011_c","dist_lgd":383,"state_lgd":22,"remarks":" ","Dist":"Korba","InPoly_FID":980,"SimPgnFlag":0,"MaxSimpTol":100,"MinSimpTol":100,"SHAPE_Length":535175.946347686,"SHAPE_Area":7770634833.018804}},
{"type":"Feature","geometry":{"type":"Polygon","coordinates":[[[82.7918665,21.7236895],[82.808206,21.7188496],[82.8151615,21.7155016],[82.8343919,21.7091945],[82.8522535,21.7001213],[82.8663246,21.6943109],[82.871427,21.6931325],[82.894011,21.6954479],[82.9082618,21.7027114],[82.9158064,21.7085303],[82.9399794,21.7235011],[82.9488915,21.7242153],[82.9626104,21.7219417],[82.9746113,21.7237863],[82.9849701,21.7265479],[82.9981367,21.732631],[83.010447,21.7399319],[83.0209769,21.7426572],[83.0343556,21.7430669],[83.0449572,21.7397217],[83.0556899,21.7338291],[83.0750324,21.7189749],[83.0812432,21.7156667],[83.0936962,21.7180402],[83.1150368,21.7203819],[83.1275535,21.7204002],[83.1453084,21.7184256],[83.16143,21.7185176],[83.1746421,21.7175387],[83.183262,21.7139911],[83.19643,21.7130873],[83.2140983,21.7068154],[83.2199983,21.7066586],[83.2289834,21.70258],[83.2393659,21.7004824],[83.2480013,21.6955361],[83.257501,21.6941881],[83.2782876,21.6866333],[83.2895025,21.6851447],[83.3034094,21.6814393],[83.3161736,21.6820042],[83.317141,21.6915508],[83.3155488,21.6978134],[83.3090046,21.7018255],[83.3088096,21.7054108],[83.295173,21.7058473],[83.282202,21.7080217],[83.2770683,21.7107553],[83.2648104,21.7147937],[83.2632237,21.7231737],[83.2588226,21.7273025],[83.2610713,21.7315714],[83.2665301,21.7350295],[83.2663567,21.7406785],[83.2582845,21.7507995],[83.2457357,21.7510564],[83.2428277,21.7622305],[83.2365327,21.7732892],[83.2354826,21.77823],[83.2370779,21.7904482],[83.233435,21.794018],[83.2214195,21.793732],[83.2195254,21.8030037],[83.2060492,21.8118751],[83.2057408,21.822338],[83.2198943,21.834387],[83.214322,21.8411003],[83.1870164,21.8468658],[83.1808685,21.8465294],[83.1786066,21.8513257],[83.1830893,21.8601206],[83.1941687,21.8635888],[83.2016978,21.8675817],[83.2034219,21.8709586],[83.2038875,21.8819041],[83.2143487,21.8836147],[83.2129842,21.8914725],[83.2148596,21.9036726],[83.2118432,21.9086503],[83.2067549,21.9126447],[83.200194,21.9145986],[83.1949331,21.9231535],[83.1861076,21.927072],[83.1801202,21.9251821],[83.1768275,21.9200941],[83.1729169,21.9190658],[83.1649082,21.9205807],[83.1562746,21.9199007],[83.1457,21.916299],[83.1361528,21.9244641],[83.1362113,21.9290971],[83.1298858,21.929874],[83.126256,21.9330124],[83.1223117,21.9299871],[83.1172444,21.9310842],[83.1144369,21.9370897],[83.1071568,21.9432574],[83.1046822,21.952812],[83.1014532,21.9552003],[83.0954192,21.9681274],[83.0913125,21.9748096],[83.0683981,21.9767676],[83.0600912,21.9750848],[83.0589027,21.9696792],[83.0459401,21.9665397],[83.0396411,21.9679996],[83.0326533,21.9639002],[83.0186925,21.9700466],[83.0075524,21.9651803],[82.9995289,21.9730585],[82.9959385,21.9871069],[82.998144,21.9899681],[83.0064468,21.9849305],[83.0133673,21.9887464],[83.0158805,21.9947176],[83.0212749,22.0006409],[83.0206118,22.0064383],[83.0154639,22.0073255],[83.0142632,22.0148304],[83.0172659,22.0201291],[83.0167624,22.0247706],[83.0118923,22.0238912],[83.0056438,22.0267046],[83.011767,22.0305508],[83.0193255,22.0377528],[83.0219724,22.0452096],[83.0282139,22.0502642],[83.0315949,22.0508248],[83.0335772,22.0567002],[83.0295964,22.0605809],[83.0217621,22.0552706],[83.0169515,22.0539353],[83.0142066,22.0568336],[83.0162565,22.0644357],[83.0139222,22.0672912],[83.0147035,22.0765537],[83.0075484,22.0779202],[83.0032631,22.0817034],[82.9930014,22.0859139],[82.9770634,22.0954911],[82.9685643,22.0989691],[82.9546144,22.1126607],[82.9368422,22.1221441],[82.923071,22.1268265],[82.9182264,22.1306395],[82.9079485,22.1347391],[82.9004612,22.1399861],[82.8920872,22.1625687],[82.8855398,22.1660344],[82.8670057,22.1722694],[82.860743,22.1716511],[82.8538337,22.1642443],[82.852413,22.1583118],[82.8309732,22.1564143],[82.822509,22.1540724],[82.817763,22.1478195],[82.8123538,22.1470492],[82.803574,22.14019],[82.7966127,22.1412009],[82.7992752,22.1305238],[82.7933486,22.1282747],[82.7748405,22.1264161],[82.7703618,22.1251189],[82.760504,22.1191012],[82.7577744,22.1141059],[82.7529383,22.1108501],[82.7589469,22.1014635],[82.7563571,22.0973658],[82.7445133,22.0969945],[82.7454106,22.0881041],[82.7496455,22.0850509],[82.7515898,22.0778464],[82.7554777,22.0724355],[82.758857,22.0614465],[82.765257,22.0623977],[82.7712406,22.0709008],[82.7813815,22.0736081],[82.7876802,22.079533],[82.7985007,22.0862931],[82.8198513,22.0844571],[82.8217426,22.0767311],[82.8257818,22.0720907],[82.8418608,22.0704386],[82.8414046,22.0612769],[82.8377456,22.0541578],[82.8325048,22.0533847],[82.8243535,22.0562108],[82.8169631,22.0453048],[82.8043435,22.0487556],[82.7963413,22.0494517],[82.7900801,22.0444098],[82.7735379,22.0372358],[82.775251,22.0303507],[82.7787771,22.0274455],[82.7770757,22.0203595],[82.7820558,22.0181178],[82.7812147,22.0111876],[82.7890658,22.0085666],[82.7881428,22.0026086],[82.7941716,21.9966509],[82.7909125,21.9890994],[82.7851763,21.9870146],[82.7854901,21.9807789],[82.7811641,21.9774169],[82.7818859,21.9690861],[82.7857409,21.9667944],[82.7883535,21.9611243],[82.797814,21.9672023],[82.8146046,21.9622919],[82.8155614,21.9547377],[82.8116325,21.9509116],[82.8040783,21.9474858],[82.8017573,21.9429467],[82.8039565,21.93929],[82.791812,21.9322761],[82.7937314,21.9272694],[82.7918244,21.9193255],[82.7873115,21.9156024],[82.7881991,21.9122297],[82.7846652,21.906764],[82.7886295,21.9045986],[82.7813655,21.8985303],[82.785296,21.8884086],[82.7799941,21.8795551],[82.7795661,21.8758024],[82.7737069,21.8695222],[82.7738712,21.8629386],[82.7655344,21.8589189],[82.7656569,21.8505561],[82.7725086,21.8471738],[82.7794932,21.8396956],[82.7814393,21.829365],[82.7864762,21.8256468],[82.7784624,21.8187561],[82.7774632,21.8160506],[82.7802195,21.8087776],[82.7832099,21.805686],[82.7793027,21.7984904],[82.7790204,21.7940289],[82.7913714,21.7906036],[82.798347,21.7840774],[82.8077567,21.7815526],[82.8073722,21.7765311],[82.803506,21.7735582],[82.8094929,21.7695553],[82.8026983,21.7644318],[82.7964625,21.7639458],[82.7971386,21.7472755],[82.7942319,21.7417559],[82.7918665,21.7236895]]]},"properties":{"OBJECTID":764,"dtname":"Sakti","stname":"CHHATTISGARH","stcode11":"22","dtcode11":"824","year_stat":"2022","dist_lgd":762,"state_lgd":22,"remarks":" ","Dist":"Sakti","InPoly_FID":1532,"SimPgnFlag":0,"MaxSimpTol":100,"MinSimpTol":100,"SHAPE_Length":296010.0649716246,"SHAPE_Area":1909737278.1459928}},
{"type":"Feature","geometry":{"type":"MultiPolygon","coordinates":[[[[82.998132,22.2255518],[83.0071733,22.2244328],[83.0211928,22.2318709],[83.0178339,22.2410248],[83.0150791,22.243587],[83.0071048,22.2559434],[82.9992978,22.2518953],[82.9925815,22.2429497],[82.9903473,22.2422794],[82.9876712,22.2313614],[82.9903964,22.2279586],[82.998132,22.2255518]]],[[[83.4133483,22.6379661],[83.4063377,22.6386829],[83.4042966,22.6409082],[83.4055695,22.646544],[83.3969474,22.6501072],[83.3848125,22.6528123],[83.3795546,22.6678564],[83.3766026,22.6854584],[83.3764488,22.6918189],[83.3829665,22.6910948],[83.3878742,22.6878342],[83.3925993,22.6977872],[83.3914624,22.7109693],[83.393954,22.7184985],[83.3990511,22.7266005],[83.3949002,22.7334664],[83.3857912,22.7389689],[83.378717,22.7418634],[83.3698264,22.7396265],[83.3698164,22.7353189],[83.3638101,22.7296576],[83.3559002,22.7307189],[83.3519712,22.7293799],[83.343409,22.7359048],[83.34314,22.7447373],[83.3400679,22.7498342],[83.3339696,22.7530333],[83.3322922,22.7598636],[83.3198072,22.766096],[83.3191269,22.7591217],[83.3081482,22.7584566],[83.3004775,22.7641829],[83.2864668,22.7695659],[83.2779102,22.7681624],[83.2748114,22.7656812],[83.267866,22.764533],[83.259125,22.7677021],[83.2547564,22.7662356],[83.2536872,22.7619875],[83.2474146,22.7618523],[83.2437218,22.7656448],[83.2417388,22.7735521],[83.2363817,22.7706588],[83.2306773,22.77468],[83.2319492,22.7818968],[83.2267508,22.7796946],[83.2181755,22.7804495],[83.2184983,22.7911951],[83.2134678,22.7878792],[83.201273,22.7849599],[83.1982114,22.7804803],[83.1913307,22.7828471],[83.1878155,22.7865247],[83.178555,22.7794462],[83.1616065,22.7728373],[83.1565431,22.7669876],[83.1549849,22.7586178],[83.1568017,22.7466188],[83.1529904,22.7371245],[83.150421,22.7342888],[83.1382873,22.7354427],[83.13116,22.731457],[83.1150389,22.725497],[83.1182075,22.7109195],[83.1204068,22.7061658],[83.1249204,22.703274],[83.117767,22.6894025],[83.1104765,22.6892636],[83.1016592,22.6824621],[83.1056764,22.6780717],[83.1146481,22.6714456],[83.12296,22.6564351],[83.1227827,22.6472951],[83.1167527,22.6440024],[83.107178,22.641202],[83.1036767,22.6364647],[83.0968507,22.6351874],[83.0943693,22.6313168],[83.0972706,22.6151843],[83.0974222,22.5940467],[83.0919929,22.5866784],[83.0925376,22.5757495],[83.0957407,22.5625976],[83.10267,22.5529489],[83.1068077,22.5353707],[83.1032761,22.5260733],[83.1073173,22.5186468],[83.1028614,22.5044484],[83.0935799,22.4982727],[83.088514,22.4889747],[83.08697,22.4669263],[83.0944428,22.462065],[83.0950604,22.4594462],[83.0908948,22.4492093],[83.0891245,22.4381962],[83.0938171,22.4360704],[83.0936827,22.4289227],[83.1071362,22.4276017],[83.1132756,22.4224006],[83.1128389,22.417497],[83.1074389,22.4142907],[83.1083722,22.4074095],[83.1072517,22.3970377],[83.1081123,22.3869912],[83.1005681,22.3811429],[83.1038855,22.3724333],[83.109173,22.3668124],[83.1010821,22.3554779],[83.0926363,22.3527402],[83.0864532,22.3484809],[83.0797489,22.3362246],[83.0791483,22.3321155],[83.0828295,22.3245352],[83.0818569,22.3151656],[83.078661,22.308473],[83.068598,22.3048846],[83.0651107,22.3007338],[83.0594732,22.2882919],[83.0526244,22.284049],[83.049348,22.2774461],[83.0545448,22.2664354],[83.0613287,22.2622028],[83.0533044,22.2551284],[83.0328015,22.2449378],[83.0300639,22.2390337],[83.0351555,22.2345443],[83.04676,22.226704],[83.0482276,22.2181474],[83.0509966,22.2123659],[83.0486396,22.2049165],[83.0505623,22.1941359],[83.0383963,22.1879726],[83.0303636,22.1688163],[83.0217402,22.16757],[83.0145511,22.1698674],[83.0066941,22.1676533],[83.0031926,22.164512],[82.9899223,22.1641547],[82.9832049,22.1669672],[82.9710658,22.1659948],[82.9645221,22.1610006],[82.96128,22.1550208],[82.9606561,22.1439043],[82.9438134,22.14735],[82.9416127,22.139285],[82.9367273,22.128562],[82.9368422,22.1221441],[82.9546144,22.1126607],[82.9685643,22.0989691],[82.9770634,22.0954911],[82.9930014,22.0859139],[83.0032631,22.0817034],[83.0075484,22.0779202],[83.0147035,22.0765537],[83.0139222,22.0672912],[83.0162565,22.0644357],[83.0142066,22.0568336],[83.0169515,22.0539353],[83.0217621,22.0552706],[83.0295964,22.0605809],[83.0335772,22.0567002],[83.0315949,22.0508248],[83.0282139,22.0502642],[83.0219724,22.0452096],[83.0193255,22.0377528],[83.011767,22.0305508],[83.0056438,22.0267046],[83.0118923,22.0238912],[83.0167624,22.0247706],[83.0172659,22.0201291],[83.0142632,22.0148304],[83.0154639,22.0073255],[83.0206118,22.0064383],[83.0212749,22.0006409],[83.0158805,21.9947176],[83.0133673,21.9887464],[83.0064468,21.9849305],[82.998144,21.9899681],[82.9959385,21.9871069],[82.9995289,21.9730585],[83.0075524,21.9651803],[83.0186925,21.9700466],[83.0326533,21.9639002],[83.0396411,21.9679996],[83.0459401,21.9665397],[83.0589027,21.9696792],[83.0600912,21.9750848],[83.0683981,21.9767676],[83.0913125,21.9748096],[83.0954192,21.9681274],[83.1014532,21.9552003],[83.1046822,21.952812],[83.1071568,21.9432574],[83.1144369,21.9370897],[83.1172444,21.9310842],[83.1223117,21.9299871],[83.126256,21.9330124],[83.1298858,21.929874],[83.1362113,21.9290971],[83.1361528,21.9244641],[83.1457,21.916299],[83.1562746,21.9199007],[83.1649082,21.9205807],[83.1729169,21.9190658],[83.1768275,21.9200941],[83.1801202,21.9251821],[83.1861076,21.927072],[83.1949331,21.9231535],[83.200194,21.9145986],[83.2067549,21.9126447],[83.2118432,21.9086503],[83.2148596,21.9036726],[83.2129842,21.8914725],[83.2143487,21.8836147],[83.2038875,21.8819041],[83.2034219,21.8709586],[83.2016978,21.8675817],[83.1941687,21.8635888],[83.1830893,21.8601206],[83.1786066,21.8513257],[83.1808685,21.8465294],[83.1870164,21.8468658],[83.214322,21.8411003],[83.2198943,21.834387],[83.2057408,21.822338],[83.2060492,21.8118751],[83.2195254,21.8030037],[83.2214195,21.793732],[83.233435,21.794018],[83.2370779,21.7904482],[83.2354826,21.77823],[83.2365327,21.7732892],[83.2428277,21.7622305],[83.2457357,21.7510564],[83.2582845,21.7507995],[83.2663567,21.7406785],[83.2665301,21.7350295],[83.2610713,21.7315714],[83.2588226,21.7273025],[83.2632237,21.7231737],[83.2648104,21.7147937],[83.2770683,21.7107553],[83.282202,21.7080217],[83.295173,21.7058473],[83.3088096,21.7054108],[83.3090046,21.7018255],[83.3155488,21.6978134],[83.317141,21.6915508],[83.3161736,21.6820042],[83.3348566,21.6821091],[83.3407173,21.6812659],[83.3464276,21.6832719],[83.3670963,21.6868506],[83.3774697,21.6849271],[83.3974285,21.6842211],[83.4074241,21.6813519],[83.4186934,21.6806539],[83.4256434,21.6936503],[83.4319325,21.6999597],[83.4407693,21.6988997],[83.4522129,21.6954713],[83.4592973,21.6984904],[83.461062,21.7090865],[83.473356,21.7206363],[83.4801955,21.7334902],[83.4874436,21.7489513],[83.4766707,21.75165],[83.4772122,21.7564677],[83.4821777,21.7655979],[83.4778107,21.7772382],[83.4722462,21.7875943],[83.4819148,21.7927149],[83.486215,21.797652],[83.487803,21.8073066],[83.4937364,21.8129955],[83.4929061,21.8183664],[83.5053208,21.8083599],[83.525868,21.7982961],[83.5404261,21.7990522],[83.5427714,21.8053992],[83.537471,21.8126672],[83.540102,21.8220434],[83.5307064,21.826869],[83.5310576,21.8297932],[83.5400779,21.8373647],[83.5539451,21.8403871],[83.5644443,21.8367122],[83.568481,21.8331735],[83.5751903,21.831209],[83.578853,21.8324474],[83.5814526,21.8381743],[83.5870807,21.8435197],[83.5908875,21.8511013],[83.5818597,21.865315],[83.5742166,21.8751038],[83.5764355,21.882373],[83.5806108,21.8842463],[83.5815453,21.889851],[83.5870847,21.8945318],[83.5852322,21.8996409],[83.5871485,21.9028116],[83.5943592,21.9033132],[83.6030912,21.9087768],[83.6055884,21.9147838],[83.5998695,21.9220735],[83.5903558,21.9297038],[83.5567208,21.9353451],[83.5593397,21.9454694],[83.5616915,21.948009],[83.5417483,21.9623962],[83.5378064,21.9693823],[83.5371581,21.9779581],[83.5435457,21.9876164],[83.543084,21.9932864],[83.5561517,22.0078175],[83.539787,22.0216743],[83.5364433,22.0302336],[83.5369611,22.0445408],[83.5443788,22.0576995],[83.55035,22.0533503],[83.5817771,22.0545833],[83.5828419,22.0505588],[83.5876996,22.0491986],[83.5901727,22.0546278],[83.6018161,22.0591156],[83.6064242,22.0665877],[83.5960768,22.0724133],[83.5807994,22.0859353],[83.576647,22.0905086],[83.5623132,22.0967129],[83.5625814,22.1030209],[83.5759177,22.1209003],[83.5824426,22.1243847],[83.5934235,22.1398315],[83.6077387,22.1537458],[83.6098799,22.1597816],[83.6133317,22.177701],[83.6272549,22.2037825],[83.6303705,22.2074158],[83.6495128,22.2233404],[83.655309,22.2200399],[83.6644731,22.2287914],[83.6657659,22.2327295],[83.6733969,22.2352501],[83.6914148,22.2428909],[83.7051638,22.2468476],[83.7116938,22.2430502],[83.729491,22.2428229],[83.7431821,22.2397052],[83.7577508,22.2403395],[83.7576766,22.2471376],[83.7597106,22.2512074],[83.7672433,22.2558334],[83.7731631,22.2557751],[83.7765277,22.261455],[83.7749226,22.2650778],[83.7794235,22.2736453],[83.7905485,22.2755893],[83.7959532,22.2822205],[83.7948451,22.2859482],[83.8021944,22.2895662],[83.8030611,22.2948301],[83.7933,22.3006864],[83.7962729,22.3079418],[83.7929091,22.3095138],[83.7852568,22.308855],[83.7800739,22.3128436],[83.7759619,22.3186321],[83.7665068,22.3205609],[83.7652522,22.323696],[83.7592497,22.3255815],[83.7610178,22.3297504],[83.7583223,22.3377768],[83.7531398,22.3392653],[83.7537,22.3452711],[83.7502392,22.3507207],[83.7458768,22.3528647],[83.7432211,22.3638344],[83.7402574,22.3667579],[83.7377707,22.3774294],[83.7318232,22.3765133],[83.7182423,22.3791073],[83.7092901,22.3819798],[83.703707,22.3757019],[83.6969901,22.376],[83.6834625,22.3798725],[83.6722739,22.3817993],[83.6601727,22.3871098],[83.6571128,22.3896207],[83.6486851,22.3913696],[83.6445786,22.3976868],[83.6444232,22.4070316],[83.6385096,22.4122151],[83.6324051,22.4205064],[83.620095,22.4246737],[83.6169059,22.4319259],[83.6064841,22.4408998],[83.6001281,22.4450915],[83.5937528,22.4465885],[83.5832138,22.4521028],[83.5798251,22.4573836],[83.575735,22.459668],[83.5737962,22.4737605],[83.5766856,22.4804759],[83.5822572,22.4875308],[83.5832059,22.493024],[83.5909996,22.5137626],[83.5914183,22.5266547],[83.5958307,22.532323],[83.5873409,22.5395612],[83.573769,22.543891],[83.566495,22.5413197],[83.5578871,22.532538],[83.5516225,22.5285887],[83.5431078,22.516301],[83.5346769,22.5139225],[83.5258579,22.5141094],[83.5151698,22.5118941],[83.5070373,22.5076924],[83.498066,22.5008859],[83.4899779,22.4921308],[83.4843418,22.4980891],[83.4777042,22.4996794],[83.4691102,22.5038677],[83.4666048,22.5071657],[83.4520137,22.5187282],[83.4497198,22.5228134],[83.4449715,22.5222406],[83.4363183,22.5316639],[83.4233154,22.5424057],[83.4122297,22.5488565],[83.4075922,22.5486453],[83.4006126,22.5527283],[83.3979787,22.5581786],[83.4007162,22.5649193],[83.4046067,22.5835107],[83.4127019,22.5911076],[83.4143334,22.5958436],[83.4195364,22.5959388],[83.4270532,22.6003904],[83.4271145,22.6067409],[83.4129195,22.6093154],[83.4065884,22.6091031],[83.3973839,22.6111776],[83.3798147,22.6185491],[83.3863938,22.6197001],[83.3935015,22.6249425],[83.4029627,22.6234173],[83.4115757,22.6293841],[83.4133483,22.6379661]]]]},"properties":{"OBJECTID":278,"dtname":"Raigarh","stname":"CHHATTISGARH","stcode11":"22","dtcode11":"403","year_stat":"2011_c","dist_lgd":386,"state_lgd":22,"remarks":" ","Dist":"Raigarh","InPoly_FID":1046,"SimPgnFlag":0,"MaxSimpTol":100,"MinSimpTol":100,"SHAPE_Length":547043.5561758798,"SHAPE_Area":6508359179.026823}},
{"type":"Feature","geometry":{"type":"Polygon","coordinates":[[[84.0382905,23.1710858],[84.0320208,23.1778685],[84.0237299,23.1834034],[84.0217446,23.1878428],[84.0171106,23.1898164],[84.0111178,23.1857069],[83.999352,23.1857309],[83.9981907,23.1925037],[83.9934261,23.1917694],[83.9862111,23.195468],[83.9744136,23.1908057],[83.9675766,23.1905554],[83.9631777,23.1845402],[83.9636045,23.1767456],[83.9560117,23.1702935],[83.9485347,23.1686312],[83.9439918,23.1654954],[83.9441764,23.1541811],[83.9351032,23.1512863],[83.926085,23.1506168],[83.9285235,23.1559435],[83.9266239,23.167913],[83.9197506,23.1742405],[83.914711,23.1742555],[83.9066616,23.1849083],[83.9001715,23.1833507],[83.8851095,23.1883105],[83.8836607,23.1903128],[83.8831958,23.203485],[83.8803926,23.2099729],[83.8744578,23.2135804],[83.8660267,23.2143793],[83.858558,23.2204172],[83.8542939,23.2273001],[83.8442081,23.2286422],[83.8397133,23.2338165],[83.8285754,23.2421436],[83.82299,23.2445212],[83.8116067,23.2428465],[83.7894979,23.2514188],[83.7849865,23.2391089],[83.7819707,23.2267185],[83.7749961,23.2247864],[83.7667738,23.231639],[83.7624744,23.2319114],[83.7591826,23.2364916],[83.7480316,23.2435646],[83.7436651,23.2422687],[83.7370298,23.2361206],[83.7267904,23.2338112],[83.7198579,23.2242217],[83.7207474,23.2174291],[83.7231568,23.2141417],[83.7127131,23.2100638],[83.7022586,23.2109413],[83.6999515,23.2171493],[83.700788,23.2249869],[83.6892757,23.225059],[83.6726467,23.2315658],[83.6633703,23.2296146],[83.6540396,23.2294791],[83.636436,23.2217759],[83.6344074,23.2194045],[83.6266524,23.2218799],[83.6188113,23.2174284],[83.6123219,23.2049245],[83.6078734,23.1987905],[83.6064449,23.1934873],[83.601579,23.1902256],[83.5964783,23.1921871],[83.5892527,23.1922671],[83.5749437,23.1941377],[83.568011,23.187796],[83.5706427,23.1839642],[83.5693322,23.174878],[83.563756,23.1761909],[83.5543587,23.175044],[83.5519426,23.1680174],[83.5546342,23.1566828],[83.5574525,23.1517575],[83.5625902,23.1478137],[83.5629437,23.1381905],[83.5563155,23.1250933],[83.5355461,23.120291],[83.5354443,23.1113353],[83.5218174,23.0959488],[83.5102233,23.0910433],[83.5085542,23.0862389],[83.511265,23.0808889],[83.505835,23.0777908],[83.5015224,23.0717206],[83.5002521,23.0634431],[83.5144594,23.0566266],[83.5244165,23.0590184],[83.5401484,23.0459841],[83.5503727,23.0333316],[83.5496893,23.0287528],[83.5420625,23.0155441],[83.5315492,23.003718],[83.5293381,22.9970074],[83.5228916,22.9932986],[83.5121461,22.9846236],[83.5117174,22.9748808],[83.5074141,22.9674785],[83.503564,22.9527725],[83.5065827,22.9494667],[83.5099573,22.9406512],[83.5147668,22.9357676],[83.5217472,22.9341873],[83.5238763,22.9277368],[83.5329586,22.9198002],[83.533476,22.9145318],[83.5406372,22.9126748],[83.5500706,22.9049208],[83.553537,22.8978336],[83.5575876,22.8945224],[83.5634579,22.8949858],[83.5656799,22.8895618],[83.5702275,22.8893337],[83.5716357,22.8812311],[83.5706922,22.8776055],[83.5784333,22.8728268],[83.5784026,22.8700481],[83.5858778,22.8688645],[83.59558,22.8689843],[83.5951952,22.8489594],[83.6085863,22.8445942],[83.6235386,22.8418697],[83.6206254,22.8302597],[83.628758,22.8258837],[83.6386856,22.82491],[83.6459452,22.8263649],[83.6457314,22.8170863],[83.6509326,22.8114825],[83.6494969,22.803376],[83.6542836,22.7913255],[83.6518812,22.783557],[83.6575735,22.7795544],[83.6579592,22.7753271],[83.6522044,22.7711482],[83.6513317,22.7638839],[83.6473276,22.7609553],[83.6550205,22.7552692],[83.6556431,22.7468725],[83.6474065,22.747497],[83.6435003,22.7322952],[83.6382155,22.7325604],[83.6303445,22.7277833],[83.6288658,22.7119225],[83.6353346,22.7039814],[83.6375624,22.69911],[83.6435281,22.699443],[83.649612,22.6955231],[83.670241,22.6847725],[83.6815085,22.6805563],[83.685033,22.6735114],[83.6905672,22.6681542],[83.6855134,22.6487094],[83.6869414,22.643986],[83.6811734,22.6348766],[83.674896,22.627257],[83.6730025,22.6228689],[83.6679834,22.6233896],[83.6578589,22.6299706],[83.6560462,22.6366083],[83.6515338,22.6441088],[83.6497448,22.6502452],[83.644346,22.6567342],[83.6292654,22.6650207],[83.6204157,22.6660547],[83.6109233,22.6720909],[83.6025739,22.6744424],[83.5966916,22.6745318],[83.5855334,22.6807017],[83.5796504,22.6819418],[83.5732547,22.6878773],[83.5667285,22.6891918],[83.5529975,22.6958286],[83.5484515,22.6956488],[83.5389907,22.6850633],[83.5248574,22.6756275],[83.5103961,22.671053],[83.5057645,22.6709368],[83.506212,22.6596718],[83.4980604,22.6610467],[83.4910847,22.6602029],[83.4833071,22.6651142],[83.4761118,22.6675956],[83.4638062,22.6695575],[83.460809,22.6737075],[83.4560136,22.6703555],[83.4491174,22.6743421],[83.4375775,22.6751793],[83.432824,22.6736621],[83.4351351,22.667257],[83.4284102,22.6617876],[83.4231127,22.6619828],[83.4172482,22.6586178],[83.4105769,22.6586221],[83.4107145,22.6532931],[83.4166129,22.6451629],[83.4122533,22.641329],[83.4133483,22.6379661],[83.4115757,22.6293841],[83.4029627,22.6234173],[83.3935015,22.6249425],[83.3863938,22.6197001],[83.3798147,22.6185491],[83.3973839,22.6111776],[83.4065884,22.6091031],[83.4129195,22.6093154],[83.4271145,22.6067409],[83.4270532,22.6003904],[83.4195364,22.5959388],[83.4143334,22.5958436],[83.4127019,22.5911076],[83.4046067,22.5835107],[83.4007162,22.5649193],[83.3979787,22.5581786],[83.4006126,22.5527283],[83.4075922,22.5486453],[83.4122297,22.5488565],[83.4233154,22.5424057],[83.4363183,22.5316639],[83.4449715,22.5222406],[83.4497198,22.5228134],[83.4520137,22.5187282],[83.4666048,22.5071657],[83.4691102,22.5038677],[83.4777042,22.4996794],[83.4843418,22.4980891],[83.4899779,22.4921308],[83.498066,22.5008859],[83.5070373,22.5076924],[83.5151698,22.5118941],[83.5258579,22.5141094],[83.5346769,22.5139225],[83.5431078,22.516301],[83.5516225,22.5285887],[83.5578871,22.532538],[83.566495,22.5413197],[83.573769,22.543891],[83.5873409,22.5395612],[83.5958307,22.532323],[83.5914183,22.5266547],[83.5909996,22.5137626],[83.5832059,22.493024],[83.5822572,22.4875308],[83.5766856,22.4804759],[83.5737962,22.4737605],[83.575735,22.459668],[83.5798251,22.4573836],[83.5832138,22.4521028],[83.5937528,22.4465885],[83.6001281,22.4450915],[83.6064841,22.4408998],[83.6169059,22.4319259],[83.620095,22.4246737],[83.6324051,22.4205064],[83.6385096,22.4122151],[83.6444232,22.4070316],[83.6445786,22.3976868],[83.6486851,22.3913696],[83.6571128,22.3896207],[83.6601727,22.3871098],[83.6722739,22.3817993],[83.6834625,22.3798725],[83.6969901,22.376],[83.703707,22.3757019],[83.7092901,22.3819798],[83.7182423,22.3791073],[83.7318232,22.3765133],[83.7377707,22.3774294],[83.7402574,22.3667579],[83.7432211,22.3638344],[83.7458768,22.3528647],[83.7502392,22.3507207],[83.7537,22.3452711],[83.7531398,22.3392653],[83.7583223,22.3377768],[83.7610178,22.3297504],[83.7592497,22.3255815],[83.7652522,22.323696],[83.7665068,22.3205609],[83.7759619,22.3186321],[83.7800739,22.3128436],[83.7852568,22.308855],[83.7929091,22.3095138],[83.7962729,22.3079418],[83.7933,22.3006864],[83.8030611,22.2948301],[83.8021944,22.2895662],[83.8252066,22.2923435],[83.8252973,22.2984097],[83.8228615,22.3010556],[83.8260049,22.305503],[83.821984,22.3115337],[83.8278921,22.3172536],[83.8305562,22.3234016],[83.8373036,22.3224822],[83.8527555,22.326993],[83.854306,22.337645],[83.8602375,22.3387529],[83.8656539,22.3431489],[83.8711995,22.3383109],[83.8792096,22.3353836],[83.8989215,22.3382728],[83.9017824,22.339806],[83.9025897,22.3467344],[83.9073926,22.3517582],[83.9232838,22.3584102],[83.932691,22.3539591],[83.9432938,22.3547103],[83.9482167,22.3563193],[83.9533696,22.3609607],[83.9583226,22.3618705],[83.9702461,22.3588047],[83.9825257,22.3673283],[84.0044172,22.3736163],[84.0102918,22.3720287],[84.0063791,22.3822049],[84.013182,22.3942704],[84.0133856,22.3974205],[84.0200596,22.4085553],[84.0237429,22.4098925],[84.0251648,22.4160727],[84.0311561,22.4218016],[84.0307482,22.4269558],[84.0387936,22.429697],[84.0417188,22.434985],[84.0467665,22.4375332],[84.0454894,22.463176],[84.0472472,22.4692209],[84.0407454,22.4731041],[84.0266018,22.4753236],[84.018858,22.4882338],[84.0101824,22.4918554],[84.0017066,22.4938222],[83.9978478,22.4976164],[83.9807084,22.502048],[83.9805811,22.5072496],[83.9764364,22.5144315],[83.9809886,22.5161521],[83.9809129,22.5215491],[83.9874385,22.5258251],[83.9948912,22.5280999],[83.9974308,22.5309245],[84.0029214,22.5303334],[84.0093165,22.5260234],[84.0100169,22.5316823],[84.0028459,22.5459039],[84.0076505,22.5524605],[84.0077739,22.562019],[84.0095054,22.5730486],[84.0241735,22.5858088],[84.0244333,22.5918032],[84.03023,22.5916492],[84.0418255,22.5953735],[84.0498598,22.5956929],[84.0548183,22.598876],[84.0571774,22.6050942],[84.0637473,22.6085925],[84.0704435,22.6215793],[84.0840162,22.6381164],[84.0916725,22.635303],[84.1045627,22.6371769],[84.1108052,22.6397549],[84.1234765,22.637049],[84.139794,22.6382318],[84.1506668,22.6364649],[84.1562723,22.6385335],[84.1632753,22.6454279],[84.1699941,22.6487078],[84.1788932,22.6506152],[84.1880299,22.6552275],[84.200188,22.6664572],[84.2079017,22.6683782],[84.2175442,22.6658184],[84.2261237,22.6717739],[84.2332074,22.6792404],[84.2347494,22.6861089],[84.2382117,22.691734],[84.2329291,22.7003329],[84.2344467,22.7052774],[84.232087,22.725553],[84.2299503,22.7276948],[84.2302655,22.7382048],[84.2326441,22.7417781],[84.2416547,22.7474759],[84.2453211,22.7526651],[84.2555668,22.7601011],[84.2607507,22.7674286],[84.2735935,22.7687714],[84.2794475,22.7676619],[84.2853379,22.7632281],[84.2893595,22.7661171],[84.2922382,22.7757103],[84.2907639,22.7806439],[84.2923178,22.78588],[84.2993385,22.7958872],[84.3057784,22.7970712],[84.3075005,22.8007673],[84.3142545,22.8004407],[84.3164348,22.8135873],[84.3220743,22.8202253],[84.3256171,22.8371287],[84.3217448,22.8377449],[84.3229943,22.8480165],[84.3276498,22.8545475],[84.3347772,22.8615475],[84.3442253,22.8589835],[84.3492405,22.8609824],[84.3519938,22.864986],[84.3594498,22.8605212],[84.3726008,22.8653223],[84.3733566,22.8715929],[84.3805139,22.8766671],[84.3791875,22.8837737],[84.3826079,22.8902543],[84.3824179,22.8965185],[84.3748967,22.9023359],[84.3775438,22.9096318],[84.381359,22.9126766],[84.38789,22.9142089],[84.3948529,22.9231515],[84.3950993,22.9369441],[84.3936827,22.9424509],[84.3856774,22.9490926],[84.3836081,22.9525262],[84.3834452,22.9595995],[84.3800951,22.9704422],[84.377343,22.9752451],[84.3728955,22.9783759],[84.3649993,22.9742334],[84.3510716,22.9781247],[84.343758,22.9761406],[84.3395522,22.9799889],[84.3281069,22.9819008],[84.3192832,22.9772087],[84.3189819,22.973607],[84.3129149,22.9718561],[84.3076339,22.9674342],[84.302053,22.9671534],[84.2920874,22.9642129],[84.280536,22.9639734],[84.2770771,22.9717633],[84.2736793,22.9836508],[84.2785253,22.9870404],[84.2769145,22.9901222],[84.2713735,22.9899742],[84.265977,22.9820028],[84.2574345,22.974693],[84.252293,22.9728039],[84.244403,22.9780362],[84.2410359,22.9836137],[84.2303497,22.9833294],[84.2187098,22.9792892],[84.2165599,22.9890358],[84.2076776,22.9998997],[84.2008472,23.0053429],[84.2034493,23.0144564],[84.2016724,23.0210664],[84.1967427,23.0242103],[84.1858018,23.0270917],[84.179589,23.0230163],[84.1781223,23.0120281],[84.1752408,23.0095418],[84.1786034,23.000897],[84.1749663,22.9961825],[84.1760974,22.9849232],[84.1779933,22.9803914],[84.1717816,22.9707588],[84.1646639,22.9695868],[84.1552586,22.9660915],[84.1492484,22.9656739],[84.1467716,22.9741771],[84.146575,22.9902103],[84.1381808,23.0040234],[84.1400707,23.0073925],[84.131216,23.0223474],[84.1255495,23.0364782],[84.1269721,23.0441948],[84.1247312,23.0478529],[84.1273787,23.0590454],[84.1325796,23.0653621],[84.1334605,23.0830897],[84.1261718,23.0893325],[84.11863,23.0885931],[84.1140776,23.0917239],[84.1129662,23.0968848],[84.1089807,23.0983047],[84.105658,23.105088],[84.093171,23.1127814],[84.0820468,23.1121512],[84.0724052,23.1090036],[84.0625855,23.1134089],[84.0582994,23.1261735],[84.0492056,23.1345099],[84.0399825,23.1371728],[84.037469,23.1398786],[84.0366902,23.1481705],[84.0333103,23.1522408],[84.0318977,23.1578294],[84.0382905,23.1710858]]]},"properties":{"OBJECTID":170,"dtname":"Jashpur","stname":"CHHATTISGARH","stcode11":"22","dtcode11":"402","year_stat":"2011_c","dist_lgd":380,"state_lgd":22,"remarks":" ","Dist":"Jashpur","InPoly_FID":938,"SimPgnFlag":0,"MaxSimpTol":100,"MinSimpTol":100,"SHAPE_Length":555520.1640364645,"SHAPE_Area":6917263967.346052}},
{"type":"Feature","geometry":{"type":"Polygon","coordinates":[[[84.0382905,23.1710858],[84.0433781,23.1832264],[84.0565327,23.1931697],[84.058434,23.1999383],[84.0631862,23.2068322],[84.0559707,23.2194093],[84.0560657,23.2251969],[84.0590805,23.2359866],[84.0538284,23.2437466],[84.0598544,23.2687886],[84.0640101,23.2731954],[84.0645364,23.2772268],[84.0624836,23.288435],[84.0681196,23.2937848],[84.0621788,23.3065388],[84.0732675,23.3285244],[84.0745928,23.333568],[84.068458,23.3386066],[84.0665836,23.3440547],[84.0601577,23.3501981],[84.054473,23.3522124],[84.0520543,23.3592826],[84.0526792,23.3669225],[84.0482195,23.3696953],[84.0501223,23.3748895],[84.0364164,23.3785196],[84.0267138,23.3775765],[84.0216618,23.375081],[84.0162969,23.3696075],[84.0122704,23.355102],[84.0057111,23.3538707],[84.0030325,23.3570675],[83.9805182,23.3645268],[83.9802565,23.3681086],[83.9694141,23.3812399],[83.9670466,23.3878825],[83.9700932,23.3938265],[83.972154,23.4026741],[83.9748299,23.4028892],[83.9769733,23.410319],[83.9797789,23.4135452],[83.980426,23.4212875],[83.9841238,23.4262601],[83.9852754,23.4343632],[83.9779276,23.4485309],[83.9744659,23.4522036],[83.9746303,23.4609677],[83.9854123,23.4665412],[83.9889092,23.4787398],[83.996941,23.4849384],[84.0011263,23.4937047],[84.0010089,23.4970765],[84.0073621,23.4976756],[84.0147368,23.5037332],[84.0151633,23.5089976],[84.0186856,23.5181693],[84.0174681,23.5223265],[84.0215865,23.5276746],[84.0210555,23.5304102],[84.028056,23.5456019],[84.0264416,23.5567656],[84.0297343,23.5680633],[84.0280522,23.5777687],[84.0297706,23.5857607],[84.0281257,23.5911636],[84.0300692,23.5997832],[84.0204926,23.6049193],[84.0110875,23.6206055],[84.0079945,23.6220073],[84.0086999,23.6278541],[84.013931,23.6302101],[84.014183,23.6336458],[83.9971355,23.6344773],[83.9873611,23.6322934],[83.9809626,23.6336849],[83.9807377,23.6251257],[83.9693501,23.6266903],[83.9613438,23.6251801],[83.9436499,23.6262672],[83.9319061,23.6204135],[83.9306509,23.6112384],[83.9338161,23.6073575],[83.9329906,23.6007538],[83.9390837,23.5905236],[83.9380788,23.5861542],[83.9397542,23.5704855],[83.9355985,23.5690049],[83.9270306,23.5737086],[83.918548,23.5764101],[83.9085657,23.5762479],[83.8941534,23.5825387],[83.8886015,23.5788271],[83.851008,23.5874178],[83.8448578,23.5866703],[83.8386048,23.5893945],[83.8258746,23.5907139],[83.8152899,23.5960194],[83.8122729,23.58919],[83.8069768,23.5875472],[83.8014166,23.6012383],[83.7942852,23.6049981],[83.7898699,23.6045639],[83.7771164,23.607972],[83.7724817,23.6108983],[83.7763718,23.617593],[83.7723522,23.6237804],[83.759449,23.6260107],[83.7553863,23.6346959],[83.7519193,23.6386656],[83.753213,23.6433935],[83.760575,23.6478966],[83.7589283,23.6535105],[83.7462345,23.662989],[83.7388528,23.6667676],[83.7300066,23.6758384],[83.7236049,23.6838775],[83.724934,23.6906816],[83.7321158,23.6950019],[83.7350702,23.7003065],[83.7410498,23.7025709],[83.7440628,23.7086886],[83.746068,23.7194949],[83.7400642,23.7323521],[83.7391052,23.7492132],[83.737736,23.7604897],[83.7305532,23.7666536],[83.7243057,23.7687227],[83.7212713,23.7724476],[83.7231158,23.7837289],[83.7220484,23.7879738],[83.7135954,23.7997127],[83.7055016,23.8033745],[83.7043903,23.8066078],[83.7076381,23.8174139],[83.7025941,23.8229721],[83.6914931,23.8264152],[83.6840697,23.8194348],[83.67798,23.8224975],[83.67434,23.8271738],[83.6647796,23.8274813],[83.6638926,23.8322529],[83.6684876,23.8366649],[83.6665566,23.8442829],[83.661537,23.8483965],[83.6560827,23.8499472],[83.6463356,23.846776],[83.630784,23.8503701],[83.6174074,23.8555529],[83.6121948,23.8538144],[83.591518,23.8627855],[83.5857694,23.863912],[83.5746575,23.8612113],[83.5689215,23.8666949],[83.5744186,23.8732678],[83.5809157,23.8754061],[83.5860341,23.8826107],[83.5853768,23.8870889],[83.5790786,23.8919107],[83.5704262,23.8944514],[83.5628528,23.8925502],[83.5578563,23.8933766],[83.5534441,23.8980682],[83.5469193,23.9143045],[83.5488296,23.9266073],[83.5488709,23.9339065],[83.5460033,23.9394984],[83.541799,23.94294],[83.5369697,23.9506616],[83.5283936,23.9582441],[83.5244945,23.9641729],[83.5226015,23.9703275],[83.5175325,23.9759229],[83.5151739,23.9814803],[83.5143855,23.9983498],[83.5229294,24.0063618],[83.5238684,24.0123168],[83.5164148,24.0219996],[83.5161651,24.026726],[83.5082628,24.0311578],[83.4997501,24.0325589],[83.4935334,24.0363084],[83.4778092,24.0411945],[83.4705511,24.04198],[83.4528894,24.0419904],[83.4448688,24.0528197],[83.4377735,24.0581674],[83.4367974,24.0628474],[83.4386181,24.0713594],[83.4372828,24.0779235],[83.4322474,24.0859808],[83.4267148,24.0864797],[83.4212247,24.0827205],[83.4066442,24.0804442],[83.4030158,24.0857391],[83.4011069,24.092031],[83.3882891,24.0999615],[83.3829725,24.1001176],[83.3642422,24.1032854],[83.3544944,24.1001994],[83.349341,24.0963009],[83.3362107,24.0988204],[83.3270307,24.1023509],[83.3227761,24.1062771],[83.3192144,24.1025989],[83.3178847,24.0965616],[83.3056042,24.0796372],[83.2995103,24.0777193],[83.2947307,24.0717143],[83.2874047,24.0551113],[83.2821125,24.0497342],[83.2840017,24.0395274],[83.2827992,24.028822],[83.2791098,24.0182747],[83.2727502,24.0181741],[83.2636336,24.0092396],[83.2597595,24.0094665],[83.2551624,24.0145291],[83.2497389,24.014631],[83.2425857,24.0115857],[83.241139,24.0052962],[83.2424822,23.9976479],[83.2346115,23.9963849],[83.2291362,23.9877863],[83.2239598,23.9869716],[83.226525,23.9769488],[83.2213336,23.974374],[83.2186121,23.9689761],[83.2228216,23.9621953],[83.2231284,23.9581456],[83.2197922,23.9485953],[83.2152924,23.9448206],[83.2164209,23.9391329],[83.2084584,23.9305682],[83.2039876,23.9290758],[83.2079186,23.9213948],[83.1984347,23.9140641],[83.1812904,23.9150954],[83.1753749,23.9125047],[83.1716689,23.90811],[83.1629897,23.9087451],[83.1542157,23.9040419],[83.1538373,23.8967347],[83.148221,23.8932903],[83.1475855,23.8889838],[83.141483,23.8849197],[83.1256848,23.8827898],[83.1116651,23.8790564],[83.1041985,23.8755853],[83.0913767,23.8715466],[83.0750481,23.8701179],[83.0719378,23.8738775],[83.0621434,23.8739382],[83.0542509,23.8792975],[83.0400369,23.8786489],[83.0353068,23.8796456],[83.0187119,23.8794655],[83.0012465,23.8767891],[82.9959512,23.8725206],[82.9808974,23.8739989],[82.9762394,23.8720148],[82.9542819,23.8708228],[82.9467392,23.8719821],[82.9366248,23.8770683],[82.9306514,23.8894572],[82.9256897,23.8931869],[82.9116979,23.8974975],[82.9051571,23.8978872],[82.8894101,23.9072419],[82.8847118,23.9088399],[82.877251,23.9177856],[82.8666524,23.9247489],[82.8643057,23.928259],[82.8611063,23.9389271],[82.8582786,23.9392594],[82.8533461,23.9454731],[82.8486462,23.9453508],[82.8411164,23.9506619],[82.8369868,23.9568043],[82.8276024,23.9621769],[82.8126116,23.9598694],[82.8012939,23.9609713],[82.7986424,23.951194],[82.7900173,23.9459982],[82.7869819,23.9416369],[82.7782435,23.9371274],[82.770344,23.9369908],[82.7554865,23.9338064],[82.7562304,23.9262624],[82.7523838,23.9197898],[82.7341527,23.9198503],[82.7333386,23.9212052],[82.7150011,23.9213887],[82.7108479,23.9236754],[82.7035064,23.9244874],[82.6972763,23.9196104],[82.6931238,23.9189396],[82.6947521,23.9144831],[82.69271,23.9053887],[82.7060607,23.8907226],[82.7168855,23.8921002],[82.7332781,23.8920621],[82.7371106,23.8906021],[82.7431104,23.8811714],[82.7521828,23.8791669],[82.7704726,23.877478],[82.7733533,23.8669819],[82.7782558,23.8566026],[82.7826356,23.8413486],[82.7828194,23.8320378],[82.7808323,23.8242103],[82.7818456,23.8177719],[82.784925,23.8150742],[82.7941356,23.8150292],[82.799393,23.8135202],[82.8012406,23.8179145],[82.8172049,23.8158641],[82.8161752,23.8114898],[82.8254775,23.8079114],[82.8289898,23.8009794],[82.833795,23.7982328],[82.8296292,23.7911918],[82.8354167,23.7905745],[82.8363924,23.7801529],[82.8437598,23.7799393],[82.8449106,23.7744853],[82.8419904,23.7724311],[82.8449671,23.7671587],[82.8528135,23.7690877],[82.8611963,23.7825047],[82.8598444,23.7949316],[82.8629537,23.7981692],[82.87404,23.7971779],[82.8852037,23.7989192],[82.8881965,23.7957745],[82.9013786,23.7967084],[82.9158878,23.8013495],[82.9198879,23.7955269],[82.9132888,23.79006],[82.9088709,23.7910352],[82.9037097,23.7867696],[82.9022823,23.7822796],[82.9087344,23.7737987],[82.9172225,23.7764796],[82.919854,23.772911],[82.9317041,23.7674297],[82.9474526,23.7668507],[82.9584673,23.7687125],[82.9642397,23.7675407],[82.9677128,23.7705463],[82.9941394,23.7676809],[83.0008918,23.7789562],[82.9984248,23.7890974],[82.9992116,23.7920463],[83.0082839,23.795715],[83.01001,23.8031953],[83.0184052,23.8024302],[83.0267706,23.7991595],[83.0301582,23.7907819],[83.0306996,23.7836074],[83.0355711,23.778888],[83.0480072,23.779329],[83.0555525,23.7811901],[83.0644388,23.7850534],[83.0737577,23.7812846],[83.0644294,23.7688555],[83.065904,23.760727],[83.0685207,23.7547282],[83.0816315,23.7505192],[83.0929544,23.7291436],[83.1032134,23.7288951],[83.1074966,23.7230488],[83.1132515,23.7216635],[83.1324277,23.7095477],[83.1510353,23.7096867],[83.1582083,23.7029888],[83.1636074,23.7025068],[83.1743053,23.7091722],[83.1814602,23.7092328],[83.1962599,23.7224225],[83.2061687,23.7228119],[83.2127036,23.7103206],[83.2104803,23.7079097],[83.2102453,23.6993146],[83.2023644,23.6833189],[83.2015471,23.6609205],[83.2080686,23.6580304],[83.2097688,23.6540654],[83.2023008,23.6193908],[83.2019673,23.6120066],[83.2073406,23.6125286],[83.2119118,23.6092425],[83.2099707,23.6052981],[83.2003071,23.5954023],[83.2104516,23.5894002],[83.2104595,23.584525],[83.1991915,23.5723028],[83.2009838,23.556718],[83.2098228,23.5560429],[83.2156821,23.5616281],[83.2288218,23.5618229],[83.22681,23.5711734],[83.2232843,23.5750174],[83.2272219,23.5781526],[83.2379568,23.5781523],[83.2515046,23.5752584],[83.2545477,23.5807142],[83.2581452,23.5799298],[83.2727757,23.5807834],[83.2791184,23.577358],[83.2785158,23.5676315],[83.2735581,23.5562425],[83.2691737,23.5510111],[83.2632962,23.5489552],[83.2518585,23.5471071],[83.248469,23.5434767],[83.2371451,23.5416767],[83.2387038,23.5320323],[83.2388183,23.5154584],[83.2631217,23.5166577],[83.2663506,23.515296],[83.277373,23.5167623],[83.2816732,23.5157787],[83.295563,23.5181642],[83.3039813,23.511574],[83.3096496,23.5153056],[83.3091944,23.5208434],[83.3199191,23.5187468],[83.3230594,23.5208995],[83.3330956,23.5237139],[83.3328706,23.516951],[83.341575,23.5168948],[83.3393711,23.5072525],[83.3324078,23.4993169],[83.3224266,23.4979516],[83.3112421,23.5005589],[83.3055232,23.4998497],[83.3024034,23.4953932],[83.3043788,23.4916401],[83.3007225,23.4824885],[83.2965829,23.4766737],[83.2957836,23.4724777],[83.2980194,23.4662219],[83.2848917,23.4642824],[83.2824099,23.4601145],[83.293575,23.4598578],[83.2987899,23.4572337],[83.3048773,23.4581025],[83.3100107,23.4633763],[83.3215608,23.4630464],[83.3334723,23.4613576],[83.3361405,23.4660119],[83.3404158,23.4679873],[83.3441376,23.4649047],[83.3400943,23.4557386],[83.3415838,23.452601],[83.3399054,23.4456942],[83.3431133,23.439278],[83.3473703,23.4413411],[83.3558442,23.4409898],[83.3531529,23.4278188],[83.3508067,23.4247319],[83.3427739,23.4301771],[83.3372559,23.4322406],[83.3370092,23.4360667],[83.3258839,23.4403105],[83.3189965,23.440641],[83.3104648,23.4390666],[83.3074871,23.4400878],[83.3069395,23.4469003],[83.3021783,23.4469763],[83.299279,23.439328],[83.2949241,23.440501],[83.2880011,23.4392811],[83.2855343,23.4283043],[83.2967645,23.4297055],[83.3013463,23.4324653],[83.3044623,23.4294528],[83.3066871,23.4179881],[83.3051873,23.4041634],[83.3124511,23.3991392],[83.3150406,23.3949586],[83.3209078,23.3972236],[83.3315808,23.397552],[83.3310298,23.3923689],[83.3350664,23.3878147],[83.3327989,23.3817733],[83.3280621,23.3747019],[83.3215576,23.3744831],[83.3135718,23.3838348],[83.3067902,23.3892632],[83.3013282,23.376957],[83.2969739,23.3781913],[83.2823509,23.3871532],[83.2691293,23.3916391],[83.2648597,23.3891413],[83.2544921,23.3953438],[83.2480922,23.3975565],[83.2411921,23.4051511],[83.2319062,23.4034104],[83.2299328,23.3946803],[83.2164435,23.389226],[83.20704,23.3769421],[83.2068863,23.3656418],[83.2089315,23.3595142],[83.2052225,23.3558231],[83.2027727,23.3392958],[83.2043849,23.3369518],[83.2051645,23.3249996],[83.2092509,23.3158743],[83.2118978,23.3042563],[83.2145136,23.3000075],[83.2098542,23.2676719],[83.1988127,23.2676299],[83.206934,23.2606866],[83.2076663,23.2474632],[83.2146232,23.2430027],[83.222209,23.2404337],[83.233822,23.2339608],[83.24722,23.2361858],[83.2640815,23.2335608],[83.2776817,23.2152663],[83.287276,23.2143193],[83.2959117,23.2069827],[83.3121084,23.1971837],[83.3197953,23.1871049],[83.3297217,23.1794689],[83.3404359,23.1800179],[83.3480693,23.1780283],[83.3540767,23.172819],[83.3604089,23.186432],[83.3573705,23.1921575],[83.36136,23.1989022],[83.3595722,23.2010736],[83.367677,23.2131661],[83.3672848,23.21639],[83.3546372,23.2133941],[83.3531414,23.2201842],[83.372007,23.2295449],[83.3701894,23.2384887],[83.3759789,23.2392202],[83.3846564,23.2463759],[83.3837186,23.2500329],[83.3731381,23.2524861],[83.3652912,23.2570012],[83.3646893,23.2610896],[83.3681785,23.264338],[83.3855134,23.2692968],[83.3946322,23.2698602],[83.412535,23.2613014],[83.4224037,23.2556777],[83.4275776,23.2542132],[83.443763,23.2584644],[83.4568605,23.2537717],[83.4652769,23.2572254],[83.4770794,23.258306],[83.4797438,23.2486444],[83.4925285,23.2457704],[83.5100078,23.2471521],[83.5212876,23.2444336],[83.5166202,23.2347395],[83.5267087,23.2322107],[83.5289809,23.2213339],[83.5276028,23.2159434],[83.5314091,23.2071606],[83.5314793,23.2013375],[83.5452782,23.2051072],[83.545829,23.1975491],[83.5442038,23.1937564],[83.5450302,23.1875002],[83.5543587,23.175044],[83.563756,23.1761909],[83.5693322,23.174878],[83.5706427,23.1839642],[83.568011,23.187796],[83.5749437,23.1941377],[83.5892527,23.1922671],[83.5964783,23.1921871],[83.601579,23.1902256],[83.6064449,23.1934873],[83.6078734,23.1987905],[83.6123219,23.2049245],[83.6188113,23.2174284],[83.6266524,23.2218799],[83.6344074,23.2194045],[83.636436,23.2217759],[83.6540396,23.2294791],[83.6633703,23.2296146],[83.6726467,23.2315658],[83.6892757,23.225059],[83.700788,23.2249869],[83.6999515,23.2171493],[83.7022586,23.2109413],[83.7127131,23.2100638],[83.7231568,23.2141417],[83.7207474,23.2174291],[83.7198579,23.2242217],[83.7267904,23.2338112],[83.7370298,23.2361206],[83.7436651,23.2422687],[83.7480316,23.2435646],[83.7591826,23.2364916],[83.7624744,23.2319114],[83.7667738,23.231639],[83.7749961,23.2247864],[83.7819707,23.2267185],[83.7849865,23.2391089],[83.7894979,23.2514188],[83.8116067,23.2428465],[83.82299,23.2445212],[83.8285754,23.2421436],[83.8397133,23.2338165],[83.8442081,23.2286422],[83.8542939,23.2273001],[83.858558,23.2204172],[83.8660267,23.2143793],[83.8744578,23.2135804],[83.8803926,23.2099729],[83.8831958,23.203485],[83.8836607,23.1903128],[83.8851095,23.1883105],[83.9001715,23.1833507],[83.9066616,23.1849083],[83.914711,23.1742555],[83.9197506,23.1742405],[83.9266239,23.167913],[83.9285235,23.1559435],[83.926085,23.1506168],[83.9351032,23.1512863],[83.9441764,23.1541811],[83.9439918,23.1654954],[83.9485347,23.1686312],[83.9560117,23.1702935],[83.9636045,23.1767456],[83.9631777,23.1845402],[83.9675766,23.1905554],[83.9744136,23.1908057],[83.9862111,23.195468],[83.9934261,23.1917694],[83.9981907,23.1925037],[83.999352,23.1857309],[84.0111178,23.1857069],[84.0171106,23.1898164],[84.0217446,23.1878428],[84.0237299,23.1834034],[84.0320208,23.1778685],[84.0382905,23.1710858]]]},"properties":{"OBJECTID":41,"dtname":"Balrampur","stname":"CHHATTISGARH","stcode11":"22","dtcode11":"716","year_stat":"2011_c","dist_lgd":649,"state_lgd":22,"remarks":" ","Dist":"Balrampur","InPoly_FID":809,"SimPgnFlag":0,"MaxSimpTol":100,"MinSimpTol":100,"SHAPE_Length":741444.933046456,"SHAPE_Area":7528805883.412914}},
{"type":"Feature","geometry":{"type":"Polygon","coordinates":[[[83.5543587,23.175044],[83.5450302,23.1875002],[83.5442038,23.1937564],[83.545829,23.1975491],[83.5452782,23.2051072],[83.5314793,23.2013375],[83.5314091,23.2071606],[83.5276028,23.2159434],[83.5289809,23.2213339],[83.5267087,23.2322107],[83.5166202,23.2347395],[83.5212876,23.2444336],[83.5100078,23.2471521],[83.4925285,23.2457704],[83.4797438,23.2486444],[83.4770794,23.258306],[83.4652769,23.2572254],[83.4568605,23.2537717],[83.443763,23.2584644],[83.4275776,23.2542132],[83.4224037,23.2556777],[83.412535,23.2613014],[83.3946322,23.2698602],[83.3855134,23.2692968],[83.3681785,23.264338],[83.3646893,23.2610896],[83.3652912,23.2570012],[83.3731381,23.2524861],[83.3837186,23.2500329],[83.3846564,23.2463759],[83.3759789,23.2392202],[83.3701894,23.2384887],[83.372007,23.2295449],[83.3531414,23.2201842],[83.3546372,23.2133941],[83.3672848,23.21639],[83.367677,23.2131661],[83.3595722,23.2010736],[83.36136,23.1989022],[83.3573705,23.1921575],[83.3604089,23.186432],[83.3540767,23.172819],[83.3480693,23.1780283],[83.3404359,23.1800179],[83.3297217,23.1794689],[83.3197953,23.1871049],[83.3121084,23.1971837],[83.2959117,23.2069827],[83.287276,23.2143193],[83.2776817,23.2152663],[83.2640815,23.2335608],[83.24722,23.2361858],[83.2435117,23.2249467],[83.2430432,23.2199762],[83.2364277,23.2185408],[83.2203613,23.2186734],[83.2151368,23.222329],[83.2087958,23.2140117],[83.2013141,23.2086925],[83.1971917,23.2089157],[83.1924271,23.2047732],[83.1849141,23.2138421],[83.1766772,23.2177161],[83.1790247,23.2298716],[83.1753574,23.2306873],[83.1688022,23.2208937],[83.1641017,23.2200826],[83.1639294,23.2149413],[83.1529189,23.2138962],[83.1433988,23.2159655],[83.1378348,23.2142053],[83.1359631,23.2040651],[83.1327964,23.1782539],[83.1356871,23.1742083],[83.1587783,23.1665794],[83.1491573,23.1583777],[83.154483,23.1525435],[83.159414,23.1512693],[83.1601763,23.1351285],[83.1543472,23.1347911],[83.1567231,23.1278647],[83.1535366,23.1108217],[83.1517694,23.1089349],[83.1385124,23.1065752],[83.1281454,23.1086391],[83.1236695,23.1225585],[83.1245628,23.1282202],[83.1234107,23.1348481],[83.1162439,23.1376155],[83.1088965,23.1377414],[83.1008037,23.1289724],[83.0877843,23.1291325],[83.0843675,23.1274295],[83.0499379,23.1266766],[83.0380459,23.1273613],[83.0277326,23.125134],[83.0302673,23.1163721],[83.0315236,23.1067922],[83.0341069,23.1047304],[83.0289918,23.0979731],[83.0199582,23.0975385],[83.0164912,23.0936985],[83.0121916,23.0936097],[83.0067564,23.0861968],[82.9995937,23.0741771],[82.9958857,23.07085],[82.9896808,23.0727208],[82.9814847,23.0725899],[82.9746866,23.0678234],[82.9654391,23.0713078],[82.9630124,23.0746696],[82.9662376,23.0824001],[82.964357,23.0860557],[82.9583664,23.0892484],[82.956628,23.0957794],[82.9500386,23.0957816],[82.940691,23.0893251],[82.9396976,23.0951547],[82.9347881,23.0973643],[82.9301873,23.1062318],[82.9222203,23.1107885],[82.9237532,23.1148748],[82.9136812,23.1167227],[82.8955917,23.1092721],[82.8638047,23.1091993],[82.8641238,23.1065055],[82.8554571,23.0933619],[82.8490406,23.0788547],[82.8419687,23.0838595],[82.8409781,23.0793376],[82.8366725,23.0794821],[82.8362853,23.065937],[82.8408892,23.0630121],[82.8512739,23.0663157],[82.8701377,23.0705897],[82.8797631,23.0686774],[82.8839517,23.0702373],[82.8913065,23.0680494],[82.8948255,23.0712259],[82.9028266,23.070191],[82.9067817,23.0790709],[82.919887,23.0814355],[82.9258788,23.0773173],[82.9245842,23.0576827],[82.9245364,23.0472533],[82.9209732,23.0420531],[82.8993652,23.0370329],[82.8992705,23.0258494],[82.8912223,23.0298507],[82.8806514,23.0264743],[82.872632,23.0220452],[82.8604521,23.0224058],[82.8509607,23.0171448],[82.8309727,23.0152894],[82.8315659,23.0058759],[82.8348395,23.0024905],[82.8462519,23.0028135],[82.8504123,23.0017306],[82.8534215,22.9948498],[82.8522234,22.986955],[82.8413608,22.9732756],[82.8359759,22.9653014],[82.831999,22.9627776],[82.8251697,22.9526432],[82.8219979,22.9406933],[82.8080948,22.9438466],[82.806375,22.9417683],[82.7985998,22.942097],[82.7927706,22.9326734],[82.7934343,22.9228619],[82.7912719,22.9147518],[82.7884279,22.9098595],[82.7931845,22.895516],[82.7953579,22.8860517],[82.7884343,22.8703397],[82.780265,22.8702511],[82.778221,22.8683011],[82.7698303,22.8703945],[82.7723705,22.8633429],[82.76912,22.8549711],[82.7557976,22.8435586],[82.7648479,22.8324581],[82.7622365,22.8242281],[82.7631448,22.8201972],[82.7597996,22.8162472],[82.7643292,22.810371],[82.7637342,22.8026498],[82.75741,22.7954727],[82.7648741,22.7913643],[82.768122,22.7878941],[82.7651576,22.7800906],[82.7794714,22.76778],[82.7887005,22.762998],[82.8167883,22.7512275],[82.8320131,22.7440867],[82.8385064,22.7460569],[82.8594139,22.7496994],[82.8635304,22.7518605],[82.8756101,22.7458803],[82.8806334,22.7367055],[82.8890289,22.7254127],[82.8932389,22.7244911],[82.9032633,22.7145744],[82.9129179,22.7103372],[82.920917,22.7050298],[82.92925,22.6967193],[82.9385079,22.6807775],[82.9409785,22.6783428],[82.9500069,22.6745732],[82.9593594,22.6684866],[82.9671274,22.6657822],[82.9823834,22.6644001],[82.9900127,22.6654513],[83.003157,22.6516255],[83.0089354,22.6494429],[83.0130273,22.6446597],[83.0137412,22.6386149],[83.0204823,22.6418238],[83.0248813,22.6462399],[83.039447,22.6521851],[83.048804,22.6617779],[83.0581196,22.6648708],[83.0650797,22.6690639],[83.0735935,22.6696333],[83.0781195,22.6684398],[83.0852787,22.669862],[83.0923545,22.6742103],[83.1146481,22.6714456],[83.1056764,22.6780717],[83.1016592,22.6824621],[83.1104765,22.6892636],[83.117767,22.6894025],[83.1249204,22.703274],[83.1204068,22.7061658],[83.1182075,22.7109195],[83.1150389,22.725497],[83.13116,22.731457],[83.1382873,22.7354427],[83.150421,22.7342888],[83.1529904,22.7371245],[83.1568017,22.7466188],[83.1549849,22.7586178],[83.1565431,22.7669876],[83.1616065,22.7728373],[83.178555,22.7794462],[83.1878155,22.7865247],[83.1913307,22.7828471],[83.1982114,22.7804803],[83.201273,22.7849599],[83.2134678,22.7878792],[83.2184983,22.7911951],[83.2181755,22.7804495],[83.2267508,22.7796946],[83.2319492,22.7818968],[83.2306773,22.77468],[83.2363817,22.7706588],[83.2417388,22.7735521],[83.2437218,22.7656448],[83.2474146,22.7618523],[83.2536872,22.7619875],[83.2547564,22.7662356],[83.259125,22.7677021],[83.267866,22.764533],[83.2748114,22.7656812],[83.2779102,22.7681624],[83.2864668,22.7695659],[83.3004775,22.7641829],[83.3081482,22.7584566],[83.3191269,22.7591217],[83.3198072,22.766096],[83.3322922,22.7598636],[83.3339696,22.7530333],[83.3400679,22.7498342],[83.34314,22.7447373],[83.343409,22.7359048],[83.3519712,22.7293799],[83.3559002,22.7307189],[83.3638101,22.7296576],[83.3698164,22.7353189],[83.3698264,22.7396265],[83.378717,22.7418634],[83.3857912,22.7389689],[83.3949002,22.7334664],[83.3990511,22.7266005],[83.393954,22.7184985],[83.3914624,22.7109693],[83.3925993,22.6977872],[83.3878742,22.6878342],[83.3829665,22.6910948],[83.3764488,22.6918189],[83.3766026,22.6854584],[83.3795546,22.6678564],[83.3848125,22.6528123],[83.3969474,22.6501072],[83.4055695,22.646544],[83.4042966,22.6409082],[83.4063377,22.6386829],[83.4133483,22.6379661],[83.4122533,22.641329],[83.4166129,22.6451629],[83.4107145,22.6532931],[83.4105769,22.6586221],[83.4172482,22.6586178],[83.4231127,22.6619828],[83.4284102,22.6617876],[83.4351351,22.667257],[83.432824,22.6736621],[83.4375775,22.6751793],[83.4491174,22.6743421],[83.4560136,22.6703555],[83.460809,22.6737075],[83.4638062,22.6695575],[83.4761118,22.6675956],[83.4833071,22.6651142],[83.4910847,22.6602029],[83.4980604,22.6610467],[83.506212,22.6596718],[83.5057645,22.6709368],[83.5103961,22.671053],[83.5248574,22.6756275],[83.5389907,22.6850633],[83.5484515,22.6956488],[83.5529975,22.6958286],[83.5667285,22.6891918],[83.5732547,22.6878773],[83.5796504,22.6819418],[83.5855334,22.6807017],[83.5966916,22.6745318],[83.6025739,22.6744424],[83.6109233,22.6720909],[83.6204157,22.6660547],[83.6292654,22.6650207],[83.644346,22.6567342],[83.6497448,22.6502452],[83.6515338,22.6441088],[83.6560462,22.6366083],[83.6578589,22.6299706],[83.6679834,22.6233896],[83.6730025,22.6228689],[83.674896,22.627257],[83.6811734,22.6348766],[83.6869414,22.643986],[83.6855134,22.6487094],[83.6905672,22.6681542],[83.685033,22.6735114],[83.6815085,22.6805563],[83.670241,22.6847725],[83.649612,22.6955231],[83.6435281,22.699443],[83.6375624,22.69911],[83.6353346,22.7039814],[83.6288658,22.7119225],[83.6303445,22.7277833],[83.6382155,22.7325604],[83.6435003,22.7322952],[83.6474065,22.747497],[83.6556431,22.7468725],[83.6550205,22.7552692],[83.6473276,22.7609553],[83.6513317,22.7638839],[83.6522044,22.7711482],[83.6579592,22.7753271],[83.6575735,22.7795544],[83.6518812,22.783557],[83.6542836,22.7913255],[83.6494969,22.803376],[83.6509326,22.8114825],[83.6457314,22.8170863],[83.6459452,22.8263649],[83.6386856,22.82491],[83.628758,22.8258837],[83.6206254,22.8302597],[83.6235386,22.8418697],[83.6085863,22.8445942],[83.5951952,22.8489594],[83.59558,22.8689843],[83.5858778,22.8688645],[83.5784026,22.8700481],[83.5784333,22.8728268],[83.5706922,22.8776055],[83.5716357,22.8812311],[83.5702275,22.8893337],[83.5656799,22.8895618],[83.5634579,22.8949858],[83.5575876,22.8945224],[83.553537,22.8978336],[83.5500706,22.9049208],[83.5406372,22.9126748],[83.533476,22.9145318],[83.5329586,22.9198002],[83.5238763,22.9277368],[83.5217472,22.9341873],[83.5147668,22.9357676],[83.5099573,22.9406512],[83.5065827,22.9494667],[83.503564,22.9527725],[83.5074141,22.9674785],[83.5117174,22.9748808],[83.5121461,22.9846236],[83.5228916,22.9932986],[83.5293381,22.9970074],[83.5315492,23.003718],[83.5420625,23.0155441],[83.5496893,23.0287528],[83.5503727,23.0333316],[83.5401484,23.0459841],[83.5244165,23.0590184],[83.5144594,23.0566266],[83.5002521,23.0634431],[83.5015224,23.0717206],[83.505835,23.0777908],[83.511265,23.0808889],[83.5085542,23.0862389],[83.5102233,23.0910433],[83.5218174,23.0959488],[83.5354443,23.1113353],[83.5355461,23.120291],[83.5563155,23.1250933],[83.5629437,23.1381905],[83.5625902,23.1478137],[83.5574525,23.1517575],[83.5546342,23.1566828],[83.5519426,23.1680174],[83.5543587,23.175044]]]},"properties":{"OBJECTID":338,"dtname":"Surguja","stname":"CHHATTISGARH","stcode11":"22","dtcode11":"401","year_stat":"2011_c","dist_lgd":389,"state_lgd":22,"remarks":" ","Dist":"Surguja","InPoly_FID":1106,"SimPgnFlag":0,"MaxSimpTol":100,"MinSimpTol":100,"SHAPE_Length":497185.0956811573,"SHAPE_Area":4750106820.652173}},
{"type":"Feature","geometry":{"type":"Polygon","coordinates":[[[83.24722,23.2361858],[83.233822,23.2339608],[83.222209,23.2404337],[83.2146232,23.2430027],[83.2076663,23.2474632],[83.206934,23.2606866],[83.1988127,23.2676299],[83.2098542,23.2676719],[83.2145136,23.3000075],[83.2118978,23.3042563],[83.2092509,23.3158743],[83.2051645,23.3249996],[83.2043849,23.3369518],[83.2027727,23.3392958],[83.2052225,23.3558231],[83.2089315,23.3595142],[83.2068863,23.3656418],[83.20704,23.3769421],[83.2164435,23.389226],[83.2299328,23.3946803],[83.2319062,23.4034104],[83.2411921,23.4051511],[83.2480922,23.3975565],[83.2544921,23.3953438],[83.2648597,23.3891413],[83.2691293,23.3916391],[83.2823509,23.3871532],[83.2969739,23.3781913],[83.3013282,23.376957],[83.3067902,23.3892632],[83.3135718,23.3838348],[83.3215576,23.3744831],[83.3280621,23.3747019],[83.3327989,23.3817733],[83.3350664,23.3878147],[83.3310298,23.3923689],[83.3315808,23.397552],[83.3209078,23.3972236],[83.3150406,23.3949586],[83.3124511,23.3991392],[83.3051873,23.4041634],[83.3066871,23.4179881],[83.3044623,23.4294528],[83.3013463,23.4324653],[83.2967645,23.4297055],[83.2855343,23.4283043],[83.2880011,23.4392811],[83.2949241,23.440501],[83.299279,23.439328],[83.3021783,23.4469763],[83.3069395,23.4469003],[83.3074871,23.4400878],[83.3104648,23.4390666],[83.3189965,23.440641],[83.3258839,23.4403105],[83.3370092,23.4360667],[83.3372559,23.4322406],[83.3427739,23.4301771],[83.3508067,23.4247319],[83.3531529,23.4278188],[83.3558442,23.4409898],[83.3473703,23.4413411],[83.3431133,23.439278],[83.3399054,23.4456942],[83.3415838,23.452601],[83.3400943,23.4557386],[83.3441376,23.4649047],[83.3404158,23.4679873],[83.3361405,23.4660119],[83.3334723,23.4613576],[83.3215608,23.4630464],[83.3100107,23.4633763],[83.3048773,23.4581025],[83.2987899,23.4572337],[83.293575,23.4598578],[83.2824099,23.4601145],[83.2848917,23.4642824],[83.2980194,23.4662219],[83.2957836,23.4724777],[83.2965829,23.4766737],[83.3007225,23.4824885],[83.3043788,23.4916401],[83.3024034,23.4953932],[83.3055232,23.4998497],[83.3112421,23.5005589],[83.3224266,23.4979516],[83.3324078,23.4993169],[83.3393711,23.5072525],[83.341575,23.5168948],[83.3328706,23.516951],[83.3330956,23.5237139],[83.3230594,23.5208995],[83.3199191,23.5187468],[83.3091944,23.5208434],[83.3096496,23.5153056],[83.3039813,23.511574],[83.295563,23.5181642],[83.2816732,23.5157787],[83.277373,23.5167623],[83.2663506,23.515296],[83.2631217,23.5166577],[83.2388183,23.5154584],[83.2387038,23.5320323],[83.2371451,23.5416767],[83.248469,23.5434767],[83.2518585,23.5471071],[83.2632962,23.5489552],[83.2691737,23.5510111],[83.2735581,23.5562425],[83.2785158,23.5676315],[83.2791184,23.577358],[83.2727757,23.5807834],[83.2581452,23.5799298],[83.2545477,23.5807142],[83.2515046,23.5752584],[83.2379568,23.5781523],[83.2272219,23.5781526],[83.2232843,23.5750174],[83.22681,23.5711734],[83.2288218,23.5618229],[83.2156821,23.5616281],[83.2098228,23.5560429],[83.2009838,23.556718],[83.1991915,23.5723028],[83.2104595,23.584525],[83.2104516,23.5894002],[83.2003071,23.5954023],[83.2099707,23.6052981],[83.2119118,23.6092425],[83.2073406,23.6125286],[83.2019673,23.6120066],[83.2023008,23.6193908],[83.2097688,23.6540654],[83.2080686,23.6580304],[83.2015471,23.6609205],[83.2023644,23.6833189],[83.2102453,23.6993146],[83.2104803,23.7079097],[83.2127036,23.7103206],[83.2061687,23.7228119],[83.1962599,23.7224225],[83.1814602,23.7092328],[83.1743053,23.7091722],[83.1636074,23.7025068],[83.1582083,23.7029888],[83.1510353,23.7096867],[83.1324277,23.7095477],[83.1132515,23.7216635],[83.1074966,23.7230488],[83.1032134,23.7288951],[83.0929544,23.7291436],[83.0816315,23.7505192],[83.0685207,23.7547282],[83.065904,23.760727],[83.0644294,23.7688555],[83.0737577,23.7812846],[83.0644388,23.7850534],[83.0555525,23.7811901],[83.0480072,23.779329],[83.0355711,23.778888],[83.0306996,23.7836074],[83.0301582,23.7907819],[83.0267706,23.7991595],[83.0184052,23.8024302],[83.01001,23.8031953],[83.0082839,23.795715],[82.9992116,23.7920463],[82.9984248,23.7890974],[83.0008918,23.7789562],[82.9941394,23.7676809],[82.9677128,23.7705463],[82.9642397,23.7675407],[82.9584673,23.7687125],[82.9474526,23.7668507],[82.9317041,23.7674297],[82.919854,23.772911],[82.9172225,23.7764796],[82.9087344,23.7737987],[82.9022823,23.7822796],[82.9037097,23.7867696],[82.9088709,23.7910352],[82.9132888,23.79006],[82.9198879,23.7955269],[82.9158878,23.8013495],[82.9013786,23.7967084],[82.8881965,23.7957745],[82.8852037,23.7989192],[82.87404,23.7971779],[82.8629537,23.7981692],[82.8598444,23.7949316],[82.8611963,23.7825047],[82.8528135,23.7690877],[82.8449671,23.7671587],[82.8419904,23.7724311],[82.8449106,23.7744853],[82.8437598,23.7799393],[82.8363924,23.7801529],[82.8354167,23.7905745],[82.8296292,23.7911918],[82.833795,23.7982328],[82.8289898,23.8009794],[82.8254775,23.8079114],[82.8161752,23.8114898],[82.8172049,23.8158641],[82.8012406,23.8179145],[82.799393,23.8135202],[82.7941356,23.8150292],[82.784925,23.8150742],[82.7818456,23.8177719],[82.7808323,23.8242103],[82.7828194,23.8320378],[82.7826356,23.8413486],[82.7782558,23.8566026],[82.7733533,23.8669819],[82.7704726,23.877478],[82.7521828,23.8791669],[82.7431104,23.8811714],[82.7371106,23.8906021],[82.7332781,23.8920621],[82.7168855,23.8921002],[82.7060607,23.8907226],[82.69271,23.9053887],[82.6947521,23.9144831],[82.6931238,23.9189396],[82.6881666,23.9096195],[82.680402,23.9071666],[82.6769115,23.9093032],[82.6731586,23.9060902],[82.6620272,23.9078268],[82.6576015,23.9025414],[82.6510584,23.8894779],[82.6512346,23.8867557],[82.6684478,23.8717908],[82.6596951,23.8546562],[82.6515717,23.8554839],[82.6463678,23.8501532],[82.6367225,23.8447595],[82.6391664,23.8416533],[82.6351808,23.8377666],[82.6305331,23.8388278],[82.6151619,23.835681],[82.604439,23.8321587],[82.5999544,23.826533],[82.590818,23.8220846],[82.5836097,23.8207059],[82.581808,23.8230123],[82.5731953,23.8240616],[82.5693741,23.8202997],[82.5647611,23.8207449],[82.5542519,23.8261985],[82.5467387,23.8261949],[82.5477074,23.8227553],[82.5393403,23.8230624],[82.5387951,23.8163671],[82.548442,23.8085486],[82.5507273,23.7934261],[82.5418091,23.7914894],[82.5381277,23.7942503],[82.52534,23.784094],[82.5153073,23.7844619],[82.5109692,23.7860163],[82.4974036,23.7849009],[82.4989042,23.7765989],[82.4976475,23.7696397],[82.4992327,23.7634366],[82.5034054,23.7596518],[82.5087786,23.7608762],[82.5148371,23.7561839],[82.5223695,23.7584587],[82.5251182,23.7574972],[82.5374694,23.7615911],[82.5405237,23.7578716],[82.5457233,23.756702],[82.5515763,23.7488526],[82.5508826,23.7439992],[82.5538528,23.7368924],[82.5664538,23.7328775],[82.5650929,23.7277213],[82.5706856,23.721543],[82.5774393,23.7172473],[82.5806639,23.7079528],[82.5851017,23.7058141],[82.5862996,23.7001667],[82.5953859,23.6930943],[82.5982071,23.6812622],[82.6016888,23.6740981],[82.601152,23.6603872],[82.5923129,23.6494378],[82.5935632,23.6468106],[82.5893939,23.6423763],[82.5806425,23.6396157],[82.5781562,23.6308025],[82.5744044,23.6264131],[82.5751621,23.6180162],[82.5795733,23.6136113],[82.5765672,23.6076827],[82.5785135,23.6039226],[82.5760754,23.5860982],[82.5781096,23.5804423],[82.5784321,23.5704647],[82.5825975,23.5633734],[82.5852306,23.5527827],[82.5801561,23.5465509],[82.5828104,23.5401199],[82.5923034,23.5306186],[82.6031177,23.5255447],[82.6051252,23.520245],[82.6139515,23.5127823],[82.6215393,23.5136413],[82.6286982,23.5096469],[82.6306806,23.5060024],[82.6417717,23.500558],[82.6434631,23.4840295],[82.6502166,23.4782453],[82.6469757,23.4737491],[82.652104,23.469202],[82.6508012,23.4646018],[82.6532475,23.4615494],[82.6524631,23.4547459],[82.6546631,23.4455174],[82.6531203,23.4387005],[82.6537251,23.4299825],[82.6564966,23.4190337],[82.6509853,23.40624],[82.6493097,23.3918067],[82.6501252,23.3849577],[82.6540081,23.3824062],[82.6644403,23.381993],[82.6674364,23.3756987],[82.6746824,23.3706806],[82.6967331,23.3696833],[82.7149341,23.3607482],[82.7228395,23.3647751],[82.7272507,23.3649393],[82.7386023,23.3607733],[82.7483461,23.3548173],[82.7500493,23.3471973],[82.7565776,23.3343512],[82.7519462,23.3206086],[82.7550079,23.3181256],[82.7568424,23.302636],[82.755931,23.2996187],[82.7490907,23.2979328],[82.7451277,23.29138],[82.7446144,23.2831723],[82.7460017,23.2766737],[82.7443774,23.2684673],[82.7577453,23.2637337],[82.7620288,23.2635018],[82.7718258,23.2580178],[82.7645672,23.2546705],[82.7631684,23.2570497],[82.7548739,23.2565892],[82.7446444,23.2512852],[82.7405597,23.2527015],[82.7289552,23.249527],[82.7265293,23.2463412],[82.7143582,23.2459874],[82.709681,23.2438139],[82.6962549,23.2441908],[82.6911594,23.2352627],[82.6884241,23.2262162],[82.6812978,23.2176181],[82.673491,23.2153949],[82.6641485,23.2065484],[82.6552371,23.1758856],[82.6490562,23.1569513],[82.6433726,23.1556067],[82.6433571,23.1499405],[82.6377711,23.1452681],[82.6357496,23.1409431],[82.6277576,23.1426907],[82.6213716,23.1423069],[82.6180126,23.1442437],[82.6077064,23.1433987],[82.5929598,23.1325742],[82.5827181,23.1315424],[82.5767978,23.1277167],[82.5781188,23.1190801],[82.5804334,23.1167149],[82.583185,23.1053923],[82.5866815,23.0986885],[82.5839998,23.0899019],[82.5837137,23.0837931],[82.5745779,23.0846574],[82.5698468,23.0785787],[82.5704736,23.0730121],[82.5864575,23.0621674],[82.5805379,23.0588608],[82.5774735,23.051767],[82.5848362,23.0502159],[82.5872226,23.0479229],[82.5900738,23.0397696],[82.5957778,23.0349442],[82.5942674,23.0262888],[82.6059505,23.0240512],[82.6057219,23.0195588],[82.6007091,23.010474],[82.5980096,23.0006018],[82.5926553,22.9975787],[82.582223,22.9973614],[82.5819288,22.9907388],[82.5868178,22.9818241],[82.5856665,22.9778788],[82.581003,22.9739635],[82.5748141,22.9654434],[82.5591817,22.9596301],[82.5594527,22.9556917],[82.5721292,22.9494406],[82.5719967,22.9418395],[82.5759801,22.936606],[82.5725921,22.927849],[82.5748357,22.9219483],[82.5725783,22.91653],[82.5746977,22.9123137],[82.5799402,22.9090627],[82.5880986,22.9083044],[82.5927246,22.9005537],[82.5911516,22.8944487],[82.5865949,22.8945744],[82.5793486,22.8977828],[82.5737197,22.8961316],[82.5771245,22.8906418],[82.5763968,22.8866995],[82.5711292,22.8773659],[82.5679923,22.8671331],[82.5634569,22.8649487],[82.5577952,22.8653044],[82.555846,22.8601349],[82.5567308,22.8471003],[82.561107,22.8434698],[82.5710496,22.8296446],[82.5983961,22.8325721],[82.6054112,22.8269567],[82.6098883,22.8274518],[82.6231068,22.8211638],[82.6274427,22.8209859],[82.6359489,22.8174536],[82.6389317,22.8113566],[82.651397,22.8089738],[82.6607283,22.8106017],[82.6668569,22.8154128],[82.6734572,22.8166429],[82.6805532,22.8243094],[82.6846254,22.8256592],[82.6946807,22.833208],[82.7127225,22.8337872],[82.728174,22.8235497],[82.7377431,22.8114053],[82.7504543,22.8037458],[82.75741,22.7954727],[82.7637342,22.8026498],[82.7643292,22.810371],[82.7597996,22.8162472],[82.7631448,22.8201972],[82.7622365,22.8242281],[82.7648479,22.8324581],[82.7557976,22.8435586],[82.76912,22.8549711],[82.7723705,22.8633429],[82.7698303,22.8703945],[82.778221,22.8683011],[82.780265,22.8702511],[82.7884343,22.8703397],[82.7953579,22.8860517],[82.7931845,22.895516],[82.7884279,22.9098595],[82.7912719,22.9147518],[82.7934343,22.9228619],[82.7927706,22.9326734],[82.7985998,22.942097],[82.806375,22.9417683],[82.8080948,22.9438466],[82.8219979,22.9406933],[82.8251697,22.9526432],[82.831999,22.9627776],[82.8359759,22.9653014],[82.8413608,22.9732756],[82.8522234,22.986955],[82.8534215,22.9948498],[82.8504123,23.0017306],[82.8462519,23.0028135],[82.8348395,23.0024905],[82.8315659,23.0058759],[82.8309727,23.0152894],[82.8509607,23.0171448],[82.8604521,23.0224058],[82.872632,23.0220452],[82.8806514,23.0264743],[82.8912223,23.0298507],[82.8992705,23.0258494],[82.8993652,23.0370329],[82.9209732,23.0420531],[82.9245364,23.0472533],[82.9245842,23.0576827],[82.9258788,23.0773173],[82.919887,23.0814355],[82.9067817,23.0790709],[82.9028266,23.070191],[82.8948255,23.0712259],[82.8913065,23.0680494],[82.8839517,23.0702373],[82.8797631,23.0686774],[82.8701377,23.0705897],[82.8512739,23.0663157],[82.8408892,23.0630121],[82.8362853,23.065937],[82.8366725,23.0794821],[82.8409781,23.0793376],[82.8419687,23.0838595],[82.8490406,23.0788547],[82.8554571,23.0933619],[82.8641238,23.1065055],[82.8638047,23.1091993],[82.8955917,23.1092721],[82.9136812,23.1167227],[82.9237532,23.1148748],[82.9222203,23.1107885],[82.9301873,23.1062318],[82.9347881,23.0973643],[82.9396976,23.0951547],[82.940691,23.0893251],[82.9500386,23.0957816],[82.956628,23.0957794],[82.9583664,23.0892484],[82.964357,23.0860557],[82.9662376,23.0824001],[82.9630124,23.0746696],[82.9654391,23.0713078],[82.9746866,23.0678234],[82.9814847,23.0725899],[82.9896808,23.0727208],[82.9958857,23.07085],[82.9995937,23.0741771],[83.0067564,23.0861968],[83.0121916,23.0936097],[83.0164912,23.0936985],[83.0199582,23.0975385],[83.0289918,23.0979731],[83.0341069,23.1047304],[83.0315236,23.1067922],[83.0302673,23.1163721],[83.0277326,23.125134],[83.0380459,23.1273613],[83.0499379,23.1266766],[83.0843675,23.1274295],[83.0877843,23.1291325],[83.1008037,23.1289724],[83.1088965,23.1377414],[83.1162439,23.1376155],[83.1234107,23.1348481],[83.1245628,23.1282202],[83.1236695,23.1225585],[83.1281454,23.1086391],[83.1385124,23.1065752],[83.1517694,23.1089349],[83.1535366,23.1108217],[83.1567231,23.1278647],[83.1543472,23.1347911],[83.1601763,23.1351285],[83.159414,23.1512693],[83.154483,23.1525435],[83.1491573,23.1583777],[83.1587783,23.1665794],[83.1356871,23.1742083],[83.1327964,23.1782539],[83.1359631,23.2040651],[83.1378348,23.2142053],[83.1433988,23.2159655],[83.1529189,23.2138962],[83.1639294,23.2149413],[83.1641017,23.2200826],[83.1688022,23.2208937],[83.1753574,23.2306873],[83.1790247,23.2298716],[83.1766772,23.2177161],[83.1849141,23.2138421],[83.1924271,23.2047732],[83.1971917,23.2089157],[83.2013141,23.2086925],[83.2087958,23.2140117],[83.2151368,23.222329],[83.2203613,23.2186734],[83.2364277,23.2185408],[83.2430432,23.2199762],[83.2435117,23.2249467],[83.24722,23.2361858]]]},"properties":{"OBJECTID":337,"dtname":"Surajpur","stname":"CHHATTISGARH","stcode11":"22","dtcode11":"715","year_stat":"update2014","dist_lgd":648,"state_lgd":22,"remarks":" ","Dist":"Surajpur","InPoly_FID":1105,"SimPgnFlag":0,"MaxSimpTol":100,"MinSimpTol":100,"SHAPE_Length":673861.4904103057,"SHAPE_Area":6473421792.030081}},
{"type":"Feature","geometry":{"type":"Polygon","coordinates":[[[83.3161736,21.6820042],[83.3034094,21.6814393],[83.2895025,21.6851447],[83.2782876,21.6866333],[83.257501,21.6941881],[83.2480013,21.6955361],[83.2393659,21.7004824],[83.2289834,21.70258],[83.2199983,21.7066586],[83.2140983,21.7068154],[83.19643,21.7130873],[83.183262,21.7139911],[83.1746421,21.7175387],[83.16143,21.7185176],[83.1453084,21.7184256],[83.1275535,21.7204002],[83.1150368,21.7203819],[83.0936962,21.7180402],[83.0812432,21.7156667],[83.0750324,21.7189749],[83.0556899,21.7338291],[83.0449572,21.7397217],[83.0343556,21.7430669],[83.0209769,21.7426572],[83.010447,21.7399319],[82.9981367,21.732631],[82.9849701,21.7265479],[82.9746113,21.7237863],[82.9626104,21.7219417],[82.9488915,21.7242153],[82.9399794,21.7235011],[82.9158064,21.7085303],[82.9082618,21.7027114],[82.894011,21.6954479],[82.871427,21.6931325],[82.8663246,21.6943109],[82.8522535,21.7001213],[82.8343919,21.7091945],[82.8151615,21.7155016],[82.808206,21.7188496],[82.7918665,21.7236895],[82.7864077,21.7240596],[82.7641689,21.7218606],[82.7481717,21.7227388],[82.7390386,21.7243575],[82.7181712,21.7254905],[82.700078,21.7274189],[82.6912385,21.7270343],[82.6832581,21.7238628],[82.6751461,21.7165591],[82.6659868,21.710881],[82.6605921,21.7095856],[82.6620461,21.7021712],[82.6539422,21.6995537],[82.6490067,21.687886],[82.6430924,21.6838091],[82.6421398,21.6776452],[82.637236,21.6757988],[82.6356364,21.6710935],[82.629549,21.670206],[82.6314683,21.6447191],[82.6127395,21.6454156],[82.6112234,21.6410122],[82.6141264,21.6350582],[82.6147244,21.6277205],[82.6183774,21.6186844],[82.6158036,21.6140059],[82.6211061,21.6131888],[82.6266547,21.6099284],[82.6388186,21.6071461],[82.64681,21.6040204],[82.6520484,21.5994948],[82.6639472,21.6031276],[82.6640858,21.5979164],[82.6614526,21.5914414],[82.6698921,21.5897504],[82.6707789,21.5848506],[82.6641723,21.5787515],[82.6628388,21.574927],[82.6680609,21.5693578],[82.6669539,21.5642869],[82.6587219,21.559493],[82.6600269,21.5467041],[82.6639685,21.5391258],[82.6710713,21.5326889],[82.6756462,21.5172527],[82.6775166,21.5075771],[82.6757796,21.4987014],[82.6908235,21.484968],[82.7037068,21.4864798],[82.7080597,21.488013],[82.7115301,21.4900568],[82.7256345,21.4913224],[82.7388734,21.4959967],[82.7421628,21.5008047],[82.752148,21.5116542],[82.7588879,21.5137769],[82.7610567,21.5174542],[82.767978,21.5227513],[82.7734759,21.5213458],[82.7839487,21.5130924],[82.7943701,21.5087446],[82.8019887,21.5109698],[82.8148547,21.5093898],[82.8253136,21.5045026],[82.8284155,21.5073439],[82.8291949,21.5150255],[82.8207387,21.5314379],[82.8282592,21.5286584],[82.8317334,21.5310572],[82.8354722,21.5372222],[82.8356401,21.5411238],[82.8483581,21.5434971],[82.8600093,21.5502768],[82.8751034,21.5565226],[82.881094,21.5548833],[82.8969435,21.5357486],[82.8986509,21.5290695],[82.9036112,21.5227286],[82.9072474,21.5110501],[82.9164889,21.4949714],[82.9216598,21.4898175],[82.9321707,21.4948493],[82.9387336,21.4961114],[82.9459655,21.4938008],[82.9531085,21.4971573],[82.9594896,21.4924488],[82.9634469,21.4856234],[82.9653925,21.4719484],[82.9687121,21.472502],[82.977043,21.4781419],[82.9869929,21.4674421],[82.9986159,21.4596855],[83.0052727,21.4602232],[83.0087216,21.4666425],[83.0148541,21.4719212],[83.0158055,21.4901746],[83.0320965,21.4874479],[83.0400266,21.4826969],[83.0465886,21.4823027],[83.0493019,21.4787455],[83.0544773,21.4617096],[83.0514804,21.4445392],[83.0568603,21.440843],[83.0590473,21.4364093],[83.0706774,21.4333653],[83.0884363,21.4333701],[83.0926382,21.4292479],[83.1005676,21.4270771],[83.1074112,21.4288888],[83.1226231,21.4226036],[83.1236744,21.4157079],[83.1181284,21.4165162],[83.1142803,21.4116569],[83.1178735,21.40277],[83.1300445,21.3983083],[83.1326576,21.3917286],[83.1307574,21.3789126],[83.1405534,21.3706706],[83.1425054,21.3657345],[83.1506384,21.3660902],[83.1531279,21.3754332],[83.1657044,21.3849364],[83.1739124,21.3898926],[83.1792691,21.4021334],[83.1894266,21.3957534],[83.1907439,21.3872179],[83.194191,21.3863314],[83.2014882,21.3995958],[83.2169308,21.3956818],[83.2205061,21.3917465],[83.2218265,21.383152],[83.2363476,21.3814586],[83.2442612,21.3833723],[83.2605289,21.3808631],[83.2687284,21.3785899],[83.2724785,21.3798304],[83.2840506,21.3803279],[83.2860569,21.3776051],[83.3011218,21.3742974],[83.3119176,21.3705189],[83.3229721,21.3623976],[83.3303801,21.3617936],[83.3448995,21.3580066],[83.3587032,21.3517047],[83.3666576,21.3494617],[83.3696123,21.3468015],[83.3797372,21.3447034],[83.3852187,21.3463323],[83.3902077,21.3428346],[83.3999806,21.3463928],[83.4068802,21.3516258],[83.407757,21.3616269],[83.3977979,21.3659547],[83.3971982,21.3696743],[83.4005094,21.3758798],[83.3972032,21.3880309],[83.3989903,21.3962222],[83.3989271,21.4053427],[83.3928999,21.4082416],[83.3852922,21.4153749],[83.3758692,21.4280598],[83.375731,21.4323282],[83.371425,21.4368137],[83.3724628,21.4434311],[83.3543715,21.4480705],[83.3503239,21.4630128],[83.347312,21.4688881],[83.3457367,21.47924],[83.3465026,21.490304],[83.3413212,21.4942007],[83.3378826,21.5021002],[83.3432397,21.5097543],[83.3496209,21.5126489],[83.3519624,21.5208327],[83.3570926,21.5280832],[83.3573103,21.5347032],[83.3601443,21.5428483],[83.3692792,21.5519836],[83.3722088,21.5627494],[83.3651112,21.5762364],[83.3689461,21.584999],[83.3678852,21.5918854],[83.3705098,21.594769],[83.3696571,21.6005058],[83.3801369,21.6081258],[83.3830424,21.6142557],[83.382217,21.6192833],[83.3900312,21.6185391],[83.3927451,21.6273667],[83.4038416,21.63122],[83.4099464,21.6377183],[83.4155396,21.641005],[83.4240541,21.6419553],[83.4286048,21.6469765],[83.4428374,21.6554041],[83.4506376,21.6508965],[83.4461776,21.6426164],[83.4431838,21.6340952],[83.4441843,21.6238235],[83.4524695,21.6224149],[83.452335,21.6127199],[83.4610188,21.6078016],[83.4664763,21.6099283],[83.4735562,21.6324946],[83.4882749,21.6300718],[83.4914793,21.6384339],[83.4870132,21.6401349],[83.4866126,21.6441297],[83.4686011,21.6491633],[83.4448356,21.6593429],[83.4353374,21.6706153],[83.4278376,21.676725],[83.4186934,21.6806539],[83.4074241,21.6813519],[83.3974285,21.6842211],[83.3774697,21.6849271],[83.3670963,21.6868506],[83.3464276,21.6832719],[83.3407173,21.6812659],[83.3348566,21.6821091],[83.3161736,21.6820042]]]},"properties":{"OBJECTID":763,"dtname":"Sarangarh Bilaigarh","stname":"CHHATTISGARH","stcode11":"22","dtcode11":"825","year_stat":"2022","dist_lgd":763,"state_lgd":22,"remarks":" ","Dist":"Sarangarh Bilaigarh","InPoly_FID":1531,"SimPgnFlag":0,"MaxSimpTol":100,"MinSimpTol":100,"SHAPE_Length":335002.3218991534,"SHAPE_Area":2554294669.2501435}}
]}